{
    "name": "Eternal Ritual",
    "icon": "betterend:eternal_pedestal",
    "read_by_default": true,
    "category": "betterend:rituals",
    "pages": [
        {
            "type": "text",
            "text": "\"A not so simple way to return to the Overworld.\"$(br2)While traveling around the world of the End, you can come across ancient ruins."
        },
        {
            "type": "image",
            "text": "There is a destroyed (or not) frame of  $(bold)Runed Flavolite$() and six pedestals around it.",
            "border": false,
            "images": [
                "betterend:textures/images/eternal_ritual/portal_structure.png"
            ]
        },
        {
            "type": "text",
            "text": "These are the remains of the majestic portals that once linked the worlds of the End and Overworld.$(br2)To activate the portal you need to recover frame (if it's broken)."
        },
        {
            "type": "image",
            "text": "And place 6 $(bold)Eternal Crystals$() to pedestals.",
            "border": false,
            "images": [
                "betterend:textures/images/eternal_ritual/portal_frame_full.png"
            ]
        },
        {
            "type": "image",
            "text": "After you'll place the last crystal, portal will be activated.",
            "border": false,
            "images": [
                "betterend:textures/images/eternal_ritual/ritual_finished.png"
            ]
        },
        {
            "type": "text",
            "text": "$(bold)Runed Flavolite$() (to recover the frame) and $(bold)Eternal Crystals$() can be obtained by $(l:rituals/infusion_ritual)Infusion Rilual$(/l)."
        }
    ]
}
