{
  "armormodifier": "concealed_armor",
  "text": [
    {
      "text": "Applying some invisible ink will render your armor invisible to the naked eye."
    },
    {
      "text": "\n"
    },
    {
      "text": "Purely cosmetic."
    }
  ],
  "effects": [
    "Renders your armor invisible",
    "Requires no modifier",
    "Cannot be used with the Traveller's Cloak of Invisibility"
  ],
  "demoArmor": [
    "conarm:helmet",
    "conarm:chestplate",
    "conarm:leggings",
    "conarm:boots"
  ]
}