{
  "armormodifier": "extratrait_armor",
  "text": [
    {
      "text": "通過放置一個護甲部件並將其‘刻印’在另一個護甲上，從而達到使護甲繼承或者說獲得該部件特定屬性的效果（不取得部件相關參數）。這就好比替換護甲部件，但比它更好！"
    }
  ],
  "effects": [
    "取得部件屬性",
    "效果類似部件替換",
    "刻印強化是永久的，無法被改變",
    "不需要強化槽"
  ],
  "demoArmor": [
    "conarm:chestplate"
  ]
}
