{
    "name": "Changelog 1.17",
    "icon": "ars_nouveau:enchanters_sword",
    "category": "release_notes",
    "sortnum": 71,
    "pages": [
        {
            "type": "text",
            "text": "Ars Nouveau 1.17, Archwood Forest!$(li)Adds the Archwood Forest biome, a biome filled with Archwood Trees and magic entities!$(li)Adds the Enchanters Sword$(li)Adds the Enchanters Shield$(li)Adds Ritual of Scrying"
        },
        {
            "type": "relations",
            "entries": [
                "rituals/scrying",
                "items/enchanters_sword",
                "items/enchanters_shield"
            ]
        }
    ]
}