{
    "name": "Changelog 1.23.0",
    "icon": "ars_nouveau:glyph_firework",
    "category": "release_notes",
    "sortnum": 62,
    "pages": [
        {
            "type": "text",
            "text": "Ars Nouveau 1.23.0, Updated Turrets!$(li)Adds the Basic Spell Turret with significantly reduced crafting cost.$(li)Adds Enchanted Spell Turret, casts at a discount.$(li)Adds the Timer Spell Turret, casts on a timer.$(li)Adds the Bounce glyph$(li)Adds the Firework glyph$(li)Adds the Toss glyph"
        },
        {
            "type": "關係",
            "entries": [
                "spells/firework",
                "spells/toss",
                "spells/bounce"
            ]
        }
    ]
}