{
    "name": "Changelog 1.7.0",
    "icon": "ars_nouveau:glyph_flare",
    "category": "release_notes",
    "sortnum": 92,
    "pages": [
        {
            "type": "text",
            "text": "Ars Nouveau 1.7.0, More Spells! $(li)Adds Flare $(li)Adds Cold Snap$(li)Adds Gravity$(li)Adds Craft$(li)Adds Conjure Water$(li)Harm now applies poison with Extend Time $(li)Heal now applies Regen with Extend Time$(li)Light now applies Glowing to other entities.$(li)Shiny new assets, by Ridanisaurus Rid!"
        },
        {
            "type": "text",
            "text": "$(li)Adds Configs to disable spells and adjust mana costs.$(li)Harm now does less damage.$(li)Smelt is now T2 and costs more mana.$(li)Fixes Delay activating too soon.$(li)Relays and Splitters can now be sneak-wanded to clear connections."
        },
        {
            "type": "relations",
            "entries": [
                "spells/flare",
                "spells/cold_snap",
                "spells/gravity",
                "spells/conjure_water",
                "spells/craft",
                "spells/harm",
                "spells/heal",
                "spells/light"
            ]
        }
    ]
}