{
    "name": "Changelog 1.16",
    "icon": "ars_nouveau:ritual",
    "category": "release_notes",
    "sortnum": 73,
    "pages": [
        {
            "type": "text",
            "text": "Ars Nouveau 1.16, rituals!$(li)Adds the ritual casting system!$(li)Adds a decorative Magelight Sconce$(li)Adds 8 rituals, with more to come."
        },
        {
            "type": "關係",
            "entries": [
                "resources/sconce",
                "machines/ritual",
                "rituals/ritual_howto"
            ]
        }
    ]
}