{
    "name": "Changelog 1.10.1",
    "icon": "ars_nouveau:red_archwood_log",
    "category": "release_notes",
    "sortnum": 84,
    "pages": [
        {
            "type": "text",
            "text": "Ars Nouveau 1.10.1 $(li)The Volcanic Accumulator can now consume Blazing Archwood.$(li)Adds missing recipe for the Mana Gem Block.$(li)Stops sylphs from spawning in the void.$(li)Changes the Extract augment recipe to an Emerald Block.$(li)Rewrote the Getting Started section."
        },
        {
            "type": "關係",
            "entries": [
                "machines/volcanic_accumulator"
            ]
        }
    ]
}