{
    "name": "Changelog 1.11.0",
    "icon": "ars_nouveau:spell_bow",
    "category": "release_notes",
    "sortnum": 81,
    "pages": [
        {
            "type": "text",
            "text": "Ars Nouveau 1.11 Spell Bows $(li)Adds the Enchanter's Bow and Augment Arrows$(li)Fell spell has been added - takes the tree chopping behaviors of Harvest.$(li)Fell can now harvest cactus, mushrooms, melons, pumpkins, and more!$(li)New Book models and GUI$(li)Various crash fixes with Carbuncles and Cut$(li)Several bug fixes with Fortune in the offhand or on turrets"
        },
        {
            "type": "text",
            "text": "$(li)Harvest no longer chops trees (now Fell)."
        },
        {
            "type": "relations",
            "entries": [
                "items/spell_bow",
                "spells/fell"
            ]
        }
    ]
}