{
    "name": "Changelog 1.13",
    "icon": "ars_nouveau:potion_flask",
    "category": "release_notes",
    "sortnum": 77,
    "pages": [
        {
            "type": "text",
            "text": "Ars Nouveau 1.13 Potions!$(li)Adds Potion Autocrafting to the Wixie.$(li)Adds Potion Jars and Potion Melder$(li)Adds 3 potion flasks$(li)Fixes do nothing carbuncles for real this time$(li)Spellbooks may be dyed$(li)Wilden Spikes may be converted to Arrows"
        },
        {
            "type": "關係",
            "entries": [
                "apparatus/potion_flask",
                "machines/potion_jar",
                "machines/potion_melder",
                "apparatus/wixie_charm"
            ]
        }
    ]
}