{
    "name": "Changelog 1.10.0",
    "icon": "ars_nouveau:glyph_crush",
    "category": "release_notes",
    "sortnum": 85,
    "pages": [
        {
            "type": "text",
            "text": "Ars Nouveau 1.10.0 $(li)Adds the Crush glyph$(li)Adds the Cut glyph$(li)New models for the Summoning Crystal, Relay, and Splitter.$(li)Adds mana gem blocks$(li)Adds the full wooden block types for Archwood$(li)Harm now deals slightly more damage with Amplify$(li)Extract is now more expensive "
        },
        {
            "type": "relations",
            "entries": [
                "spells/cut",
                "spells/crush"
            ]
        }
    ]
}