{
    "name": "Changelog 1.19",
    "icon": "ars_nouveau:drygmy_charm",
    "category": "release_notes",
    "sortnum": 67,
    "pages": [
        {
            "type": "text",
            "text": "Ars Nouveau 1.19.0, Drygmys!$(li)Adds the Drygmy! A new summon that generates mob drops!$(li)Ars Nouveau keybinds now respect mouse buttons.$(li)Hitting 0-9 in the radial menu will select the appropriate slot.$(li)Sylphs now turn into charms when the summoning crystal is broken."
        },
        {
            "type": "relations",
            "entries": [
                "apparatus/drygmy_charm"
            ]
        }
    ]
}