{
    "name": "Changelog 1.22",
    "icon": "ars_nouveau:familiar_bookwyrm",
    "category": "release_notes",
    "sortnum": 64,
    "pages": [
        {
            "type": "text",
            "text": "Ars Nouveau 1.22.0, Familiars!$(li)Adds the Ritual of Binding, used for familiars$(li)Adds the familiar system! See the new section in the book.$(li)Whelp has been remodeled and renamed to Bookwyrm$(li)Carbuncle textures have been updated."
        },
        {
            "type": "relations",
            "entries": [
                "familiars/familiar_howto"
            ]
        }
    ]
}