{
    "name": "Changelog 1.10.5",
    "icon": "ars_nouveau:sylph_charm",
    "category": "release_notes",
    "sortnum": 82,
    "pages": [
        {
            "type": "text",
            "text": "Ars Nouveau 1.10.5 SMART SYLPHS $(li)Sylphs can now accept an Item Scroll: Deny$(li)Fixed bug with carbuncles not finding gold nuggets :($(li)Rewrote the Sylph Charm section.$(li)More item tag support for archwood.$(li)Better spell book searching.$(li)Updated models and textures for armor.$(li)Buffed the Volcanic Accumulator passive."
        },
        {
            "type": "關係",
            "entries": [
                "apparatus/sylph_charm"
            ]
        }
    ]
}