{
    "name": "Changelog 1.13.2",
    "icon": "ars_nouveau:carbuncle_charm",
    "category": "release_notes",
    "sortnum": 77,
    "pages": [
        {
            "type": "text",
            "text": "Ars Nouveau 1.13.2 Colors!$(li)Sylphs and Carbuncles may now be dyed certain colors.$(li)Fixes Rune + Blink on servers.$(li)Fixes a crash with potion autocrafting$(li)Adds a dimension blacklist for Wildens$(li)Adds 6 new Arcane Brick variants"
        },
        {
            "type": "關係",
            "entries": [
                "apparatus/sylph_charm",
                "apparatus/carbuncle_charm"
            ]
        }
    ]
}