{
    "name": "Changelog 1.22.3",
    "icon": "ars_nouveau:whelp_charm",
    "category": "release_notes",
    "sortnum": 63,
    "pages": [
        {
            "type": "text",
            "text": "Ars Nouveau 1.22.3, Updated Bookwyrms!$(li)Bookwyrms must now be summoned by using a charm on a Lectern.$(li)Bookwyrms are now much more responsive and should not sit around as often.$(li)Bookwyrms can now work in a much larger area.$(li)Warp Scrolls now store head rotations."
        },
        {
            "type": "text",
            "text": "$(li)Warp Portals now spawn players facing the direction the warp scroll was created.$(li)Warp Portals are now always black."
        },
        {
            "type": "relations",
            "entries": [
                "apparatus/whelp_charm"
            ]
        }
    ]
}