{
    "name": "Changelog 1.16.1",
    "icon": "ars_nouveau:ritual",
    "category": "release_notes",
    "sortnum": 72,
    "pages": [
        {
            "type": "text",
            "text": "Ars Nouveau 1.16.1, more rituals!$(li)Adds Warping, Disintegration, and Restoration rituals.$(li)Fixes carbys staring at berries$(li)Adds additional recipes for Wilden drops."
        },
        {
            "type": "關係",
            "entries": [
                "rituals/restoration",
                "rituals/disintegration",
                "rituals/warping"
            ]
        }
    ]
}