{
    "name": "Changelog 1.20",
    "icon": "ars_nouveau:wilden_tribute",
    "category": "release_notes",
    "sortnum": 66,
    "pages": [
        {
            "type": "text",
            "text": "Ars Nouveau 1.20.0, Wilden Chimera!$(li)Adds the Wilden Chimera, a powerful new boss!$(li)Adds the Tablet of Summon Wilden$(li)Adds the Focus of Summoning, a new spell buffing item.$(li)Tier 3 book now requires a Chimera drop$(li)Heavily nerfs the Wilden Defender"
        },
        {
            "type": "關係",
            "entries": [
                "apparatus/summon_focus",
                "rituals/wilden_summon",
                "resources/wilden"
            ]
        }
    ]
}