{
    "name": "Changelog 1.14",
    "icon": "ars_nouveau:enchanting_apparatus",
    "category": "release_notes",
    "sortnum": 75,
    "pages": [
        {
            "type": "text",
            "text": "Ars Nouveau 1.14 Enchantments!$(li)Added most vanilla enchantments to the Enchanting Apparatus$(li)Reworked explosion, now allows bigger explosions but less damage."
        },
        {
            "type": "relations",
            "entries": [
                "enchantments/aaa_moreinfo",
                "spells/explosion"
            ]
        }
    ]
}