{
    "name": "Changelog 1.9.0",
    "icon": "ars_nouveau:wixie_charm",
    "category": "release_notes",
    "sortnum": 90,
    "pages": [
        {
            "type": "text",
            "text": "Ars Nouveau 1.9.0, Trees, Autocrafting, oh my! $(li)Adds the Wixie, an auto crafting friend!$(li)Adds four new Archwood Trees$(li)Adds the casting wand$(li)Fixed interact with items on the whelp. Cake farms are now possible!$(li)New decorative stone variants$(li)New block textures"
        },
        {
            "type": "text",
            "text": "$(li)Strength is now Tier 3.$(li)Regen is now capped at 5.$(li)Fixes Lava Lilies and the Volcanic Accumulator being placed in air."
        },
        {
            "type": "relations",
            "entries": [
                "apparatus/wixie_charm",
                "resources/archwood",
                "apparatus/wand"
            ]
        }
    ]
}