{
  "name": "Fluids",
  "category": "indrev:transportation",
  "sortnum": 2,
  "icon": "indrev:fluid_pipe_mk1",
  "pages": [
    {
      "type": "text",
      "text": "流體管可用於將液體輸送到相距甚遠的儲罐之間。$(br)查看物品敘述以得知傳輸率。$(br)流體管運輸液體的間隔為秒而非tick。$(br2)輸送需搭配伺服，詳見$(l:transportation/servos)$(t:Go to Servos)伺服$()。"
    },
    {
      "type": "crafting",
      "recipe": "indrev:shaped/fluid_pipe_mk1",
      "recipe2": "indrev:shaped/fluid_pipe_mk2"
    },
    {
      "type": "crafting",
      "recipe": "indrev:shaped/fluid_pipe_mk3",
      "recipe2": "indrev:shaped/fluid_pipe_mk4"
    }
  ]
}