{
  "name": "Items",
  "category": "indrev:transportation",
  "sortnum": 1,
  "icon": "indrev:item_pipe_mk1",
  "pages": [
    {
      "type": "text",
      "text": "Item pipes can be used to transfer items between inventories far apart.$(br)Check the tooltips to see the amount of items that can be transferred.$(br)Pipes only transfer every second rather than every tick.$(br)Item pipes have $(l)advanced filtering$(), Right Click the pipe to see it.$(br2)Servos are required, read the $(l:transportation/servos)$(t:Go to Servos)Servos$() chapter."
    },
    {
      "type": "crafting",
      "recipe": "indrev:shaped/item_pipe_mk1",
      "recipe2": "indrev:shaped/item_pipe_mk2"
    },
    {
      "type": "crafting",
      "recipe": "indrev:shaped/item_pipe_mk3",
      "recipe2": "indrev:shaped/item_pipe_mk4"
    }
  ]
}