{
  "name": "物品",
  "category": "indrev:transportation",
  "sortnum": 1,
  "icon": "indrev:item_pipe_mk1",
  "pages": [
    {
      "type": "text",
      "text": "物品管可用於將物品輸送到相距甚遠的容器之間。$(br)查看物品敘述以得知傳輸率。$(br)物品管運輸物品的間隔為秒而非tick。$(br)右擊物品管以開啟$(l)進階過濾$()。$(br2)輸送需搭配伺服，詳見$(l:transportation/servos)$(t:Go to Servos)伺服$()。"
    },
    {
      "type": "crafting",
      "recipe": "indrev:shaped/item_pipe_mk1",
      "recipe2": "indrev:shaped/item_pipe_mk2"
    },
    {
      "type": "crafting",
      "recipe": "indrev:shaped/item_pipe_mk3",
      "recipe2": "indrev:shaped/item_pipe_mk4"
    }
  ]
}