{
  "name": "伺服",
  "category": "indrev:transportation",
  "sortnum": 3,
  "icon": "indrev:servo_retriever",
  "pages": [
    {
      "type": "text",
      "text": "物品和流體管需要伺服器才能運作。伺服有兩種類型：驅動和接收。$(br)右鍵連接容器的管道以裝上伺服。或使用扳手將其移除。$(br)$(l)小提醒:$()驅動和接收伺服是獨立的。只要一個即可。兩者用法不同。"
    },
    {
      "type": "text",
      "text": "例如，如果您有一個容器的東西要輸出到多個容器，則只需在輸出端裝上驅動伺服。$(br2)如果您有多個容器要輸出到單個容器，則只需要輸入端裝上接收伺服。$(br2)$(l)小提醒:$()機器要先正確配置好。詳見$(l:tools/wrench)$(t:Go to Wrench!)扳手"
    },
    {
      "type": "text",
      "title": "模式",
      "text": "伺服具有多個模式來決定優先順序。$(br)右擊伺服以更改。$(br)$(l)最近優先:$()伺服會搜尋最近的容器。$(br)$(l)最遠優先:$()伺服會搜尋最遠的容器。$(br)$(l)隨機:$()伺服會隨機選擇容器。$(br)$(l)輪詢調度:$()伺服會搜尋最少液體/物品的容器。"
    },
    {
      "type": "合成",
      "recipe": "indrev:shaped/servo_output",
      "text": "驅動伺服會把物品/液體輸出到連接的容器，除了其它也裝了驅動伺服的容器"
    },
    {
      "type": "合成",
      "recipe": "indrev:shaped/servo_retriever",
      "text": "接收伺服會從連接的容器中抽取內容物，除了其它也裝了接收伺服的容器"
    }
  ]
}