{
    "name": "其他",
    "icon": "allthemodium:other_vibranium_ore",
    "category": "allthemodium:dimensions",
    "sortnum": 3,
    "pages": [
        {
            "type": "text",
            "text": "他者是一個非常敵對的維度。 要傳送到維度，請使用地獄中的 $(l:dimensions/teleport_pad)Teleport Pad$(/c)。 這個地方鮮為人知，但它似乎是豬布靈的來源地，任何生態域都存在巨大的地下城市，地表有樹木覆蓋，還有充滿怪物和戰利品的地牢和古老金字塔"
        }
    ]
}