{
  "name": "弓",
  "icon": "twilightforest:seeker_bow",
  "category": "treasures",
  "advancement": "twilightforest:alt/treasures/bows",
  "sortnum": 1100,
  "pages": [
    {
      "type": "text",
      "text": "Bow Information"
    },
    {
      "type": "spotlight",
      "title": "終界弓",
      "item": "twilightforest:ender_bow",
      "advancement": "twilightforest:alt/treasures/ender_bow",
      "text": "things and stuff"
    },
    {
      "type": "spotlight",
      "title": "冰之弓",
      "item": "twilightforest:ice_bow",
      "advancement": "twilightforest:alt/treasures/ice_bow",
      "text": "things and stuff"
    },
    {
      "type": "spotlight",
      "title": "追蹤弓",
      "item": "twilightforest:seeker_bow",
      "advancement": "twilightforest:alt/treasures/seeker_bow",
      "text": "things and stuff"
    },
    {
      "type": "spotlight",
      "title": "三倍弓",
      "item": "twilightforest:triple_bow",
      "advancement": "twilightforest:alt/treasures/triple_bow",
      "text": "things and stuff"
    }
  ]
}