{
  "name": "Meats, Meals, and Edibles",
  "icon": "twilightforest:experiment_115:2",
  "category": "treasures",
  "advancement": "twilightforest:alt/treasures/foods/any",
  "sortnum": 1100,
  "pages": [
    {
      "type": "text",
      "text": "Food glorious food"
    },
    {
      "type": "spotlight",
      "title": "九頭蛇肉排",
      "item": "twilightforest:hydra_chop",
      "advancement": "twilightforest:alt/treasures/foods/hydra_chop",
      "text": "A filling meal with just a single Hydra Chop. Eating this potent meat greatly satiates hunger and provides temporary rapid healing. Fitting for those that have conquered such a mighty beast."
    },
    {
      "type": "spotlight",
      "title": "迷宮薄餅",
      "item": "twilightforest:maze_wafer",
      "advancement": "twilightforest:alt/treasures/foods/maze_wafer",
      "text": "Quick little snacks found in mazes. Though barely able to grant some saturation, it is perfect for exploring twisted landmarks when food becomes scarce."
    },
    {
      "type": "text",
      "title": "Meef",
      "item": "twilightforest:cooked_meef",
      "advancement": "twilightforest:alt/treasures/foods/meef",
      "text": "Beef from a Minotaur. It's not very much if eaten raw, but cook it up and it is a valuable food item, rivalling the likes of Cooked Chicken."
    },
    {
      "type": "text",
      "advancement": "twilightforest:alt/treasures/foods/vension",
      "text": "things and stuff"
    },
    {
      "type": "spotlight",
      "title": "牛頭人肉醬",
      "item": "twilightforest:meef_stroganoff",
      "advancement": "twilightforest:progress_labyrinth",
      "text": "Nutritious and hearty. Eating Meef Stroganoff not only empowers the adventurer but also allows them to enter the Fire Swamp safely without suffering from the heat. How kind of the Minoshroom after all that effort?"
    },
    {
      "type": "text",
      "advancement": "twilightforest:alt/treasures/foods/experiment_115",
      "text": "things and stuff"
    }
  ]
}