{
  "name": "Magical Trees",
  "icon": "twilightforest:twilight_sapling:4",
  "category": "treasures",
  "advancement": "twilightforest:alt/treasures/magic_trees",
  "sortnum": 2100,
  "pages": [
    {
      "type": "text",
      "text": "Magic Trees can be found in dungeons on top of big trees inside the lootchest"
    },
    {
      "type": "text",
      "advancement": "twilightforest:alt/treasures/tree_of_time",
      "text": "Tree of Time"
    },
    {
      "type": "text",
      "advancement": "twilightforest:alt/treasures/tree_of_transformation",
      "text": "Tree of Transformation"
    },
    {
      "type": "text",
      "advancement": "twilightforest:alt/treasures/tree_of_mining",
      "text": "Miner's Tree"
    },
    {
      "type": "text",
      "advancement": "twilightforest:alt/treasures/tree_of_sorting",
      "text": "Sorting Tree"
    }
  ]
}