{
  "name": "工具",
  "icon": "twilightforest:ironwood_pickaxe",
  "category": "treasures",
  "advancement": "twilightforest:alt/treasures/tools",
  "sortnum": 1100,
  "pages": [
    {
      "type": "text",
      "text": "This world is magical, I infer that using materials from this world in crafting may potentially result in tools with inherent magical abilities that enchanting would normally offer."
    },
    {
      "type": "text",
      "advancement": "twilightforest:alt/treasures/ironwood_tool_set",
      "text": "Ironwood Tools"
    },
    {
      "type": "text",
      "advancement": "twilightforest:alt/treasures/steeleaf_tool_set",
      "text": "Steeleaf Tools"
    },
    {
      "type": "text",
      "advancement": "twilightforest:alt/treasures/fiery_tool_set",
      "text": "Fiery Tools"
    },
    {
      "type": "text",
      "advancement": "twilightforest:alt/treasures/fiery_tool_set",
      "text": "Fiery Tools"
    },
    {
      "type": "text",
      "advancement": "twilightforest:alt/treasures/knightmetal_tool_set",
      "text": "Knightly Tools"
    },
    {
      "type": "text",
      "advancement": "twilightforest:alt/treasures/ice_sword",
      "text": "Ice Sword"
    },
    {
      "type": "text",
      "advancement": "twilightforest:alt/treasures/giant_tool_set",
      "text": "Giant Tools"
    }
  ]
}