{
  "name": "Destination (I)",
  "icon": "lacrimis:rune/destination",
  "category": "lacrimis:runes",
  "advancement": "lacrimis:base/rune_tier1",
  "sortnum": 2,
  "pages": [
    {
      "type": "text",
      "text": "The obvious follower of the Extraction Rune is the Destination Rune, an output that can reconstruct a soul from the chaos within tear ducts. $(#f00)Be warned,$() as it may bring some other materials along for the ride. Test it on some other creatures first. And wear safety googles."
    },
    {
      "type": "lacrimis:infusion",
      "recipe": "lacrimis:infusion/rune_destination",
      "text": "Run cost: 200 Tears$(br)$(l:cages/tier_i)Tier I Soul Cage$(/l)$(br2)A rune that cannot be activated, at least from this end.$(br)Try the $(l:runes/extraction)Extraction Rune.$(/l)"
    }
  ]
}