{
  "name": "Soul Transport (II)",
  "icon": "lacrimis:rune/entity_transport",
  "category": "lacrimis:runes",
  "advancement": "lacrimis:base/rune_tier2",
  "sortnum": 3,
  "pages": [
    {
      "type": "text",
      "text": "The combination of the Extraction rune and the Destination rune works exactly as I hoped. A teleporter that can both send and receive, though it is no less dangerous than the originals."
    },
    {
      "type": "lacrimis:infusion",
      "recipe": "lacrimis:infusion/rune_entity_transport",
      "text": "Run cost: 100 Tears$(br)$(l:cages/tier_ii)Tier II Soul Cage$(/l)$(br2)Noticeably more efficient to use, which is nice."
    }
  ]
}