{
  "name": "Soul Swap (II)",
  "icon": "lacrimis:rune/soul_swap",
  "category": "lacrimis:runes",
  "advancement": "lacrimis:base/rune_tier2",
  "sortnum": 4,
  "pages": [
    {
      "type": "text",
      "text": "Yet another expansion on the Destination and Extraction runes, this rune can extract souls as normal, but when receiving can only swap with a placed $(l:immaterial/soul_shell)Soul Shell.$(/l)"
    },
    {
      "type": "lacrimis:infusion",
      "recipe": "lacrimis:infusion/rune_soul_swap",
      "text": "Run cost: 50 Tears$(br)$(l:cages/tier_ii)Tier II Soul Cage$(/l)$(br2)Only works with a Soul Shell on top."
    }
  ]
}