{
  "name": "Warding (Tier III)",
  "icon": "lacrimis:rune/warding",
  "category": "lacrimis:runes",
  "advancement": "lacrimis:base/rune_tier3",
  "sortnum": 7,
  "pages": [
    {
      "type": "text",
      "text": "The most powerful rune I have discovered, this rune can take normal rune stone and enchant it with an incredible permanency. Not even taint is getting through that."
    },
    {
      "type": "lacrimis:infusion",
      "recipe": "lacrimis:infusion/rune_warding",
      "text": "Run cost: 800 Tears$(br)$(l:cages/tier_iii)Tier III Soul Cage$(/l)$(br2)It is also the only way to get rid of the stone once enchanted."
    },
    {
      "type": "text",
      "text": "$(br2)I wonder... Can I use this method of enchantment on armor?"
    }
  ]
}