{
	"name": "黑暗的水晶靜脈",
	"icon": "ancientspellcraft:crystal_ore_necromancy",
	"category": "3_worldgen",
	"sortnum": 5,
	"pages": [
		{
			"type": "spotlight",
			"item": "ancientspellcraft:crystal_ore_necromancy",
			"text": " 深埋在最黑暗、最陰暗的沼澤淤泥下，可以找到死靈法術的黑暗水晶。在它的形成過程中，它們被注入了黑暗、令人緩慢的能量。有人說淹死在沼澤中的沉屍靈魂被困在這些水晶中。",
			"link_recipe": false
		},
		{
			"type": "image",
			"border": true,
			"images": [
				"ancientspellcraft:textures/gui/entries/dark_ore_shard.png"
			],
			"title": "黑暗的水晶靜脈",
			"text": ""
		},
		{
			"type": "crafting",
			"recipe": "ancientspellcraft:magic_crystal_necromancy",
			"title": "暗夜水晶",
			"text": "        工作台"
		}
	]
}