{
	"name": "赤焰的水晶靜脈",
	"icon": "ancientspellcraft:crystal_ore_fire",
	"category": "3_worldgen",
	"sortnum": 1,
	"pages": [
		{
			"type": "spotlight",
			"item": "ancientspellcraft:crystal_ore_fire",
			"text": " Fiery Crystal ore can be found within the scorching, unforgiving Deserts of the land. It has thoroughly absorbed the baking desert heat during its birth, and seems to emanate a burning aura.",
			"link_recipe": false
		},
		{
			"type": "image",
			"images": [
				"ancientspellcraft:textures/gui/entries/fiery_ore_shard.png"
			],
			"title": "赤焰的水晶靜脈",
			"text": ""
		},
		{
			"type": "crafting",
			"recipe": "ancientspellcraft:magic_crystal_fire",
			"title": "Fiery Crystal",
			"text": "        工作台"
		}
	]
}