{
	"name": "秘源的水晶靜脈",
	"icon": "ancientspellcraft:crystal_ore_sorcery",
	"category": "3_worldgen",
	"sortnum": 3,
	"pages": [
		{
			"type": "spotlight",
			"item": "ancientspellcraft:crystal_ore_sorcery",
			"text": " 秘源的水晶靜脈自然出現在平原生態域的地下深處。$(br)也許這個自然棲息地的簡單性有助於這些神秘的水晶顯現出來。",
			"link_recipe": false
		},
		{
			"type": "image",
			"images": [
				"ancientspellcraft:textures/gui/entries/mystical_ore_shard.png"
			],
			"title": "秘源的水晶靜脈",
			"text": ""
		},
		{
			"type": "crafting",
			"recipe": "ancientspellcraft:magic_crystal_sorcery",
			"title": "秘源的水晶",
			"text": "        工作台"
		}
	]
}