{
	"name": "光輝水晶礦脈",
	"icon": "ancientspellcraft:crystal_ore_healing",
	"category": "3_worldgen",
	"sortnum": 5,
	"pages": [
		{
			"type": "spotlight",
			"item": "ancientspellcraft:crystal_ore_healing",
			"text": " 光輝的水晶礦石可以在世界鬱鬱蔥蔥的綠色叢林下找到。他們似乎擁有治療能力，使他們成為治療師的珍貴財產。叢林和治療魔法之間的聯繫尚不清楚 - 一些學者認為這是由於這些叢林中豐富的生命能量（Vitae）。",
			"link_recipe": false
		},
		{
			"type": "image",
			"images": [
				"ancientspellcraft:textures/gui/entries/radiant_ore_shard.png"
			],
			"title": "光輝水晶礦脈",
			"text": ""
		},
		{
			"type": "crafting",
			"recipe": "ancientspellcraft:magic_crystal_healing",
			"title": "光輝水晶",
			"text": "        工作台"
		}
	]
}