{
  "name": "Deep Luminis",
  "icon": "buddycards:deep_luminis",
  "category": "buddycards:luminis",
  "sortnum": 2,
  "pages": [
    {
      "type": "spotlight",
      "item": "buddycards:deep_luminis_crystal",
      "text": "Deep luminis is a somewhat rare variant of luminis. It can be found in around 1/33 luminis ores, but it isn't always those odds, as it can vary based on your gear and curios."
    },
    {
      "type": "smelting",
      "recipe": "buddycards:deep_luminis",
      "text": "Just like normal luminis, when smelted, the deep luminis solidifies and begins to give off a glow. While this kind of luminis isn't used in Buddycards, because of it's high concentration of luminis though, it can be used to upgrade buddysteel."
    },
    {
      "type": "crafting",
      "recipe": "buddycards:block_deep_luminis",
      "recipe2": "buddycards:deep_luminis_block"
    }
  ]
}