{
  "name": "Luminis Paneling",
  "icon": "buddycards:luminis_panels",
  "category": "buddycards:luminis",
  "sortnum": 1,
  "pages": [
    {
      "type": "crafting",
      "recipe": "buddycards:luminis_panel",
      "text": "The natural glow of luminis makes it great to fit into a build, and luckily, you can turn luminis into multiple panels to make building blocks with."
    },
    {
      "type": "crafting",
      "recipe": "buddycards:luminis_panels",
      "recipe2": "buddycards:luminis_pillar"
    }
  ]
}