{
  "name": "流光",
  "icon": "buddycards:luminis",
  "category": "buddycards:luminis",
  "sortnum": 0,
  "pages": [
    {
      "type": "spotlight",
      "item": "buddycards:luminis_crystal",
      "text": "流光礦石在世界的低層中很少見。常見在基岩上方 20 格左右的地方，並且礦石會掉落流光碎片。 在流光礦石形態下，它會發出微弱的光芒。"
    },
    {
      "type": "smelting",
      "recipe": "buddycards:luminis",
      "text": "當被熔煉時，流明會凝固並開始發出光芒。這種材料被認為是使閃光伙伴卡發光的原因，並且對於製造完美伙伴鋼也很有用。"
    },
    {
      "type": "crafting",
      "recipe": "buddycards:block_luminis",
      "recipe2": "buddycards:luminis_block"
    }
  ]
}