{
	"name": "Icy Crystal Veins",
	"icon": "ancientspellcraft:crystal_ore_ice",
	"category": "3_worldgen",
	"sortnum": 2,
	"pages": [
		{
			"type": "spotlight",
			"item": "ancientspellcraft:crystal_ore_ice",
			"text": " Icy Crystal shards can be found in the cold fields of Tundra.",
			"link_recipe": false
		},
		{
			"type": "image",
			"images": [
				"ancientspellcraft:textures/gui/entries/icy_ore_shard.png"
			],
			"title": "Icy Crystal Veins",
			"text": ""
		},
		{
			"type": "crafting",
			"recipe": "ancientspellcraft:magic_crystal_ice",
			"title": "Icy Crystal",
			"text": "        Crafting Table"
		}
	]
}