{
	"name": "Verdant Crystal Veins",
	"icon": "ancientspellcraft:crystal_ore_earth",
	"category": "3_worldgen",
	"sortnum": 5,
	"pages": [
		{
			"type": "spotlight",
			"item": "ancientspellcraft:crystal_ore_earth",
			"text": " ",
			"link_recipe": false
		},
		{
			"type": "image",
			"images": [
				"ancientspellcraft:textures/gui/entries/dark_ore_shard.png"
			],
			"title": "Verdant Crystal Veins",
			"text": ""
		},
		{
			"type": "crafting",
			"recipe": "ancientspellcraft:magic_crystal_necromancy",
			"title": "Dark Crystal",
			"text": "        Crafting Table"
		}
	]
}