{
	"components": [
		{
			"type": "header",
			"text": "#title",
			"x": -1,
			"y": -6
		},
		{
			"type": "image",
			"image": "dynamictrees:textures/patchouli/gui/brewing.png",
			"width": "256",
			"height": "256",
			"texture_width": "256",
			"texture_height": "256",
			"u": "10",
			"v": "10",
			"x": 0,
			"y": -5,
			"scale": "0.5"
		},
		{
			"type": "item",
			"item": "Minecraft:blaze_powder",
			"x": 2,
			"y": 7
		},
		{
			"type": "item",
			"item": "#ingredient",
			"x": 64,
			"y": 7
		},
		{
			"type": "item",
			"item": "#bottle",
			"x": 63,
			"y": 48
		},
		{
			"type": "item",
			"item": "#bottle",
			"x": 40,
			"y": 41
		},
		{
			"type": "item",
			"item": "#bottle",
			"x": 86,
			"y": 41
		},
		{
			"type": "物品",
			"item": "#output",
			"x": 97,
			"y": 7
		},
		{
			"type": "text",
			"text": "#text",
			"x": 1,
			"y": 70,
			"max_width": 113
		}
	]
}