{
    "name": "紫水晶魔像",
    "icon": "adventurez:stone_golem_heart",
    "category": "adventurez:mob_category",
    "pages": [
        {
            "type": "text",
            "text": "紫水晶魔像可以在大地上找到，他們不喜歡人類，因為大多數人只想著利益，挖洞把紫水晶挖出來，在他們身後留下一個空的沒有愛情的洞。當你摧毀紫水晶時，它會怒不可遏！"
        },
        {
            "type": "entity",
            "name": "Showcase",
            "entity": "adventurez:amethyst_golem",
            "offset": "0.2"
        }
    ]
}