{
    "name": "烈焰深海守衛",
    "icon": "adventurez:stone_golem_heart",
    "category": "adventurez:mob_category",
    "pages": [
        {
            "type": "text",
            "text": "烈焰深海守衛可以在地獄要塞中找到，並且會保護它直到死亡。 小心它的火焰爆炸攻擊，它可能會殺死你。 它周圍的護盾能阻礙部分敵人的攻擊。"
        },
        {
            "type": "entity",
            "name": "Showcase",
            "entity": "adventurez:blaze_guardian",
            "offset": "0.2"
        }
    ]
}