{
    "name": "烈焰深海守衛",
    "icon": "adventurez:stone_golem_heart",
    "category": "adventurez:mob_category",
    "pages": [
        {
            "type": "text",
            "text": "The Blaze Guardian can be found in nether fortresses and will defend it from players until death. Watch out for its flame explosion attack, it might kill you. Its surrounding shields protect it but can get destroyed. Blaze Spawners won't work if a Guardian is nearby"
        },
        {
            "type": "entity",
            "name": "Showcase",
            "entity": "adventurez:blaze_guardian",
            "offset": "0.2"
        }
    ]
}