{
    "name": "龍",
    "icon": "adventurez:stone_golem_heart",
    "category": "adventurez:mob_category",
    "pages": [
        {
            "type": "text",
            "text": "眾所周知，龍是終界龍的孩子。 你必須孵化龍蛋，牠會隨著時間的推移而成長。 牠可以被騎乘，如果牠夠大的話，甚至可以攜帶一個箱子。 牠喜歡吃獸人的皮膚，但也不反對生肉，所以如果牠受傷了，就餵牠。"
        },
        {
            "type": "entity",
            "name": "Showcase",
            "entity": "adventurez:dragon",
            "scale": "1.1",
            "offset": "-1.2"
        },
        {
            "type": "text",
            "title": "雞蛋孵化",
            "text": "After obtaining the dragon egg you will have to summon and kill The Eye to get the fame effect. If VoidZ is installed, you have to kill the Void Shadow instead. Build a nest at your base to hatch the egg safely. If it feels your fame, it will start to hatch and emit particles"
        },
        {
            "type": "text",
            "title": "生長",
            "text": "龍蛋孵化後，如果牠餓，你可以用獸人皮餵養牠使牠成長得更快。 牠的體型將增長兩倍，直到變成一條巨龍。 第一階段過後，你可以讓牠穿上龍鞍騎乘牠，第二階段過後，你可以讓牠穿上寶箱，且牠也已經到了可以噴火的時期了。"
        }
    ]
}