{
    "name": "終界鯨魚",
    "icon": "adventurez:stone_golem_heart",
    "category": "adventurez:mob_category",
    "pages": [
        {
            "type": "text",
            "text": "終界鯨是一種友好的生物，在虛空中飛來飛去。它們是可以騎的，甚至可以和朋友一起騎，並且可以用終界長笛召喚。你可以得到一個歌萊果，然後用棍子製作一個在棍子上的歌萊果，把它們引向你想去的方向。"
        },
        {
            "type": "entity",
            "name": "Showcase",
            "entity": "adventurez:ender_whale",
            "rotate": false,
            "default_rotation": "25",
            "scale": "0.6",
            "offset": "-0.3"
        },
        {
            "type": "spotlight",
            "item": "adventurez:ender_flute",
            "link_recipe": true,
            "text": "終界長笛是一種古老的樂器，用來召喚終界鯨魚騎乘。"
        },
        {
            "type": "crafting",
            "recipe": "adventurez:ender_flute"
        },
        {
            "type": "spotlight",
            "item": "adventurez:chorus_fruit_on_a_stick",
            "link_recipe": true,
            "text": "長棍上的歌萊果是一個簡單的長棍來引導安德鯨，因為它們喜歡吃這些水果"
        },
        {
            "type": "crafting",
            "recipe": "adventurez:chorus_fruit_on_a_stick"
        }
    ]
}