{
    "name": "長毛象",
    "icon": "adventurez:stone_golem_heart",
    "category": "adventurez:mob_category",
    "pages": [
        {
            "type": "text",
            "text": "Mammoths are friendly mobs and some people say they have been extinct. They can be bred with grass and are found in very cold environments."
        },
        {
            "type": "entity",
            "name": "Showcase",
            "entity": "adventurez:mammoth",
            "scale": "0.8"
        }
    ]
}