{
    "name": "死靈法師",
    "icon": "adventurez:stone_golem_heart",
    "category": "adventurez:mob_category",
    "pages": [
        {
            "type": "text",
            "text": "黑暗死靈法師將地獄堡壘作為自己的家。它學會了如何使用黑暗魔法，並會召喚凋零魔像來保護自己不受敵人傷害。"
        },
        {
            "type": "entity",
            "name": "Showcase",
            "entity": "adventurez:necromancer",
            "offset": "0.2"
        },
        {
            "type": "text",
            "title": "凋零魔像",
            "text": "凋零魔像由它的首領控制，並以凋零效果感染它的敵人。殺死它的首領以摧毀它的意志"
        },
        {
            "type": "entity",
            "name": "Showcase",
            "entity": "adventurez:wither_puppet",
            "scale": "1.1"
        }
    ]
}