{
    "name": "夜魘馬",
    "icon": "adventurez:stone_golem_heart",
    "category": "adventurez:mob_category",
    "pages": [
        {
            "type": "text",
            "text": "夢魘是靈魂收割者的坐騎，可以在靈魂砂谷中找到。由於受到騎手的影響，它有一個黑暗靈魂。它可以被馴服"
        },
        {
            "type": "entity",
            "name": "Showcase",
            "entity": "adventurez:nightmare",
            "scale": "0.6",
            "offset": "0.5"
        }
    ]
}