{
    "name": "獸人",
    "icon": "adventurez:stone_golem_heart",
    "category": "adventurez:mob_category",
    "pages": [
        {
            "type": "text",
            "text": "獸人將在你的世界裡遊蕩。如果周圍有一個較大的半獸人，其他半獸人會試圖聚集在一起。你會在平原上找到他們"
        },
        {
            "type": "entity",
            "name": "Showcase",
            "entity": "adventurez:orc",
            "scale": "1.3",
            "offset": "-0.5"
        }
    ]
}