{
    "name": "獸人",
    "icon": "adventurez:stone_golem_heart",
    "category": "adventurez:mob_category",
    "pages": [
        {
            "type": "text",
            "text": "Orcs will roam your world. If there is a bigger Orc around, other Orcs will try to gather together. Smaller orcs will try to rob a tool from you and run away so keep an eye out for those nasty creatures. You will find them in the plains"
        },
        {
            "type": "entity",
            "name": "Showcase",
            "entity": "adventurez:orc",
            "scale": "1.3",
            "offset": "-0.5"
        }
    ]
}