{
    "name": "黑石魔像",
    "icon": "adventurez:stone_golem_heart",
    "category": "adventurez:mob_category",
    "pages": [
        {
            "type": "text",
            "text": "The Blackstone Golem is the most deadliest creature in the world of Minecraft. Summoned at the Golem Altar, it will destroy your world until it killed you. If you managed to kill it, however you did this, it will split in half"
        },
        {
            "type": "entity",
            "name": "Showcase",
            "entity": "adventurez:stone_golem",
            "scale": "0.8"
        },
        {
            "type": "text",
            "title": "小石頭魔像",
            "text": "Mini Blackstone Golems are remains of the Blackstone Golem and can be found in basalt deltas"
        },
        {
            "type": "entity",
            "name": "Showcase",
            "entity": "adventurez:small_stone_golem",
            "scale": "0.5"
        }
    ]
}