{
    "name": "黑石魔像",
    "icon": "adventurez:stone_golem_heart",
    "category": "adventurez:mob_category",
    "pages": [
        {
            "type": "text",
            "text": "黑石魔像是Minecraft世界中最致命的生物。可在魔像祭壇上召喚，它將摧毀你的世界，直到殺死你。如果你設法殺死它，無論你怎麼做，它將分裂成兩半"
        },
        {
            "type": "entity",
            "name": "Showcase",
            "entity": "adventurez:stone_golem",
            "scale": "0.8"
        },
        {
            "type": "text",
            "title": "小石頭魔像",
            "text": "迷你黑石魔像是黑石魔像的殘骸，可以在玄武岩三角洲找到。"
        },
        {
            "type": "entity",
            "name": "Showcase",
            "entity": "adventurez:small_stone_golem",
            "scale": "0.5"
        }
    ]
}