{
    "name": "喚靈者",
    "icon": "adventurez:stone_golem_heart",
    "category": "adventurez:mob_category",
    "pages": [
        {
            "type": "text",
            "text": "召喚師會在你不經意間突然出現。但只有在暴風雨中，才有機會看到它。它還學會了處理不同的法術，這可能會讓你感到驚訝，在戰鬥中會召喚出衛兵。"
        },
        {
            "type": "entity",
            "name": "Showcase",
            "entity": "adventurez:summoner"
        },
        {
            "type": "text",
            "title": "骷髏先鋒",
            "text": "先驅者會保護其召喚者並攻擊敵人。它可以用它的盾牌抵擋來襲的攻擊。"
        },
        {
            "type": "entity",
            "name": "Showcase",
            "entity": "adventurez:skeleton_vanguard"
        }
    ]
}