{
    "name": "眼球",
    "icon": "adventurez:stone_golem_heart",
    "category": "adventurez:mob_category",
    "pages": [
        {
            "type": "text",
            "text": "Never seen before, The Eye will drain any energy you got until you are a dead corps. It can get summoned at the shrine. If VoidZ is installed, it will spawn a portal to the Void Shadow dimension"
        },
        {
            "type": "entity",
            "name": "Showcase",
            "entity": "adventurez:the_eye",
            "offset": "0.6"
        }
    ]
}