{
    "name": "眼球",
    "icon": "adventurez:stone_golem_heart",
    "category": "adventurez:mob_category",
    "pages": [
        {
            "type": "text",
            "text": "以前從未見過，眼睛會耗盡你的任何能量，直到你成為一個死屍。它可以在祭壇中被召喚出來。如果安裝了VoidZ模組，它將產生一個通往虛空之影維度的入口。"
        },
        {
            "type": "entity",
            "name": "Showcase",
            "entity": "adventurez:the_eye",
            "offset": "0.6"
        }
    ]
}