{
    "name": "虛空之影",
    "icon": "adventurez:stone_golem_heart",
    "category": "adventurez:mob_category",
    "pages": [
        {
            "type": "text",
            "text": "The Void Shadow is the final end boss in Minecraft seen in a different void than the one you probably know. You will get known to everybody and even Villagers will recognize your fame if you managed to kill it. A portal to the dimension will get spawned when The Eye gets killed"
        },
        {
            "type": "entity",
            "name": "Showcase",
            "entity": "adventurez:void_shadow",
            "scale": "0.8",
            "offset": "0.8"
        },
        {
            "type": "text",
            "title": "虛空之影",
            "text": "The Void Shade is a mob which chases after your life. It will shoot void bullets which can be blocked by punching them"
        },
        {
            "type": "entity",
            "name": "Showcase",
            "entity": "adventurez:void_shade"
        },
        {
            "type": "text",
            "title": "虛空碎片",
            "text": "Void Fragments will spawn during the fight against the Void Shadow. Don't get to close to them, this book warned you! The bigger fragments are called Void Orbs and can only get killed by void bullets but will damage the Shadow"
        },
        {
            "type": "entity",
            "name": "展示",
            "entity": "adventurez:void_fragment",
            "scale": "0.6"
        },
        {
            "type": "link",
            "title": "虛空Z 附加內容",
            "text": "你必須下載並安裝VoidZ模組，因為虛空之影會在一個新的維度上產生，只用於戰鬥。它成為附加模組的原因是，Fabric有為度API，當更大的更新完成後，它可能不會很快被更新。",
            "url": "https://www.curseforge.com/minecraft/mc-mods/voidz",
            "link_text": "虛空Z 模組頁面"
        },
        {
            "type": "empty",
            "draw_filler": false
        }
    ]
}