{
    "name": "虛空之影",
    "icon": "adventurez:stone_golem_heart",
    "category": "adventurez:mob_category",
    "pages": [
        {
            "type": "text",
            "text": "虛空暗影是終界的最終Boss，來自某個與你熟知的虛空截然不同的世界\n當你成功殺死他後你將變得眾所皆知，甚至連村民們也聽聞過你的名聲\n往該象限的傳送門將在殺死眼珠後生成"
        },
        {
            "type": "entity",
            "name": "Showcase",
            "entity": "adventurez:void_shadow",
            "scale": "0.8",
            "offset": "0.8"
        },
        {
            "type": "text",
            "title": "虛空之影",
            "text": "虛空之影是一群追逐你生命的怪物。會射出空彈，用拳頭可以擋住"
        },
        {
            "type": "entity",
            "name": "Showcase",
            "entity": "adventurez:void_shade"
        },
        {
            "type": "text",
            "title": "虛空碎片",
            "text": "Void Fragments will spawn during the fight against the Void Shadow. Don't get to close to them, this book warned you! The bigger fragments are called Void Orbs and can only get killed by void bullets but will damage the Shadow"
        },
        {
            "type": "entity",
            "name": "展示",
            "entity": "adventurez:void_fragment",
            "scale": "0.6"
        },
        {
            "type": "link",
            "title": "虛空Z 附加內容",
            "text": "你必須下載並安裝VoidZ模組，因為虛空之影會在一個新的維度上產生，只用於戰鬥。它成為附加模組的原因是，Fabric有為度API，當更大的更新完成後，它可能不會很快被更新。",
            "url": "https://www.curseforge.com/minecraft/mc-mods/voidz",
            "link_text": "虛空Z 模組頁面"
        },
        {
            "type": "empty",
            "draw_filler": false
        }
    ]
}