{
  "category": "bewitchment:introduction",
  "name": "Altars",
  "icon": "bewitchment:stone_witch_altar",
  "advancement": "bewitchment:hidden_unlocks/barks",
  "priority": true,
  "pages": [
    {
      "type": "text",
      "text": "Altars are the cornerstone of any witch's lair. they can be used to collect energy - henceforth referred to as ME (magical energy). This energy is essential to most witchcraft, and is collected from nearby plants. You'll want many different plants to collect maximum power."
    },
    {
      "type": "text",
      "text": "You may also place swords, pentacles, and wands atop the altar to modify it.$(br2)Swords will increase the storage multiplier. Pentacles such as Skulls and Gems will increase gain. Wands such as $(l:bewitchment:tools/candelabras)Candelabras$(), Lanterns, and Torches will give a flat bonus on capacity."
    },
    {
      "type": "patchouli:text",
      "text": "Altars are created by putting a carpet on their base block. The choice of base block and carpet is of cosmetic nature only and tied to one of the three realms.$(br2)Nearby altars will fill a player's Internal ME Buffer, which is used for magic such as trinkets or $(l:bewitchment:tools/brooms)Brooms$().",
      "anchor": "internalme"
    },
    {
      "type": "patchouli:image",
      "images": [
        "bewitchment:textures/gui/patchouli/altar.png"
      ],
      "border": true
    },
    {
      "type": "crafting",
      "title": "Overworld",
      "recipe": "bewitchment:stone_witch_altar",
      "recipe2": "bewitchment:mossy_cobblestone_witch_altar"
    },
    {
      "type": "patchouli:crafting",
      "title": " ",
      "recipe": "bewitchment:prismarine_witch_altar"
    },
    {
      "type": "patchouli:crafting",
      "title": "The Nether",
      "recipe": "bewitchment:nether_brick_witch_altar",
      "recipe2": "bewitchment:blackstone_witch_altar"
    },
    {
      "type": "patchouli:crafting",
      "title": " ",
      "recipe": "bewitchment:golden_witch_altar"
    },
    {
      "type": "patchouli:crafting",
      "title": "The End",
      "recipe": "bewitchment:end_stone_witch_altar",
      "recipe2": "bewitchment:obsidian_witch_altar"
    },
    {
      "type": "patchouli:crafting",
      "title": " ",
      "recipe": "bewitchment:purpur_witch_altar"
    }
  ]
}
