{
  "category": "bewitchment:introduction",
  "name": "Juniper Trees",
  "icon": "bewitchment:juniper_sapling",
  "pages": [
    {
      "type": "text",
      "text": "The Juniper tree represents life. You can insert up to three $(l:bewitchment:tools/taglock)Taglocks$() into blocks made with this wood. On use, these blocks will gather $(l:bewitchment:tools/taglock)Taglocks$() of anyone but their owner.$(br2)$(l:bewitchment:tools/taglock)Taglocks$() are inserted by sneaking while using them on the block; you can gather them by using an $(l:bewitchment:tools/athame)Athame$() while sneaking."
    },
    {
      "type": "patchouli:image",
      "images": [
        "bewitchment:textures/gui/patchouli/juniper_tree.png"
      ],
      "border": true
    },
    {
      "type": "patchouli:crafting",
      "recipe": "bewitchment:juniper_wood",
      "recipe2": "bewitchment:juniper_planks"
    },
    {
      "type": "patchouli:crafting",
      "recipe": "bewitchment:juniper_stairs",
      "recipe2": "bewitchment:juniper_slab"
    },
    {
      "type": "patchouli:crafting",
      "recipe": "bewitchment:juniper_fence",
      "recipe2": "bewitchment:juniper_fence_gate"
    },
    {
      "type": "patchouli:crafting",
      "recipe": "bewitchment:juniper_pressure_plate",
      "recipe2": "bewitchment:juniper_button"
    },
    {
      "type": "patchouli:crafting",
      "recipe": "bewitchment:juniper_trapdoor",
      "recipe2": "bewitchment:juniper_door"
    },
    {
      "type": "patchouli:crafting",
      "recipe": "bewitchment:juniper_chest",
      "recipe2": "bewitchment:trapped_juniper_chest"
    },
    {
      "type": "patchouli:crafting",
      "recipe": "bewitchment:juniper_sign",
      "recipe2": "bewitchment:juniper_boat"
    }
  ]
}
