{
  "category": "bewitchment:introduction",
  "name": "鹽",
  "icon": "bewitchment:salt",
  "pages": [
    {
      "type": "patchouli:text",
      "text": "Used since ancient times, Salt can be placed as a dust to block unholy creatures, giving it a reputation as a protector.$(br2)Other than being protective, Salt also serves as a common witching material.$(br2)Salt Ore can be found close to the surface, making it easy to mine."
    },
    {
      "type": "patchouli:image",
      "images": [
        "bewitchment:textures/gui/patchouli/salt_ore.png"
      ],
      "border": true
    },
    {
      "type": "patchouli:crafting",
      "recipe": "bewitchment:salt_block"
    }
  ]
}
