{
	"name": "石碑",
	"icon": "ancientspellcraft:stone_tablet",
	"category": "ancient_knowledge",
	"sortnum": 1,
	"advancement": "ancientspellcraft:relics",
	"pages": [
		{
			"type": "text",
			"text": "Stone tablets were written in the language of the ancients, little is known about this long-dead dialect and even fewer can decipher them. $(br) $(br) $(o)Perhaps studying them with your Sphere could help?"
		},
		{
			"type": "spotlight",
			"item": "ancientspellcraft:stone_tablet_small",
			"text": "這些是最小的書面知識片段，通常是大表破碎成碎片的結果。",
			"link_recipe": false
		},
		{
			"type": "spotlight",
			"item": "ancientspellcraft:stone_tablet",
			"text": "有一點碎裂，但大部分完好無損",
			"link_recipe": false
		},
		{
			"type": "spotlight",
			"item": "ancientspellcraft:stone_tablet_large",
			"text": "這些大石碑非常罕見",
			"link_recipe": false
		},
		{
			"type": "spotlight",
			"item": "ancientspellcraft:stone_tablet_grand",
			"text": "The largest stone tablets - and the most rare of its kind.",
			"link_recipe": false
		}
	]
}