{
  "name": "Digital Agonizer",
  "icon": "deepmoblearningbm:digital_agonizer",
  "category": "4_bm",
  "sortnum": 0,
  "pages": [
    {
      "type": "text",
      "text": "When supplied with $(l:1_machines/3_energy)Energy$() and a $(l:0_introduction/2_data_models)Data Model$() it will $(item)Digitally Torture$() the AI inside the $(l:0_introduction/2_data_models)Data Model$().$(br2)Besides being really fun, this process will also produce $(item)Life Essence$() for the $(item)Blood Altar$() that's linked to the $(item)Digital Agonizer$()."
    },
    {
      "type": "recipelookup",
      "recipe": "deepmoblearningbm:digital_agonizer",
      "text": "The amount of $(item)Life Essence$() it produces depends on the $(item)Catalyst$() being used, how many $(item)Sacrifice Runes$() the $(item)Blood Altar$() has and what $(item)Tier$() the $(l:0_introduction/2_data_models)Model$() is."
    },
    {
      "type": "text",
      "title": "原料",
      "text": "$(item)Catalysts$() can be used to amplify how much $(item)Life Essence$() you get per $(item)Operation$().$(br2)$(item)Catalysts$() varies in potency and how many operations it can amplify before running out.$(br2)You can find a list of $(item)Catalysts$() in $(item)JEI$()."
    }
  ]
}