{
    "name": "黑石魔像祭壇",
    "icon": "minecraft:dragon_egg",
    "category": "adventurez:block_category",
    "pages": [
        {
            "type": "text",
            "title": "Blackstone Golem Altar",
            "text": "這個祭壇是由黑石製成的，在地獄的深處發現。把它建在地獄，可以召喚出你所見過的最致命的生物。"
        },
        {
            "type": "multiblock",
            "text": "該平台可使用任何類型的黑石建造",
            "multiblock": {
                "pattern": [
                    [
                        "     S     ",
                        " PPPPPPPPP ",
                        " PCCCCCCCP ",
                        " PCPPPPPCP ",
                        " PCPOOOPCP ",
                        "SPCPO0OPCPS",
                        " PCPOOOPCP ",
                        " PCPPPPPCP ",
                        " PCCCCCCCP ",
                        " PPPPPPPPP ",
                        "     S     "
                    ]
                ],
                "mapping": {
                    "S": "adventurez:stone_holder_block",
                    "P": "minecraft:polished_blackstone",
                    "O": "minecraft:polished_blackstone_bricks",
                    "C": "minecraft:cracked_polished_blackstone_bricks",
                    "0": "minecraft:polished_blackstone"
                },
                "symmetrical": true
            }
        }
    ]
}