{
    "name": "黑石魔像祭壇",
    "icon": "minecraft:dragon_egg",
    "category": "adventurez:block_category",
    "pages": [
        {
            "type": "text",
            "title": "黑石魔像祭壇",
            "text": "This Altar is made out blackstone which is found in the depths of The Nether. Build it inside the Nether to summon the deadliest creature you have ever seen."
        },
        {
            "type": "multiblock",
            "text": "The platform can build with any type of Blackstone",
            "multiblock": {
                "pattern": [
                    [
                        "     S     ",
                        " PPPPPPPPP ",
                        " PCCCCCCCP ",
                        " PCPPPPPCP ",
                        " PCPOOOPCP ",
                        "SPCPO0OPCPS",
                        " PCPOOOPCP ",
                        " PCPPPPPCP ",
                        " PCCCCCCCP ",
                        " PPPPPPPPP ",
                        "     S     "
                    ]
                ],
                "mapping": {
                    "S": "adventurez:stone_holder_block",
                    "P": "minecraft:polished_blackstone",
                    "O": "minecraft:polished_blackstone_bricks",
                    "C": "minecraft:cracked_polished_blackstone_bricks",
                    "0": "minecraft:polished_blackstone"
                },
                "symmetrical": true
            }
        }
    ]
}