{
	"name": "眼神神殿",
	"icon": "minecraft:dragon_egg",
	"category": "adventurez:block_category",
	"pages": [
		{
			"type": "text",
			"title": "The Eye Shrine",
			"text": "這個神殿從Minecraft中最稀有的方塊中抽取能量：龍蛋。把它建在終界裡，可以召喚出致命的生物眼睛。"
		},
		{
			"type": "multiblock",
			"text": "底層也可以用哭泣的黑曜石來建造。",
			"offset": [
				0,
				4,
				0
			],
			"multiblock": {
				"pattern": [
					[
						"     ",
						" E E ",
						"  D  ",
						" E E ",
						"     "
					],
					[
						"E   E",
						" CCC ",
						" CCC ",
						" CCC ",
						"E   E"
					],
					[
						"OOOOO",
						"OOOOO",
						"OO0OO",
						"OOOOO",
						"OOOOO"
					]
				],
				"mapping": {
					"O": "minecraft:obsidian",
					"C": "minecraft:crying_obsidian",
					"E": "minecraft:end_rod",
					"D": "minecraft:dragon_egg",
					"0": "minecraft:obsidian"
				},
				"symmetrical": true
			}
		}
	]
}