{
  "name": "鍊金術桌",
  "icon": "bloodmagic:alchemytable",
  "category": "bloodmagic:alchemy_table",
  "pages": [
    {
      "type": "text",
      "text": "些許原料，少量 LP，小小鍊金術桌，卻能創造出諸多奇妙事物！$(br2)鍊金術桌的許多內容還處於待完善狀態。$(br2)游標懸停在 LP 箭頭上，便可以查看到更多訊息。"
    },
    {
      "type": "crafting",
      "recipe": "bloodmagic:alchemy_table",
      "text": "When looking at $(item)Alchemy Table$() recipes in this book (or in $(thing)JEI$()), please hover over the arrow with an \"LP\" label to view Time, $(blood)LP$() drain, and Tier information."
    },
    {
      "type": "image",
      "images": [
        "bloodmagic:images/entries/alchemy_table/alchemy_table_gui.png"
      ],
      "title": "鍊金術桌 GUI",
      "border": true,
      "text": "鍊金術桌可以被注入或是提取物品。以下這些按鈕的使用方法。"
    },
    {
      "type": "text",
      "text": "$(item)鍊金術桌$()的右手邊有幾個按鈕。按順序它們分別為：$(bold)下$()，$(bold)上$()，$(bold)北$()，$(bold)南$()，$(bold)西$()以及$(bold)東$()。使用方法為：首先，點擊桌內的任意一個欄位（在這裡，我們選擇點擊中央的「完成的物品」槽作為示例。）；接著，點擊六個按鈕中的一個，來切換$(item)鍊金術桌$()是否允許從一面對選擇欄位進行外部介入，例如$(item)漏斗$()，管道或是其他類似的東西。"
    },
    {
      "type": "text",
      "text": "若想退回到鍊金術桌的正常功能，再次點擊欄位取消選擇即可。欄位內顯示的圖示意味著它是否會接受輸入或是抽取輸出。在示例圖片中，我們令中央欄位僅接受從$(bold)下$()方接入的管道，來對欄位進行抽取的工作，任何嘗試從其他面進行的抽取行為都會失敗。$(br2)以下頁面記錄了一些目前可以在鍊金術桌內進行的配方。"
    },
    {
      "type": "image",
      "images": [
        "bloodmagic:images/entries/alchemy_table/alchemy_table_orb_error.png",
        "bloodmagic:images/entries/alchemy_table/alchemy_table_soul_error.png"
      ],
      "title": "Alchemy Table Errors",
      "anchor": "errors",
      "border": true,
      "text": "The Alchemy Table will tell you when something is wrong."
    },
    {
      "type": "text",
      "text": "The two most common reasons for a recipe to not work in the Alchemy Table are as follows: $(li)$(bold)Orb Error$(): Either there is no Blood Orb present in the relevant slot, or the Orb you are trying to use is not a high enough level for this recipe. $(li)$(bold)Soul Network Error$(): The orb is of a valid level, but either you have not bound it to yourself (right click while holding it), or your Soul Network does not have enough LP in it. $(br2)The following pages document a number of recipes currently available for the Alchemy Table,"
    },
    {
      "type": "3x_crafting_alchemy_table",
      "a.heading": "草",
      "a.recipe": "bloodmagic:alchemytable/grass_block",
      "b.heading": "皮革",
      "b.recipe": "bloodmagic:alchemytable/leather_from_flesh",
      "c.heading": "麵包",
      "c.recipe": "bloodmagic:alchemytable/bread"
    },
    {
      "type": "2x_crafting_alchemy_table",
      "a.heading": "黏土",
      "a.recipe": "bloodmagic:alchemytable/clay_from_sand",
      "b.heading": "線",
      "b.recipe": "bloodmagic:alchemytable/string"
    },
    {
      "type": "3x_crafting_alchemy_table",
      "a.heading": "植物油",
      "a.recipe": "bloodmagic:alchemytable/plantoil_from_wheat",
      "b.recipe": "bloodmagic:alchemytable/plantoil_from_carrots",
      "c.recipe": "bloodmagic:alchemytable/plantoil_from_taters"
    },
    {
      "type": "3x_crafting_alchemy_table",
      "a.heading": "植物油",
      "a.recipe": "bloodmagic:alchemytable/plantoil_from_beets",
      "b.heading": "煤砂",
      "b.recipe": "bloodmagic:alchemytable/sand_coal",
      "c.heading": "爆炸粉末",
      "c.recipe": "bloodmagic:alchemytable/explosive_powder"
    },
    {
      "type": "3x_crafting_alchemy_table",
      "a.heading": "燧石",
      "a.recipe": "bloodmagic:alchemytable/flint_from_gravel",
      "b.heading": "Saltpeter",
      "b.recipe": "bloodmagic:alchemytable/saltpeter",
      "c.heading": "Gunpowder",
      "c.recipe": "bloodmagic:alchemytable/gunpowder"
    },
    {
      "type": "2x_crafting_alchemy_table",
      "a.heading": "Lava Bucket",
      "a.recipe": "bloodmagic:alchemytable/sigil_lava_bucket",
      "b.heading": "Water Bucket",
      "b.recipe": "bloodmagic:alchemytable/sigil_water_bucket"
    },
    {
      "type": "text",
      "text": "The $(l:bloodmagic:alchemy_array/sigil/lava)Lava$() and $(l:bloodmagic:alchemy_array/sigil/water)Water Sigils$() are not consumed in either of these recipes. What's more, the $(item)Water Sigil$() can be used in place of a $(water)Water Bucket$() in any Alchemy Table Recipe."
    }
  ]
}
