{
  "name": "鍊金術桌",
  "icon": "bloodmagic:alchemytable",
  "category": "bloodmagic:alchemy_table",
  "pages": [
    {
      "type": "text",
      "text": "些許原料，少量 LP，小小鍊金術桌，卻能創造出諸多奇妙事物！$(br2)鍊金術桌的許多內容還處於待完善狀態。$(br2)游標懸停在 LP 箭頭上，便可以查看到更多訊息。"
    },
    {
      "type": "crafting",
      "recipe": "bloodmagic:alchemy_table",
      "text": "查看本書(或$(thing)JEI$())中的$(item)鍊金術桌$()配方時，將鼠標停在帶有“LP”標籤的箭頭上以查看時間、$(blood)LP$()消耗和層級的相關信息。"
    },
    {
      "type": "image",
      "images": [
        "bloodmagic:images/entries/alchemy_table/alchemy_table_gui.png"
      ],
      "title": "鍊金術桌 GUI",
      "border": true,
      "text": "鍊金術桌可以被注入或是提取物品。以下這些按鈕的使用方法。"
    },
    {
      "type": "text",
      "text": "$(item)鍊金術桌$()的右手邊有幾個按鈕。按順序它們分別為：$(bold)下$()，$(bold)上$()，$(bold)北$()，$(bold)南$()，$(bold)西$()以及$(bold)東$()。使用方法為：首先，點擊桌內的任意一個欄位（在這裡，我們選擇點擊中央的「完成的物品」槽作為示例。）；接著，點擊六個按鈕中的一個，來切換$(item)鍊金術桌$()是否允許從一面對選擇欄位進行外部介入，例如$(item)漏斗$()，管道或是其他類似的東西。"
    },
    {
      "type": "text",
      "text": "若想退回到鍊金術桌的正常功能，再次點擊欄位取消選擇即可。欄位內顯示的圖示意味著它是否會接受輸入或是抽取輸出。在示例圖片中，我們令中央欄位僅接受從$(bold)下$()方接入的管道，來對欄位進行抽取的工作，任何嘗試從其他面進行的抽取行為都會失敗。$(br2)以下頁面記錄了一些目前可以在鍊金術桌內進行的配方。"
    },
    {
      "type": "image",
      "images": [
        "bloodmagic:images/entries/alchemy_table/alchemy_table_orb_error.png",
        "bloodmagic:images/entries/alchemy_table/alchemy_table_soul_error.png"
      ],
      "title": "鍊金術桌錯誤",
      "anchor": "errors",
      "border": true,
      "text": "煉金術桌會在出現錯誤時告訴您。"
    },
    {
      "type": "text",
      "text": "配方在煉金術桌中不起作用的兩個最常見原因如下：$(li)$(bold)氣血寶珠錯誤$()：相關插槽中沒有氣血寶珠，或者您所使用的氣血寶珠等級不夠高無法在此配方使用。$(li)$(bold)靈魂網路錯誤$()：氣血寶珠的等級是有效的，但是你沒有綁定它（拿著它點擊右鍵），或者你的靈魂網絡沒有足夠的LP。$(br2)以下頁面記錄了當前可用於煉金術桌的一些配方，"
    },
    {
      "type": "3x_crafting_alchemy_table",
      "a.heading": "草",
      "a.recipe": "bloodmagic:alchemytable/grass_block",
      "b.heading": "皮革",
      "b.recipe": "bloodmagic:alchemytable/leather_from_flesh",
      "c.heading": "麵包",
      "c.recipe": "bloodmagic:alchemytable/bread"
    },
    {
      "type": "2x_crafting_alchemy_table",
      "a.heading": "黏土",
      "a.recipe": "bloodmagic:alchemytable/clay_from_sand",
      "b.heading": "線",
      "b.recipe": "bloodmagic:alchemytable/string"
    },
    {
      "type": "3x_crafting_alchemy_table",
      "a.heading": "植物油",
      "a.recipe": "bloodmagic:alchemytable/plantoil_from_wheat",
      "b.recipe": "bloodmagic:alchemytable/plantoil_from_carrots",
      "c.recipe": "bloodmagic:alchemytable/plantoil_from_taters"
    },
    {
      "type": "3x_crafting_alchemy_table",
      "a.heading": "植物油",
      "a.recipe": "bloodmagic:alchemytable/plantoil_from_beets",
      "b.heading": "煤砂",
      "b.recipe": "bloodmagic:alchemytable/sand_coal",
      "c.heading": "爆炸粉末",
      "c.recipe": "bloodmagic:alchemytable/explosive_powder"
    },
    {
      "type": "3x_crafting_alchemy_table",
      "a.heading": "燧石",
      "a.recipe": "bloodmagic:alchemytable/flint_from_gravel",
      "b.heading": "硝石",
      "b.recipe": "bloodmagic:alchemytable/saltpeter",
      "c.heading": "火藥",
      "c.recipe": "bloodmagic:alchemytable/gunpowder"
    },
    {
      "type": "2x_crafting_alchemy_table",
      "a.heading": "熔岩桶",
      "a.recipe": "bloodmagic:alchemytable/sigil_lava_bucket",
      "b.heading": "水桶",
      "b.recipe": "bloodmagic:alchemytable/sigil_water_bucket"
    },
    {
      "type": "text",
      "text": "$(l:bloodmagic:alchemy_array/sigil/lava)熔岩印記$()和$(l:bloodmagic:alchemy_array/sigil/water)水之印記$() 在這兩個配方中都不會消耗。更重要的是，$(item)水之印記$()可以用來代替任何煉金術桌配方中的$(water)水桶$()。"
    }
  ]
}
