{
  "name": "你的第一塊鋼",
  "category": "modern_industrialization:steam_age",
  "icon": "modern_industrialization:steel_ingot",
  "pages": [
    {
      "type": "text",
      "text": "你可以將焦炭研磨為焦炭粉，將其與鐵合成可獲得生鋼粉。使用攪拌機可以獲得更多產物。現在你需要蒸汽高爐來將其轉換為鋼。$(br2)和焦爐一樣，你需要控制器、29塊耐火黏土磚和3個倉。"
    },
    {
      "type": "crafting",
      "recipe": "modern_industrialization:steam_age/fireclay/steam_blast_furnace",
      "text": "高爐結構和焦爐相似，不過用的是耐火黏土磚，多了一層空心耐火黏土磚。"
    }
  ],
  "sortnum": 10
}