{
  "name": "Small Electrical Furnace",
  "icon": "engineersdecor:small_electrical_furnace",
  "category": "crafting",
  "sortnum": 5040,
  "pages": [
    {
      "type": "spotlight",
      "title": "Electrical Furnace",
      "item": "engineersdecor:small_electrical_furnace",
      "text": "An RF electrically operated pass-through kiln, suitable for automated manufacturing lines. Like the $(o)Small Lab Furnace$(), it has three input FiFo slots (internal hoppers) for smelting or cooking ingredients, three output Fifo slots, as well as one auxiliary slot for storage. There are no fuel slots.$(br)The internal FiFo pipeline"
    },
    {
      "type": "text",
      "text": "transports materials as whole stacks into the processing chamber. Smelted stacks are automatically inserted into the inventory at the output side (side marked orange; chests, conveyors, etc).$(br)Power can be provided at all sides of the device.$(br)If an item is inserted that the furnace cannot process, it will be by-passed from the input to the output FiFo, instead of blocking the furnace."
    },
    {
      "type": "text",
      "text": "To get information weather the furnace is currently working and fed, attach a $(o)Redstone Probe Connector$() (or $(o)Redstone Comparator$()). If all slots in the input FiFo are empty or the furnace is unpowered, then the output is zero. For each non-empty input slot the power increases by 5 (if powered that is).$(br)If you need to relocate the device, you can break it with a pick. Items will remain in place."
    },
    {
      "type": "text",
      "text": "$(l)Speed override switch$()$(br)A four-position switch in the bottom right area of the GUI allows to alter the processing speed of the furnace. Default is position 1 (normal). At high power expenses, you can alter this: $(br)$(li)Position 0: OFF$(li)Position 1: x1.0 -> RF x1$(li)Position 2: x1.5 -> RF x2$(li)Position 3: x2.0 -> RF x4$(br2)(Positions 0..4 are down, left, top, right)."
    },
    {
      "type": "text",
      "text": "$(l)Automatic feeding support$()$(br)Placing a Hopper or Factory Hopper into the auxiliary slot at the bottom left of the GUI allows to automatically draw items from inventories at the input side (marked blue). The feeding mechanism will operate only when the first input FiFo slot is empty.$(br)$(o)Side note: The furnace passes stacks that it cannot process directly to the output, so it does not get stuck when some unsmeltable items are pulled in.$()"
    },
    {
      "type": "text",
      "text": ""
    }
  ]
}
