{
  "name": "Small Laboratory Furnace",
  "icon": "engineersdecor:small_lab_furnace",
  "category": "crafting",
  "sortnum": 5030,
  "pages": [
    {
      "type": "spotlight",
      "title": "Laboratory Furnace",
      "item": "engineersdecor:small_lab_furnace",
      "text": "Various manual kilns are used in industries for prototyping, preparing materials or alloys for further processing or analysis, and also to $(t:[believe me, I saw that with me own eyes])make pizza$().$(br)This Laboratory Furnace can be crafted early as a fuel efficient and fast alternative to the cobblestone furnace."
    },
    {
      "type": "text",
      "text": "As shown in the GUI, it has additional hopper slots (FiFo slots) for the fuel input, the smelting/cooking input, and the output. Items are transported one-by-one from the left to the right. Hence, three stacks can be processed before you need to refill and extract (you get the smelting XP when doing this by hand).$(br)The two auxiliary slots at the bottom-right can be used as general purpose storage (e.g. for coal reserves), but also to enable additional features (read on)."
    },
    {
      "type": "text",
      "text": "When you break the furnace to relocate it or for putting it in your inventory, all items inside stay in place.$(br)Item transfer input for fuel is at the sides, smelting input at the top, and the output and bucket extraction at the bottom (same as cobblestone furnace).$(br2)The comparator output reflects number of $(o)smelting input slots$() that are not empty (0,5,10,15). Also if there is no $(o)fuel$() left, the comparator output will be also zero."
    },
    {
      "type": "text",
      "text": "$(l)RF power speed-up:$() When putting an $(o)$(t:Immersive Engineering)IE$() $(o)External Heater$() into one ot the two auxiliary slots and provide RF power to the Lab Furnace, it processes $(t:Configurable, best to try it out for the pack you are playing)much faster$()."
    }
  ]
}
