{
  "name": "botania.entry.hourglass",
  "category": "botania:devices",
  "icon": "botania:hourglass",
  "priority": true,
  "advancement": "botania:main/mana_pool_pickup",
  "pages": [
    {
      "type": "text",
      "text": "botania.page.hourglass0"
    },
    {
      "type": "text",
      "text": "botania.page.hourglass1"
    },
    {
      "type": "text",
      "text": "botania.page.hourglass2"
    },
    {
      "type": "text",
      "text": "botania.page.hourglass3"
    },
    {
      "type": "text",
      "text": "botania.page.hourglass4"
    },
    {
      "type": "text",
      "text": "botania.page.hourglass6"
    },
    {
      "type": "crafting",
      "text": "botania.page.hourglass5",
      "recipe": "botania:hourglass"
    }
  ]
}
