{
    "name": "Your First Reactor",
    "icon": "bigreactors:reactorcasing",
    "category": "bigreactors:intro",
    "pages": [
        {
            "type": "text",
            "text": "The Reactor is a multiblock machine whose primary job is to produce energy, and a lot of it.$(br2)A multiblock machine is composed by many different blocks that you will place in the world next to each others.$(br2)To craft and power the Reactor you need Yellorium ingots, so go mine some Yellorite Ore and smelt it right away!"
        },
        {
            "type": "multiblock",
            "multiblock": {
                "mapping": {
                    "0": "bigreactors:reactorcasing",
                    "C": "bigreactors:reactorcasing",
                    "F": "bigreactors:reactorfuelrod",
                    "R": "bigreactors:reactorcontrolrod",
                    "A": "bigreactors:reactoraccessport",
                    "E": "bigreactors:reactorpowertaprf",
                    "X": "bigreactors:reactorcontroller"
                },
                "pattern": [
                    [
                        "CCC",
                        "CRC",
                        "CCC"
                    ],
                    [
                        "CCC",
                        "EFA",
                        "CXC"
                    ],
                    [
                        "CCC",
                        "C0C",
                        "CCC"
                    ]
                ]
            }
        },
        {
            "type": "text",
            "text": "To build your first Reactor you need to craft the following Basic Reactor blocks:$(br2)$(li)22x Casing$(li)1x Controller$(li)1x Control Rod$(li)1x Fuel Rod$(li)1x Access Port$(li)1x Redstone Flux Power Tap$(br2)The Glass block is actually optional and can be replaced by another Casing block."
        },
        {
            "type": "crafting",
            "recipe": "bigreactors:reactorcasingcores",
            "recipe2": "bigreactors:reactorcasing"
        },
        {
            "type": "crafting",
            "recipe": "bigreactors:reactorglass_vanillaglass",
            "recipe2": "bigreactors:reactorcontroller"
        },
        {
            "type": "crafting",
            "recipe": "bigreactors:reactorcontrolrod",
            "recipe2": "bigreactors:reactorfuelrod_vanillaglass"
        },
        {
            "type": "crafting",
            "recipe": "bigreactors:reactoraccessport",
            "recipe2": "bigreactors:reactorpowertaprf"
        },
        {
            "type": "text",
            "text": "Once you have crafted all the required blocks, you are ready to build your first Reactor.$(br2)Place the blocks in your world using the following diagram, putting the Fuel Rod in the center with a Casing below."
        },
        {
            "type": "text",
            "text": "If all goes well, when you place the last block the Reactor will form and you can now open the Controller interface by right-clicking on the Controller block.$(br2)If nothing happens, right click on any block you placed down: you will get an error message that should explain what the problem is. Once you have fixed it, you should have a formed Reactor or another error message waiting for you."
        },
        {
            "type": "text",
            "text": "Now that your Reactor is ready, it's time to put some fuel in it.$(br2)Pick up more Yellorium ingots and right-click on the Access Port. Set the Port to Inlet mode and place your ingots in the input slot.$(br2)The ingots will be quickly consumed by the Reactor and turned into fuel.$(br2)Open the Controller interface and turn your Reactor on!"
        },
        {
            "type": "text",
            "text": "As the Reactor heats up, energy is slowly being produced and the internal energy buffer filled.$(br2)To use the energy stored inside the Reactor you need to connect some sort of energy pipe or a machine to the Power Tap."
        },
        {
            "type": "text",
            "text": "Congratulations, you have built your first Reactor!$(br2)Use it to generate all the energy you need for your early game needs and them move on to build other Reactors and Turbines after you have read the remainder of this handbook."
        }
    ]
}