{
    "name": "礦物",
    "icon": "bigreactors:oreyellorite",
    "category": "bigreactors:intro",
    "read_by_default": true,
    "pages": [
        {
            "type": "spotlight",
            "item": "bigreactors:oreyellorite",
            "text": "這將會是反應爐生產能量所需的燃料來源。$(br2)黃鈾可以在大多數的生態系被找到然後可以被熔煉成黃鈾錠"
        },
        {
            "type": "smelting",
            "recipe": "bigreactors:oreyellorite",
            "text": "黃鈾，在形成錠或者方塊，可以被填入訪問接口被轉換成反應爐燃料"
        },
        {
            "type": "spotlight",
            "item": "bigreactors:orebenitoite",
            "text": "這個礦物只可以在地獄隱秘處找到。$(br2)抬頭。或者低頭。"
        },
        {
            "type": "spotlight",
            "item": "bigreactors:mineralbenitoite",
            "text": "藍錐晶體有一些異常特性你还没有找到它的用途。"
        },
        {
            "type": "spotlight",
            "item": "bigreactors:oreanglesite",
            "text": "你需要在你的旅程抵達終界來找到這種難以預見的礦。"
        },
        {
            "type": "spotlight",
            "item": "bigreactors:mineralanglesite",
            "text": "這個晶體很閃亮和漂亮，但是你還不知道如何充分利用它們。"
        }
    ]
}