{
  "title": "遺失的頁面",
  "text": [
    {
      "text": "歡迎閱讀第二版的《材料與你》。但很遺憾的是有些頁面似乎不見了！"
    },
    {
      "text": "這本書並沒有完成，但是講解了全部的材料和強化，之後的版本可能會增加更多的東西，所以請偶爾懷來翻一下這本書！",
      "paragraph": true
    },
    {
      "text": "哦，對了，如果你想問在哪裡能找到銅，鋁......\n我只能告訴你：匠魂只在地獄生成鈷礦石和阿迪特礦石，除此之外不再生成任何其他礦石，當然，它支援其他模組的礦石",
      "paragraph": true
    }
  ]
}