{
  "name": "鐵尖",
  "icon": "bloodmagic:bow_power_anointment",
  "category": "bloodmagic:alchemy_table/anointments",
  "extra_recipe_mappings": [
    [
      "bloodmagic:bow_power_anointment",
      0
    ]
  ],
  "pages": [
    {
      "type": "crafting_alchemy_table",
      "heading": "鐵尖",
      "recipe": "bloodmagic:alchemytable/bow_power_anointment",
      "text": "Increases the damage of fired arrows by 25%. Also stacks with Vanilla enchantments. $(br2)Valid items: Bows, Crossbows.$(br2)Applies: Heavy Shot I (256 shots)"
    }
  ]
}