{
  "name": "鐵尖",
  "icon": "bloodmagic:bow_power_anointment",
  "category": "bloodmagic:alchemy_table/anointments",
  "extra_recipe_mappings": [
    [
      "bloodmagic:bow_power_anointment",
      0
    ]
  ],
  "pages": [
    {
      "type": "crafting_alchemy_table",
      "heading": "鐵尖",
      "recipe": "bloodmagic:alchemytable/bow_power_anointment",
      "text": "使射出的箭矢傷害提高 25%。也與原版附魔疊加。 $(br2)有效物品：弓、弩。$(br2)適用：強擊 I（256發）"
    },
    {
      "type": "crafting_alchemy_table",
      "heading": "Iron Tip L",
      "recipe": "bloodmagic:alchemytable/bow_power_anointment_l",
      "text": "This upgraded version of the anointment lasts four times longer. $(br2)Applies: Heavy Shot I (1024 shots)"
    },
    {
      "type": "crafting_alchemy_table",
      "heading": "Iron Tip II",
      "recipe": "bloodmagic:alchemytable/bow_power_anointment_2",
      "text": "This upgraded version of the anointment increases the damage by 50% instead. $(br2)Applies: Heavy Shot II (256 shots)"
    }
  ]
}