{
  "name": "福耳圖那精華",
  "icon": "bloodmagic:fortune_anointment",
  "category": "bloodmagic:alchemy_table/anointments",
  "extra_recipe_mappings": [
    [
      "bloodmagic:fortune_anointment",
      0
    ]
  ],
  "pages": [
    {
      "type": "crafting_alchemy_table",
      "heading": "福耳圖那精華",
      "recipe": "bloodmagic:alchemytable/fortune_anointment",
      "text": "Increases the yield of some harvested blocks. Also stacks with the Fortune enchantment. $(br2)Valid items: Tools, Swords, Charges. $(br2)Applies: Fortunate I (256 blocks)"
    }
  ]
}