{
  "name": "福耳圖那精華",
  "icon": "bloodmagic:fortune_anointment",
  "category": "bloodmagic:alchemy_table/anointments",
  "extra_recipe_mappings": [
    [
      "bloodmagic:fortune_anointment",
      0
    ]
  ],
  "pages": [
    {
      "type": "crafting_alchemy_table",
      "heading": "福耳圖那精華",
      "recipe": "bloodmagic:alchemytable/fortune_anointment",
      "text": "增加一些物品的掉落量。 也與幸運附魔疊加。 $(br2)有效物品：工具、劍、炸藥。 $(br2)適用：幸運I（256塊）"
    },
    {
      "type": "crafting_alchemy_table",
      "heading": "Fortuna Extract L",
      "recipe": "bloodmagic:alchemytable/fortune_anointment_l",
      "text": "This upgraded version of the anointment lasts four times longer. $(br2)Applies: Fortunate I (1024 blocks)"
    },
    {
      "type": "crafting_alchemy_table",
      "heading": "Fortuna Extract II",
      "recipe": "bloodmagic:alchemytable/fortune_anointment_2",
      "text": "This upgraded version of the anointment increases the yield. $(br2)Applies: Fortunate II (256 blocks)"
    }
  ]
}