{
  "name": "礦工之秘",
  "icon": "bloodmagic:hidden_knowledge_anointment",
  "category": "bloodmagic:alchemy_table/anointments",
  "extra_recipe_mappings": [
    [
      "bloodmagic:hidden_knowledge_anointment",
      0
    ]
  ],
  "pages": [
    {
      "type": "crafting_alchemy_table",
      "heading": "礦工之秘",
      "recipe": "bloodmagic:alchemytable/hidden_knowledge_anointment",
      "text": "Blocks drop exp on successful harvest. Drops +2exp per block. $(br2)Valid items: Tools, Swords, Charges.$(br2)Applies: Miner's Secrets I (256 blocks)"
    }
  ]
}