{
  "name": "聖水",
  "icon": "bloodmagic:holy_water_anointment",
  "category": "bloodmagic:alchemy_table/anointments",
  "extra_recipe_mappings": [
    [
      "bloodmagic:holy_water_anointment",
      0
    ]
  ],
  "pages": [
    {
      "type": "crafting_alchemy_table",
      "heading": "聖水",
      "recipe": "bloodmagic:alchemytable/holy_water_anointment",
      "text": "暫時增加對不死生物造成的近戰傷害 +5。$(br2)有效物品：工具、劍。$(br2)適用：聖光 I（256 次命中） "
    }
  ]
}