{
  "name": "掠奪閃芒",
  "icon": "bloodmagic:looting_anointment",
  "category": "bloodmagic:alchemy_table/anointments",
  "extra_recipe_mappings": [
    [
      "bloodmagic:looting_anointment",
      0
    ]
  ],
  "pages": [
    {
      "type": "crafting_alchemy_table",
      "heading": "掠奪閃芒",
      "recipe": "bloodmagic:alchemytable/looting_anointment",
      "text": "Increases the drops from killed mobs. Also stacks with the Looting enchantment.$(br2)Valid items: Tools, Swords.$(br2)Applies: Plundering I (256 hits)"
    }
  ]
}