{
  "name": "掠奪閃芒",
  "icon": "bloodmagic:looting_anointment",
  "category": "bloodmagic:alchemy_table/anointments",
  "extra_recipe_mappings": [
    [
      "bloodmagic:looting_anointment",
      0
    ]
  ],
  "pages": [
    {
      "type": "crafting_alchemy_table",
      "heading": "掠奪閃芒",
      "recipe": "bloodmagic:alchemytable/looting_anointment",
      "text": "增加殺死生物時的掉落率。 也與掠奪附魔疊加。$(br2)有效物品：工具，劍。$(br2)適用：掠奪 I（256 次命中）"
    }
  ]
}