{
  "name": "磨刀油",
  "icon": "bloodmagic:melee_anointment",
  "category": "bloodmagic:alchemy_table/anointments",
  "extra_recipe_mappings": [
    [
      "bloodmagic:melee_anointment",
      0
    ]
  ],
  "pages": [
    {
      "type": "crafting_alchemy_table",
      "heading": "磨刀油",
      "recipe": "bloodmagic:alchemytable/melee_damage_anointment",
      "text": "暫時提高造成的近戰傷害 +3。 $(br2)有效物品：工具、劍。$(br2)適用：磨刀石I（256次點擊）"
    }
  ]
}