{
  "name": "迅捷溶劑",
  "icon": "bloodmagic:quick_draw_anointment",
  "category": "bloodmagic:alchemy_table/anointments",
  "extra_recipe_mappings": [
    [
      "bloodmagic:quick_draw_anointment",
      0
    ]
  ],
  "pages": [
    {
      "type": "crafting_alchemy_table",
      "heading": "迅捷溶劑",
      "recipe": "bloodmagic:alchemytable/quick_draw_anointment",
      "text": "弓和弩的拉弓時間減少33%。$(br2)有效物品：弓、弩。$(br2)適用：靈巧雙手I（256發）"
    }
  ]
}