{
  "name": "迅捷溶劑",
  "icon": "bloodmagic:quick_draw_anointment",
  "category": "bloodmagic:alchemy_table/anointments",
  "extra_recipe_mappings": [
    [
      "bloodmagic:quick_draw_anointment",
      0
    ]
  ],
  "pages": [
    {
      "type": "crafting_alchemy_table",
      "heading": "迅捷溶劑",
      "recipe": "bloodmagic:alchemytable/quick_draw_anointment",
      "text": "Lowers the draw time of bows and crossbows by 33%. $(br2)Valid items: Bows, Crossbows.$(br2)Applies: Deft Hands I (256 shots)"
    }
  ]
}