{
  "name": "柔韌塗層",
  "icon": "bloodmagic:silk_touch_anointment",
  "category": "bloodmagic:alchemy_table/anointments",
  "extra_recipe_mappings": [
    [
      "bloodmagic:silk_touch_anointment",
      0
    ]
  ],
  "pages": [
    {
      "type": "crafting_alchemy_table",
      "heading": "柔韌塗層",
      "recipe": "bloodmagic:alchemytable/silk_touch_anointment",
      "text": "Applies Silk Touch to blocks harvested. Does not stack with the vanilla enchantment.$(br2)Valid items: Tools, Swords, Charges.$(br2)Applies: Soft Touch I (256 blocks)"
    }
  ]
}