{
  "name": "Soft Coating",
  "icon": "bloodmagic:silk_touch_anointment",
  "category": "bloodmagic:alchemy_table/anointments",
  "extra_recipe_mappings": [
    [
      "bloodmagic:silk_touch_anointment",
      0
    ]
  ],
  "pages": [
    {
      "type": "crafting_alchemy_table",
      "heading": "Soft Coating",
      "recipe": "bloodmagic:alchemytable/silk_touch_anointment",
      "text": "對採集的方塊施加絲綢之觸。 不與原版附魔疊加。$(br2)有效物品：工具、劍、炸藥。$(br2)適用：絲綢之觸 I（256 塊）"
    },
    {
      "type": "crafting_alchemy_table",
      "heading": "Soft Coating L",
      "recipe": "bloodmagic:alchemytable/silk_touch_anointment_l",
      "text": "This upgraded version of the anointment lasts four times longer. $(br2)Applies: Soft Touch I (1024 blocks)"
    }
  ]
}