{
  "name": "緩燃紅油",
  "icon": "bloodmagic:smelting_anointment",
  "category": "bloodmagic:alchemy_table/anointments",
  "extra_recipe_mappings": [
    [
      "bloodmagic:smelting_anointment",
      0
    ]
  ],
  "pages": [
    {
      "type": "crafting_alchemy_table",
      "heading": "緩燃紅油",
      "recipe": "bloodmagic:alchemytable/smelting_anointment",
      "text": "使用熱量來熔煉收穫的方塊。 $(br2)有效物品：工具、劍、費用。 $(br2)適用：加熱工具I（256塊） "
    }
  ]
}