{
  "name": "夥伴綁定",
  "icon": "minecraft:enchanted_book",
  "category": "buddycards:enchantments",
  "sortnum": 0,
  "pages": [
    {
      "type": "text",
      "text": "可以在勳章和集卡冊上使用的附魔，帶有夥伴綁定的物品隨等級有58% / 80% /100% 的機率死亡後不掉落。"
    },
    {
      "type": "spotlight",
      "title": "附魔等級",
      "item": "minecraft:enchanted_book{Enchantments: [{id:\"buddycards:buddy_binding\", lvl: 3}]}",
      "text": "夥伴綁定有 3 個等級。 對於夥伴綁定 I，任何附魔台都可以。 夥伴綁定 II 需要一個 15 級的附魔台，而夥伴綁定 III 將需要一個 30 級或滿級的附魔台。"
    }
  ]
}