{
    "name": "多根土壤",
    "read_by_default": "true",
    "icon": "minecraft:grass",
    "category": "features",
    "sortnum": "2",
    "pages": [
        {
            "type": "text",
            "title": "多根土壤",
            "text": "- 為樹木提供養分，但隨著時間的推移可能會枯竭。$(br2)- 與骨粉一起使用會增加土壤肥力，並使樹木生長超過其成熟狀態。$(br2)- 與各種釀造的藥水一起使用以獲得不同的效果。"
        },
        {
            "type": "text",
            "text": "- 當將一種作用物質套用於土壤或最底部的樹幹方塊時，會在整棵樹上產生特殊效果粒子。$(br2)- 比較器可用於檢測土壤肥沃水準。"
        }
    ]
}