{
    "name": "Rooty Soil",
    "read_by_default": "是",
    "icon": "minecraft:grass",
    "category": "features",
    "sortnum": "2",
    "pages": [
        {
            "type": "text",
            "title": "Rooty Soil",
            "text": "- Provides nutrients to trees and can be depleted over time.$(br2)- Applied with bone meal will increase soil fertility and allows the tree to grow past its mature state.$(br2)- Applied with various brewed potions for different effects."
        },
        {
            "type": "text",
            "text": "- Special effect particles are created on the entire tree when an acting substance is applied to the soil or bottom-most trunk block.$(br2)- Comparators can be used to sense soil fertility level."
        }
    ]
}