{
    "name": "樹木",
    "icon": "dynamictrees:oakseed",
    "category": "features",
    "sortnum": "1",
    "pages": [
        {
            "type": "text",
            "title": "樹木",
            "text": "- 隨著時間的推移，樹木逐漸從種子長成成熟的樹木。$(br2)- 樹木以自然的方式在障礙物周圍生長。$(br2)- 樹木的生長速度和成熟大小取決於生態域、溫度和降雨量。$(br2)- 隨機掉落可能自行種植的種子。"
        },
        {
            "type": "text",
            "text": "- 樹不會在黑暗中生長。沒有連接到外部樹枝或缺乏光照的葉子會枯萎。沒有葉子的外枝慢慢腐爛。$(br2)- 在樹葉方塊上行走會變得緩慢且會下沉。落在樹葉上可以防止墜落傷害並破壞樹葉方塊。$(br2)- 原版樹木果實（蘋果、可可豆）$(br2)- 細細的樹枝可以像梯子一樣攀爬。"
        }
    ]
}