{
  "name": "導熱框架",
  "icon": "pneumaticcraft:heat_frame",
  "category": "semiblocks",
  "advancement": "pneumaticcraft:root",
  "pages": [
    {
      "type": "text",
      "text": "該物品可以被放置在任何$(thing)容器/$上。當被相鄰的$(l:base_concepts/heat)熱源/$加熱時其將試圖熔煉容器中的物品（被冷卻時則試圖凍結）。只有容器中有可供放置產物的空間時，這一嘗試才可成功。施加熱量越多，熔煉過程越快，最快為每秒一個物品。類似的，冷卻越多，凍結速度越快。"
    },
    {
      "type": "link",
      "flag": "mod:crafttweaker",
      "title": "CraftTweaker",
      "text": "$(thing)導熱框架/$的冷卻配方支持被 $(l:https://minecraft.curseforge.com/projects/crafttweaker)CraftTweaker/$ 修改（熔煉配方使用原版$(item)熔爐/$的熔煉配方）：合成配方可以被加入或移除，見下面連接以獲得更多資訊。",
      "url": "https://docs.blamejared.com/1.12/zh/Mods/PneumaticCraft_Repressurized/HeatFrameCooling/",
      "link_text": "CraftTweaker 檔案"
    },
    {
      "type": "crafting",
      "text": "導熱框架的合成表",
      "recipe": "pneumaticcraft:heat_frame"
    }
  ]
}