{
    "processor": "com.hollingsworth.arsnouveau.client.patchouli.EnchantmentProcessor",
    "components": [
        {
            "type": "header",
            "text": "Enchanting Apparatus",
            "x": -1,
            "y": -1
        },
        {
            "type": "text",
            "text": "#enchantment",
            "x": 35,
            "y": 20
        },
        {
            "type": "text",
            "text": "Level",
            "x": 35,
            "y": 30
        },
        {
            "type": "text",
            "text": "#level",
            "x": 60,
            "y": 30
        },
        {
            "type": "item",
            "item": "#item1",
            "framed": true,
            "x": 20,
            "y": 50
        },
        {
            "type": "item",
            "item": "#item2",
            "framed": true,
            "x": 50,
            "y": 50
        },
        {
            "type": "item",
            "item": "#item3",
            "framed": true,
            "x": 80,
            "y": 50
        },
        {
            "type": "物品",
            "item": "#item4",
            "framed": true,
            "x": 20,
            "y": 80
        },
        {
            "type": "item",
            "item": "#item5",
            "framed": true,
            "x": 80,
            "y": 80
        },
        {
            "type": "item",
            "item": "#item6",
            "framed": true,
            "x": 20,
            "y": 110
        },
        {
            "type": "item",
            "item": "#item7",
            "framed": true,
            "x": 50,
            "y": 110
        },
        {
            "type": "item",
            "item": "#item8",
            "framed": true,
            "x": 80,
            "y": 110
        }
    ]
}