{
    "components": [
        {
            "type": "header",
            "text": "Enchanting Apparatus",
            "x": -1,
            "y": -1
        },
        {
            "type": "text",
            "text": "Reagent:",
            "x": 5,
            "y": 25
        },
        {
            "type": "item",
            "item": "#reagent#",
            "framed": true,
            "x": 50,
            "y": 20
        },
        {
            "type": "item",
            "item": "#item1#",
            "framed": true,
            "x": 20,
            "y": 50
        },
        {
            "type": "item",
            "item": "#item2#",
            "framed": true,
            "x": 50,
            "y": 50
        },
        {
            "type": "item",
            "item": "#item3#",
            "framed": true,
            "x": 80,
            "y": 50
        },
        {
            "type": "item",
            "item": "#item4#",
            "framed": true,
            "x": 20,
            "y": 80
        },
        {
            "type": "物品",
            "item": "#item5#",
            "framed": true,
            "x": 80,
            "y": 80
        },
        {
            "type": "item",
            "item": "#item6#",
            "framed": true,
            "x": 20,
            "y": 110
        },
        {
            "type": "item",
            "item": "#item7#",
            "framed": true,
            "x": 50,
            "y": 110
        },
        {
            "type": "item",
            "item": "#item8#",
            "framed": true,
            "x": 80,
            "y": 110
        },
        {
            "type": "text",
            "text": "Mana Cost:",
            "x": 5,
            "y": 130
        },
        {
            "type": "text",
            "text": "#cost#",
            "x": 45,
            "y": 130
        }
    ]
}