{
  "name": "充能符文",
  "icon": "bloodmagic:chargingrune",
  "category": "bloodmagic:altar/blood_rune",
  "pages": [
    {
      "type": "text",
      "text": "$(item)充能符文()有它的奇妙之處。當$(l:bloodmagic:altar/blood_altar)血之祭壇$()不在合成階段或灌注$(l:bloodmagic:altar/soul_network)氣血寶珠$()時；$(item)充能符文()將緩慢吸取LP並充能。使你若在下次將物品放入血之祭壇且要合成時，它將會立刻將充能的LP一比一地轉換為合成所需的LP並瞬間注入物品當中。"
    },
    {
      "type": "text",
      "text": "$(l:bloodmagic:altar/blood_altar)血之祭壇$()每20 tick將會為$(item)充能符文()充能，且每個$(l:bloodmagic:altar/blood_rune/acceleration_rune)促進符文$(/l)能減少1 tick的間隔時間。$(br)\n血之祭壇在充能時每tick的充能量(LP)為：$(br)\n10×$(l:bloodmagic:altar/blood_rune/charging_rune)充能符文$()數量×[1+($(l:bloodmagic:altar/blood_rune/speed_rune)速度符文$()數量/10)]$(br)\n每個血之祭壇的最大充能量為1000LP乘上$(item)充能符文$()的數量,，而假如血之祭壇的容量大於20000LP，則還得乘上(血之祭壇容量/20000)的倍率。"
    },
    {
      "type": "crafting",
      "recipe": "bloodmagic:blood_rune_charging"
    }
  ]
}