{
  "name": "Incense",
  "category": "brazier",
  "icon": "bewitchment:brazier",
  "pages": [
    {
      "type": "text",
      "text": "By combining certain herbs with [Dragon’s Blood Resin], lighting it, and then sleeping in the smoke, will cause the Witch to awaken with an elevated mood and better senses. Smoke will fill a 5 meter radius around the Brazier."
    },
    {
      "type": "bewitchment:incense_recipe",
      "recipe": "bewitchment:vitality",
      "text": "Reinforces the flesh and blood of the user, allowing them to deal more damage as well as take less damage."
    },
    {
      "type": "bewitchment:incense_recipe",
      "recipe": "bewitchment:deftness",
      "text": "Enhances the speed and agility of the user."
    },
    {
      "type": "bewitchment:incense_recipe",
      "recipe": "bewitchment:invigorating",
      "text": "Causes the user to be more durable overall, and lets them break blocks faster."
    },
    {
      "type": "bewitchment:incense_recipe",
      "recipe": "bewitchment:cats_eye",
      "text": "Stimulates the eyes of the user, allowing them to see in the dark just as a cat would."
    },
    {
      "type": "bewitchment:incense_recipe",
      "recipe": "bewitchment:fullness",
      "text": "Makes the user less hungry, and allows them to take more hits."
    },
    {
      "type": "bewitchment:incense_recipe",
      "recipe": "bewitchment:intensity",
      "text": "When burned in a separate brazier alongside a brazier containing a different incense, it increases the potency of its effects. Not compatible with Concentration."
    },
    {
      "type": "bewitchment:incense_recipe",
      "recipe": "bewitchment:concentration",
      "text": "Thickens and concentrates the smoke from a nearby brazier, allowing its effects to linger on much longer. Not compatible with Intensity."
    }
  ]
}
