{
    "name": "生物炭基礎藥水",
    "icon": "dynamictrees:dendropotion",
    "category": "藥水",
    "sortnum": "1",
    "pages": [
        {
            "type": "brewing",
            "title": "生物炭基礎藥水",
            "ingredient": "minecraft:coal:1",
            "bottle": "minecraft:potion{Potion:'minecraft:awkward'}",
            "output": "dynamictrees:dendropotion",
            "text": "這是基礎藥水的釀造配方。$(br2)所有來自動態樹的藥水在釀造過程中都使用它。"
        },
        {
            "type": "relations",
            "title": "關係",
            "entries": [
                "potions/burgeoningpotion",
                "potions/depletionpotion",
                "potions/fertilitypotion",
                "potions/gigaspotion",
                "potions/persistancepotion",
                "potions/transformationpotion",
                "potions/basetransformationpotion"
            ]
        }
    ]
}
