{
    "name": "發芽藥水",
    "icon": "dynamictrees:dendropotion:3",
    "category": "potions",
    "sortnum": "3",
    "pages": [
        {
            "type": "brewing",
            "title": "發芽藥水",
            "ingredient": "minecraft:ghast_tear",
            "bottle": "dynamictrees:dendropotion",
            "output": "dynamictrees:dendropotion:3",
            "text": "This potion causes the tree to rapidly grow."
        },
        {
            "type": "relations",
            "title": "Relations",
            "entries": [
                "potions/basepotion",
                "potions/depletionpotion",
                "potions/fertilitypotion",
                "potions/gigaspotion",
                "potions/persistancepotion",
                "potions/transformationpotion",
                "potions/basetransformationpotion"
            ]
        }
    ]
}
