{
    "name": "Potion of Depletion",
    "icon": "dynamictrees:dendropotion:1",
    "category": "potions",
    "sortnum": "2",
    "pages": [
        {
            "type": "brewing",
            "title": "Potion of Depletion",
            "ingredient": "minecraft:slime_ball",
            "bottle": "dynamictrees:dendropotion",
            "output": "dynamictrees:dendropotion:1",
            "text": "This potion depletes the soil and causes the tree to stop growing."
        },
        {
            "type": "relations",
            "title": "Relations",
            "entries": [
                "potions/basepotion",
                "potions/burgeoningpotion",
                "potions/fertilitypotion",
                "potions/gigaspotion",
                "potions/persistancepotion",
                "potions/transformationpotion",
                "potions/basetransformationpotion"
            ]
        }
    ]
}
