{
    "name": "Potion of Depletion",
    "icon": "dynamictrees:dendropotion:1",
    "category": "藥水",
    "sortnum": "2",
    "pages": [
        {
            "type": "釀造",
            "title": "Potion of Depletion",
            "ingredient": "minecraft:slime_ball",
            "bottle": "dynamictrees:dendropotion",
            "output": "dynamictrees:dendropotion:1",
            "text": "This potion depletes the soil and causes the tree to stop growing."
        },
        {
            "type": "關係",
            "title": "關係",
            "entries": [
                "potions/basepotion",
                "potions/burgeoningpotion",
                "potions/fertilitypotion",
                "potions/gigaspotion",
                "potions/persistancepotion",
                "potions/transformationpotion",
                "potions/basetransformationpotion"
            ]
        }
    ]
}
