{
    "name": "Potion of Gigas",
    "icon": "dynamictrees:dendropotion:2",
    "category": "藥水",
    "sortnum": "8",
    "pages": [
        {
            "type": "釀造",
            "title": "Potion of Gigas",
            "ingredient": "minecraft:pumpkin_seeds",
            "bottle": "dynamictrees:dendropotion",
            "output": "dynamictrees:dendropotion:2",
            "text": "This potion changes the tree species to its mega equivalent. (if available)"
        },
        {
            "type": "relations",
            "title": "Relations",
            "entries": [
                "potions/basepotion",
                "potions/burgeoningpotion",
                "potions/depletionpotion",
                "potions/fertilitypotion",
                "potions/persistancepotion",
                "potions/transformationpotion",
                "potions/basetransformationpotion"
            ]
        }
    ]
}
