{
    "name": "Potion of Transformation",
    "icon": "dynamictrees:dendropotion:6",
    "category": "藥水",
    "sortnum": "5",
    "pages": [
        {
            "type": "釀造",
            "title": "Potion of Transformation",
            "ingredient": "dynamictrees:oakseed",
            "bottle": "dynamictrees:dendropotion:6",
            "output": "dynamictrees:dendropotion:6{target:'dynamictrees:oak'}",
            "text": "This potion changes an existing tree into another tree species.$(br2)The species of tree depends on the seed you use in the recipe. The example uses an Oak Acorn."
        },
        {
            "type": "關係",
            "title": "關係",
            "entries": [
                "potions/basepotion",
                "potions/burgeoningpotion",
                "potions/depletionpotion",
                "potions/fertilitypotion",
                "potions/gigaspotion",
                "potions/persistancepotion",
                "potions/basetransformationpotion"
            ]
        }
    ]
}
