{
    "name": "轉化藥水",
    "icon": "dynamictrees:dendropotion:6",
    "category": "potions",
    "sortnum": "5",
    "pages": [
        {
            "type": "brewing",
            "title": "轉化藥水",
            "ingredient": "dynamictrees:oakseed",
            "bottle": "dynamictrees:dendropotion:6",
            "output": "dynamictrees:dendropotion:6{target:'dynamictrees:oak'}",
            "text": "This potion changes an existing tree into another tree species.$(br2)The species of tree depends on the seed you use in the recipe. The example uses an Oak Acorn."
        },
        {
            "type": "relations",
            "title": "Relations",
            "entries": [
                "potions/basepotion",
                "potions/burgeoningpotion",
                "potions/depletionpotion",
                "potions/fertilitypotion",
                "potions/gigaspotion",
                "potions/persistancepotion",
                "potions/basetransformationpotion"
            ]
        }
    ]
}
