{
    "name": "End Essence",
    "icon": "endreborn:item_end_essence",
    "category": "world",
    "advancement": "endreborn:endreborn/mine_essence",
    "priority": true,
    "pages": [
        {
            "type": "text",
            "text": "I recently noticed strange obsidian blocks that glow I need to take some of this material with me. Although it is not necessary, it appears in my world, but less often."
        },
        {
            "type": "spotlight",
            "item": "endreborn:block_essence_ore",
            "link_recipe": true
        }
    ]
}