{
    "name": "End Island",
    "icon": "endreborn:block_entropy_end_stone",
    "category": "world",
    "priority": true,
    "pages": [
        {
            "type": "text",
            "text": "This is a plane, no, this is a man... But no, this is an island in the sky that looks like a miniature The End. It consists of endstone, part of which is destroyed by time... and some new plants."
        },
        {
            "type": "spotlight",
            "item": "endreborn:block_entropy_end_stone",
            "link_recipe": true
        },
        {
            "type": "spotlight",
            "item": "endreborn:crop_ender_flower",
            "link_recipe": true
        }
    ]
}