{
  "name": "Advanced PCB",
  "icon": "pneumaticcraft:advanced_pcb",
  "category": "tubes",
  "advancement": "pneumaticcraft:printed_circuit_board",
  "pages": [
    {
      "type": "text",
      "text": "The $(item)Advanced PCB/$ is a pluggable circuit board which you can attach to $(l:tubes/tube_modules)Tube Modules/$ to enhance their functionality in various ways. $(thing)Right-click/$ the Advanced PCB on a Tube Module to apply it.$(p)See the pages for individual tube modules for more information on how the module is enhanced."
    },
    {
      "type": "crafting",
      "text": "Creating an Advanced PCB",
      "recipe": "pneumaticcraft:advanced_pcb",
      "recipe2": "pneumaticcraft:advanced_pcb_v2"
    }
  ]
}
