{
  "name": "Charging Module",
  "icon": "pneumaticcraft:charging_module",
  "category": "tubes",
  "advancement": "pneumaticcraft:pressure_tube",
  "pages": [
    {
      "type": "text",
      "text": "This tube module allow you to charge (or discharge) pressurizable items in the inventory that it faces, e.g. a chest with your pneumatic tools, or $(l:components/air_canister)Air Canisters/$ for long-distance air transfer (perhaps through some kind of Ender inventory system).$(p)You can also point this module at an $(l:machines/aerial_interface)Aerial Interface/$ to charge items in your own player inventory."
    },
    {
      "type": "text",
      "title": "Advanced PCB",
      "text": "When you apply an $(l:components/advanced_pcb)Advanced PCB/$ to the Charging Module, the module's charging rate increases from 10mL/tick (per item) to 100mL/tick (per item)"
    },
    {
      "type": "crafting",
      "text": "Creating the Charging Module",
      "recipe": "pneumaticcraft:charging_module"
    }
  ]
}