{
  "name": "Pressure Gauge Module",
  "icon": "pneumaticcraft:pressure_gauge_module",
  "category": "tubes",
  "advancement": "pneumaticcraft:pressure_tube",
  "pages": [
    {
      "type": "text",
      "text": "This tube module shows the $(l:base_concepts/pressure)pressure/$ currently in the tube it's attached to. It also emits a (directional) $(#f00)redstone signal/$ of which the strength equals:$(p)$(formula)  strength = 2 x pressure/$$(p)So a pressure of 3.5 bar results in a redstone signal level of 7."
    },
    {
      "type": "text",
      "title": "Advanced PCB",
      "text": "When you apply an $(l:components/advanced_pcb)Advanced PCB/$ to the Pressure Gauge Module, the module gains a GUI (right-click) to provide much more control over $(#f00)redstone signal/$ emission. By default, you can provide a threshold level: the signal will be off below that level and fully on above it (or vice versa). If you select the $(bold)Advanced Config/$ toggle in the GUI, you gain even more control (see over)."
    },
    {
      "type": "image",
      "images": [
        "pneumaticcraft:textures/patchouli/pressure_gauge_gui.png"
      ],
      "text": "$(italic)<10 bar = 0 redstone, >20 bar = 15 redstone, 10-20 bar = interpolate (e.g. 12 bar = 3 redstone)/$",
      "anchor": "img"
    },
    {
      "type": "crafting",
      "text": "Creating the Pressure Gauge Module",
      "recipe": "pneumaticcraft:pressure_gauge_module"
    }
  ]
}