{
  "name": "Pressure Tubes",
  "icon": "pneumaticcraft:pressure_tube",
  "category": "tubes",
  "advancement": "pneumaticcraft:root",
  "priority": "是",
  "pages": [
    {
      "type": "text",
      "text": "Pressure Tubes are the primary device in $(pncr) for transporting compressed air between compressors and machines.$(p)Unconnected tubes will leak air! However, the sides of a tube can be toggled open or shut by right-clicking with a $(l:tools/pneumatic_wrench)Pneumatic Wrench/$. Wrenches from other mods may also work."
    },
    {
      "type": "image",
      "title": "Tubes!",
      "text": "$(italic)Two Pressure Tubes with a $(l:tubes/pressure_gauge_module)Pressure Gauge/$ $(italic)connecting an $(l:compressors/air_compressor)Air Compressor/$ $(italic)and $(l:machines/air_cannon)Air Cannon/$",
      "images": [
        "pneumaticcraft:textures/patchouli/pressure_tubes.png"
      ],
      "border": "true"
    },
    {
      "type": "text",
      "text": "Pressure Tubes can be fitted with $(l:tubes/tube_modules)Tube Modules/$, attachable components which add various types of functionality to the tube. See the individual pages for each module for more information.$(p)Pressure Tubes can be concealed with a $(l:tools/camo_applicator)Camouflage Applicator/$."
    },
    {
      "type": "text",
      "text": "There are two $(l:base_concepts/pressure_tiers)tiers/$ of tube:$(br)$(li)Tier 1 tubes are very simple to craft. They can contain up to 5 bar of pressure, and have a capacity of 1000mL of air.$(li)Advanced Pressure Tubes require an $(l:manufacturing:assembly_system)Assembly Controller/$ to manufacture. They can contain up to 20 bar of pressure and have a capacity of 4000mL of air."
    },
    {
      "type": "crafting",
      "text": "Crafting a Pressure Tube",
      "recipe": "pneumaticcraft:pressure_tube"
    },
    {
      "anchor": "advanced",
      "type": "pneumaticcraft:assembly_system",
      "item": "pneumaticcraft:advanced_pressure_tube"
    }
  ]
}