{
  "name": "紅石管道模組",
  "icon": "pneumaticcraft:redstone_module",
  "category": "tubes",
  "advancement": "pneumaticcraft:pressure_tube",
  "pages": [
    {
      "type": "text",
      "text": "該模組與同一管網的紅石模組交換$(#f00)紅石信號/$，相當於將壓力管道作為紅石導管。$(p)紅石管道模組有最高 16 個獨立頻道；這可以透過使用$(item)染料/$（不會被消耗）右擊模組選擇。$(p)使用$(item)扳手/$右擊模組以在輸入和輸出模式間切換。"
    },
    {
      "type": "image",
      "images": [
        "pneumaticcraft:textures/patchouli/redstone_module.png"
      ],
      "border": "true"
    },
    {
      "type": "text",
      "title": "高級印刷電路板",
      "text": "向紅石管道模組安裝$(l:tubes/advanced_pcb)高級印刷電路板/$後，額外的信號處理選項將可用。當模組處於$(thing)輸出模式/$時，可以右擊模組以打開設定介面，在此可以選擇對輸出信號進行的操作，例如，反轉信號，與另一頻道進行與/或/異或操作...$(p)每個操作的細節在設定介面中有具體描述。"
    },
    {
      "type": "crafting",
      "text": "紅石管道模組的合成表",
      "recipe": "pneumaticcraft:redstone_module"
    }
  ]
}