{
  "name": "Redstone Module",
  "icon": "pneumaticcraft:redstone_module",
  "category": "tubes",
  "advancement": "pneumaticcraft:pressure_tube",
  "pages": [
    {
      "type": "text",
      "text": "This module exchanges $(#f00)redstone signals/$ with other Redstone Modules on connected tubes, effectively using the tube as a redstone conduit.$(p)Up to 16 independent channels can be selected by right-clicking the module with any $(item)Dye/$ (which won't be used up).$(p)Right-click the module with a $(item)wrench/$ to toggle it between input and output mode."
    },
    {
      "type": "image",
      "images": [
        "pneumaticcraft:textures/patchouli/redstone_module.png"
      ],
      "border": "true"
    },
    {
      "type": "text",
      "title": "Advanced PCB",
      "text": "When you apply an $(l:tubes/advanced_pcb)Advanced PCB/$ to the module, extra signal processing will be available. When the module is in $(thing)output mode/$, you can right-click the module to open a GUI and choose a mode to apply to the output signal, e.g. invert the signal, AND/OR/XOR it with another channel...$(p)The effect of each mode is described in detail in the module GUI."
    },
    {
      "type": "crafting",
      "text": "Creating the Redstone Module",
      "recipe": "pneumaticcraft:redstone_module"
    }
  ]
}