{
  "name": "Tube Modules",
  "icon": "minecraft:book",
  "category": "tubes",
  "advancement": "pneumaticcraft:pressure_tube",
  "priority": "是",
  "pages": [
    {
      "type": "text",
      "text": "$(thing)Tube modules/$ are components which can be attached to $(l:tubes/pressure_tubes)Pressure Tubes/$, either onto the side of the tube, or inline with the tube.$(p)Attached modules can be removed by $(thing)sneak+right-clicking/$ with a $(l:tools/pneumatic_wrench)Pneumatic Wrench/$."
    },
    {
      "type": "relations",
      "entries": [
        "tubes/safety_module",
        "tubes/pressure_gauge_module",
        "tubes/flow_detector_module",
        "tubes/air_grate_module",
        "tubes/regulator_module",
        "tubes/charging_module",
        "tubes/logistics_module",
        "tubes/redstone_module"
      ]
    }
  ]
}
