{
  "name": "管道模快",
  "icon": "minecraft:book",
  "category": "tubes",
  "advancement": "pneumaticcraft:pressure_tube",
  "priority": "是",
  "pages": [
    {
      "type": "text",
      "text": "$(thing)管道模組/$是一系列可以被安裝在$(l:tubes/pressure_tubes)壓力管道/$上的組件，可以在管道的側面，也可以在管線之中。$(p)可以透過使用$(l:tools/pneumatic_wrench)氣動扳手/$$(thing)潛行右擊/$移除已有的管道模組。"
    },
    {
      "type": "relations",
      "entries": [
        "tubes/safety_module",
        "tubes/pressure_gauge_module",
        "tubes/flow_detector_module",
        "tubes/air_grate_module",
        "tubes/regulator_module",
        "tubes/charging_module",
        "tubes/logistics_module",
        "tubes/redstone_module"
      ]
    }
  ]
}
