{
    "name": "靈氣的概念",
    "icon": "naturesaura:gold_leaf",
    "category": "intro",
    "pages": [
        {
            "type": "text",
            "text": "與普遍的觀點相反，$(#419600)靈氣$()不被儲存在單一，浮動的$(italic)節點$()，不如說它代表著世界中的一切。$(br)儘管觸碰它是不可能的，但利用其能量不是。當$(#419600)靈氣$()被正確使用時，它可以協助機器$(thing)生產$()物質，$(thing)創造$()新思想以及$(thing)控制$()世界及其組成。"
        },
        {
            "type": "text",
            "text": "但是，事情可沒有那麼容易。錯誤的使用它，特別是從一個區域中將其$(thing)抽取$()至枯竭，將會面對使回報減少的源頭。$(br)所以儘管$(#419600)靈氣$()豐富而有用, 濫用它是不明智的。$(p)另外,基於你所處在的世界——尤其是$(item)維度$()，會表現出不同的$(#419600)靈氣$()，使一些機器工作方式與預料中不同。"
        },
        {
            "type": "text",
            "text": "當談到$(#419600)靈氣$()的工作原理，科學家目前為止還沒有研究出。$(br)他們僅僅知道$(#419600)靈氣$()的過量或缺失會影響到周圍不同大小（取決於使用的裝置）的區域。$(br)如果一個地區的$(#419600)靈氣$()被抽取後放置了新的生成裝置，新生成的$(#419600)靈氣$()會先重新填充被抽取的部分，再創造自己的富$(#419600)靈氣$()區域。"
        },
        {
            "type": "text",
            "text": "相似的, 如果一個抽取裝置被放置在富$(#419600)靈氣$()區附近，它將優先利用該區域的靈氣，隨後使用其附近的區域。雖然這種行為聽起來肯定很複雜，但人們一致認為，讓設備和$(#419600)靈氣$()暫時執行一段時間是一種很好的分析方法，因為有時候$(#419600)靈氣$()傾向於遷移和移動，以自然地平衡自己。"
        }
    ]
}