{
    "name": "裝飾物",
    "icon": "minecraft:totem_of_undying",
    "category": "intro",
    "read_by_default": true,
    "flag": "mod:baubles",
    "pages": [
        {
            "type": "text",
            "text": "有時候你可能會發現自己迷失在自己的$(thing)物品欄$()空間裡，裡面大量堆疊的方塊和物品攪亂你的背包並使你找東西很慢。$(br)一些$(thing)自然物體$()可以作為$(item)飾品$()直接被放置在手臂，腰部與胸部。如果一個物品有這個功能，它會在提示裡顯示能放置的部位。"
        }
    ]
}