{
    "name": "魔法植物學",
    "icon": "minecraft:sapling",
    "category": "intro",
    "pages": [
        {
            "type": "text",
            "text": "很多讀者可能知道，$(item)植物學$()——對於$(thing)植物$()的研究，有很多分支。過去，很多植物學家集中以的花朵形式研究植物的魔法屬性，例如獨特而純白的雛菊。$(br)然而，植物學遠遠不止這些，尤其是$(item)魔法植物學$()，不僅因為自然界中待發現的東西不止"
        },
        {
            "type": "text",
            "text": "區區花朵，更因為很可能還有更強大的東西沒被世界認知。$(br)當你成為一名植物學家，研究樹木、花朵等的影響時，你會偶然發現一些看似熟悉但本質上完全不同的自然機制。研究和理解這些是魔法植物學的目標。"
        }
    ]
}