{
    "name": "關於這本書",
    "icon": "patchouli:guide_book{'patchouli:book':'naturesaura:book'}",
    "category": "intro",
    "priority": true,
    "pages": [
        {
            "type": "text",
            "text": "$(item)自然靈氣之書$()是關於$(#419600)靈氣$()的所有知識的指南，但它能做的比展示含有訊息的文字更多：讀者可以發現關於如何$(thing)合成物品$()，$(thing)建造結構$()的描述和更多的東西。$(br)除此之外，通過完成$(item)進度$()，更多章節會隨時間解鎖——新章節會用$(thing)紅色圖示$()歡迎讀者。"
        },
        {
            "type": "text",
            "text": "更進一步，為了在研究過程中引導讀者，一些章節還會顯示$(thing)橙色圖示$()。這些通知指示了讀者進一步推進研究必須進行的下一步。最後，首頁有通向$(item)進度選單$()的直接連結，允許讀者更好地掌握全局進度。"
        }
    ]
}