{
    "name": "Grove Supplication",
    "icon": "roots:spell_dust",
    "category": "spells",
    "advancement": "roots:root",
    "priority": true,
    "pages": [
        {
            "type": "text",
            "text": "Supplicates and entreats the spirits of the fey to come forth to a nearby, anchoring Grove Stone. After its activation, the stone itself, acting as an anchor or a gateway, will visibly pull energy towards itself.$(br2)As time progresses, the activated Stone will begin transforming the world around it."
        },
        {
            "type": "spell_template",
            "spell": "spell_supplication"
        }
    ]
}