{
    "name": "Life Drain",
    "icon": "roots:spell_dust",
    "category": "spells",
    "advancement": "roots:baffle_cap",
    "flag": "roots:spell_life_drain",
    "pages": [
        {
            "type": "text",
            "text": "Drains the life essence from other creatures, healing you in the process. The amount healed is considerably less than the damage done.$(br2)In addition, each use of the spell has a chance to wither the soul of the target, $(warning) causing further damage (which does not heal you)."
        },
        {
            "type": "spell_template",
            "spell": "spell_life_drain"
        }
    ]
}