{
  "name": "Iced Touch",
  "icon": "roots:spell_dust",
  "category": "spells",
  "advancement": "roots:dewgonia",
  "flag": "roots:spell_iced_touch",
  "pages": [
    {
      "type": "text",
      "text": "This is a simple spell for applying the effects of water in the world without getting wet yourself! It can be used on fire to extinguish it or lava to make obsidian."
    },
    {
      "type": "spell_template",
      "spell": "spell_iced_touch"
    },
    {
      "type": "spell_modifiers_template",
      "spell": "spell_iced_touch"
    }
  ]
}