{
    "name": "Harvest",
    "icon": "roots:spell_dust",
    "category": "spells",
    "advancement": "roots:spirit_herb",
    "flag": "roots:spell_harvest",
    "pages": [
        {
            "type": "text",
            "text": "Immediately harvests and replants crops around the caster, greatly simplifying the task of maintaining a garden or field.$(br2)Plants are dropped where they grew, and must be manually gathered (unless other methods are available to you)."
        },
        {
            "type": "spell_template",
            "spell": "spell_harvest"
        }
    ]
}