{
  "name": "Smart Filters",
  "icon": "modularrouters:bulk_item_filter",
  "category": "modularrouters:intro",
  "pages": [
    {
      "type": "text",
      "text": "$(thing)Smart Filters/$ can be inserted into a $(l:intro/modules)module's/$ filter slots in place of regular items.  Instead of just trying to match against the item directly, filters have special matching functionality.$(p)For example, the $(l:filters/bulk_item)Bulk Item Filter/$ can efficiently match against up to 54 different items, and its items can be configured from an existing inventory."
    },
    {
      "type": "image",
      "images": [
        "modularrouters:textures/patchouli/bulk_filter.png"
      ],
      "text": "$(italic)Bulk Item Filter installed in a Puller Mk2 Module/$",
      "border": true
    }
  ]
}