{
  "name": "Miscellaneous Stuff",
  "icon": "minecraft:book",
  "category": "modularrouters:intro",
  "pages": [
    {
      "type": "text",
      "text": "This chapter covers some miscellaneous items and crafting components."
    },
    {
      "type": "spotlight",
      "item": "modularrouters:override_card",
      "anchor": "override",
      "text": "See $(l:upgrades/security#override)Security Upgrade/$."
    },
    {
      "type": "crafting",
      "recipe": "modularrouters:blank_module",
      "recipe2": "modularrouters:blank_upgrade"
    },
    {
      "type": "crafting",
      "recipe": "modularrouters:augment_core"
    }
  ]
}