{
    "name": "ATM金屬礦",
    "icon": "allthemodium:allthemodium_ore",
    "category": "allthemodium:ore",
    "sortnum": 1,
    "pages": [
        {
            "type": "spotlight",
            "item": "allthemodium:allthemodium_ore",
            "title": "ATM金屬礦",
            "link_recipe": false,
            "text": "ATM金屬礦在山地的洞壁和天花板上出現，你也可以在170Y以上的山地找到它，它也可以在Y-59和Y20之間的採礦區到處找到，但它是一個非常罕見的生成。"
        }
    ]
}