{
    "name": "汎金屬礦",
    "icon": "allthemodium:vibranium_ore",
    "category": "allthemodium:ore",
    "sortnum": "2",
    "pages": [
        {
            "type": "spotlight",
            "item": "allthemodium:vibranium_ore",
            "title": "汎金屬礦",
            "link_recipe": false,
            "text": "在緋紅森林和扭曲森林中可以找到汎金屬礦石，大約在Y107-113。也可以在另一個空間找到，在地底深處，通常離豬布林村莊很近。"
        }
    ]
}