{
  "components": [
    {
      "type": "header",
      "text": "#title",
      "x": -1,
      "y": -1
    },
    {
      "type": "separator",
      "x": -1,
      "y": -1
    },
    {
      "type": "item",
      "item": "#input1",
      "framed": "是",
      "x": 27,
      "y": 30
    },
    {
      "type": "item",
      "item": "#input2",
      "framed": "是",
      "x": 50,
      "y": 30
    },
    {
      "type": "item",
      "item": "#input3",
      "framed": "是",
      "x": 73,
      "y": 30
    },
    {
      "type": "image",
      "image": "deepmoblearning:textures/gui/patchouli/arrow_down.png",
      "x": 50,
      "y": 50,
      "height": 16,
      "width": 16,
      "texture_width": 16,
      "texture_height": 16
    },
    {
      "type": "image",
      "image": "#fluid",
      "x": 50,
      "y": 65,
      "height": 16,
      "width": 16,
      "texture_width": 16,
      "texture_height": 16
    },
    {
      "type": "tooltip",
      "x": 49,
      "y": 64,
      "tooltip": [
        "#fluidTooltip"
      ],
      "width": 16,
      "height": 16
    },
    {
      "type": "image",
      "image": "deepmoblearning:textures/gui/patchouli/arrow_down.png",
      "x": 50,
      "y": 84,
      "height": 16,
      "width": 16,
      "texture_width": 16,
      "texture_height": 16
    },
    {
      "type": "item",
      "item": "#output",
      "link_recipe": true,
      "framed": "是",
      "x": 50,
      "y": 102
    }
  ]
}