{
  "name": "Muffler Upgrade",
  "category": "modularrouters:upgrades",
  "icon": "modularrouters:muffler_upgrade",
  "pages": [
    {
      "type": "text",
      "text": "This upgrade can be used to suppress sounds and particle effects made by item routers, and can be useful if a noisy module is regularly running in a place where a player often is.$(li)One or more Muffler Upgrades in a router will disable all audible effects$(li)Two or more will also disable all particle effects (beams and flying items)"
    },
    {
      "type": "text",
      "text": "$(li)Three upgrades will also disable the router's active animation; the pulsing texture on the front face of the router block$(p)Note that all sounds and particle effects can also be disabled in the mod config; this upgrade is only useful if sounds/effects have not been disabled."
    },
    {
      "type": "crafting",
      "recipe": "modularrouters:muffler_upgrade"
    }
  ]
}
