{
  "name": "Speed Upgrade",
  "category": "upgrades",
  "icon": "modularrouters:speed_upgrade",
  "pages": [
    {
      "type": "text",
      "text": "By default, a $(l:router/modular_router)router/$ ticks every 20 server ticks, or once per second. On each tick, every installed module is executed in order, left to right.$(p)If you need a router to run faster than this, add $(thing)Speed Upgrades/$; each Speed Upgrade reduces the tick interval by 2 server ticks, down to a minimum of every 2 server ticks (or 10 times per second)."
    },
    {
      "type": "text",
      "text": "The base tick rate, tick increase per upgrade, and hard minimum tick rate are all configurable in the module's config (config/modularrouters-common.toml).$(p)For performance reasons, $(l:upgrades/stack)Stack Upgrades/$ should be preferred over Speed Upgrades where possible; use Speed Upgrades judiciously and only where absolutely required for maximum item transfer rate.$(p)Be Kind To Your Server (tm)."
    },
    {
      "type": "crafting",
      "recipe": "modularrouters:speed_upgrade"
    }
  ]
}
