{
  "name": "Stack Upgrade",
  "category": "modularrouters:upgrades",
  "icon": "modularrouters:stack_upgrade",
  "pages": [
    {
      "type": "text",
      "text": "Modules in a router operate on a single item at a time: e.g. a $(l:modules/sender_1)Sender Module/$ will send a single item from the router's buffer each router tick, regardless of how many items are in the buffer."
    },
    {
      "type": "text",
      "text": "By adding Stack Upgrades to a router, this can be increased. Each Stack Upgrade doubles the number of items that can be processed by each module, up to a maximum of 64, or the item's native stack size (e.g. 16 for $(item)Ender Pearls/$).$(p)It therefore follows that 6 is the maximum number of useful Stack Upgrades which can be installed in one router."
    },
    {
      "type": "crafting",
      "recipe": "modularrouters:stack_upgrade"
    }
  ]
}
