{
  "category": "bewitchment:brewing",
  "name": "腐敗",
  "icon": "bewitchment:demon_horn",
  "advancement": "bewitchment:hidden_unlocks/demon_horn",
  "pages": [
    {
      "type": "text",
      "text": "通過用惡魔號角製作 $(l:bewitchment:brewing/brewing_basics)釀造$()，你可以將正面的藥水效果逆轉為負面效果。$(br2)當作為藥水成分添加時，腐化總是會出現最重要的是，這意味著它會在喝醉時反轉所有先前的效果，但不會反轉藥水的效果。"
    },
    {
      "type": "spotlight",
      "title": "腐敗",
      "item": "bewitchment:demon_horn"
    }
  ]
}
