{
  "category": "bewitchment:brewing",
  "name": "變形",
  "icon": "bewitchment:taglock{OwnerName:Aelpecyem}",
  "advancement": "bewitchment:hidden_unlocks/altars",
  "pages": [
    {
      "type": "text",
      "text": "Polymorph must be one of the most versatile effects. Players under the Polymorph effect change their form into the target of the $(l:bewitchment:tools/taglock)Taglock$() used.$(br2)The Brew can be made into a Splash Potion or similar variants, just like other brews."
    },
    {
      "type": "spotlight",
      "title": "變形",
      "item": "bewitchment:taglock{FromPlayer: 1b, OwnerUUID: [I; 1672005179, -1854323673, -2070260447, 778045631], OwnerName:\"Aelpecyem\"}",
      "text": "Intensity does not have an effect on this potion.$(br2)This potion only works if created from a $(l:bewitchment:tools/taglock)Taglock$() of another player."
    }
  ]
}
