{
  "category": "bewitchment:brewing",
  "name": "Purity",
  "icon": "bewitchment:birch_bark",
  "advancement": "bewitchment:hidden_unlocks/altars",
  "pages": [
    {
      "type": "text",
      "text": "By applying the cleansing powers of Birch, the Purity effect can weaken the effects of harmful statuses.$(br2)For each intensity, this effect will reduce the power of a negative effect, also reducing its own power."
    },
    {
      "type": "spotlight",
      "title": "Purity",
      "item": "bewitchment:birch_bark",
      "text": "In concrete terms, this means that you can remove more negative effects the stronger the effect is."
    }
  ]
}
