{
  "category": "bewitchment:brewing",
  "name": "同步",
  "icon": "minecraft:ghast_tear",
  "advancement": "bewitchment:hidden_unlocks/altars",
  "pages": [
    {
      "type": "text",
      "text": "The Synchronized effect will apply any effect you have to nearby entities."
    },
    {
      "type": "spotlight",
      "title": "同步",
      "item": "minecraft:ghast_tear",
      "text": "Synchronized effects are cut in half.$(br2)This effect is not compatible with $(l:bewitchment:brewing/theft)Theft$().$(br2)The higher this effect's intensity, the further it'll reach."
    }
  ]
}
