{
  "category": "bewitchment:brewing",
  "name": "同步",
  "icon": "minecraft:ghast_tear",
  "advancement": "bewitchment:hidden_unlocks/altars",
  "pages": [
    {
      "type": "text",
      "text": "同步效果將對你周圍的怪物附加你身上的藥水效果。"
    },
    {
      "type": "spotlight",
      "title": "同步",
      "item": "minecraft:ghast_tear",
      "text": "被同步的效果時間將砍半。$(br2)此效果不與$(l:bewitchment:brewing/theft)偷竊$()效果相容。$(br2)等級越高，效果所能涵蓋的範圍越廣。"
    }
  ]
}
