{
  "category": "bewitchment:creatures",
  "name": "Hellhound",
  "icon": "bewitchment:hellhound_spawn_egg",
  "advancement": "minecraft:nether/root",
  "extra_recipe_mappings": {
    "bewitchment:demon_horn": 1
  },
  "pages": [
    {
      "type": "text",
      "text": "Hellhounds spawn in the nether.$(br2)Filled with aggression, they will attack anyone nearby, though they will respect wearers of $(l:bewitchment:tools/besmirched_armor)Besmirched Armor$().$(br2)Hellhounds will drop Demon Horns."
    },
    {
      "type": "entity",
      "entity": "bewitchment:hellhound",
      "scale": "0.6"
    }
  ]
}
