{
  "category": "bewitchment:creatures",
  "name": "Vampire",
  "icon": "bewitchment:vampire_spawn_egg",
  "pages": [
    {
      "type": "text",
      "text": "Vampires are masters of the night, with few weaknesses. They appear in plains and taiga biomes, on new moons where there's the least light.$(br2)They are known to attack humans, so you should equip yourself against them with fire or Smite."
    },
    {
      "type": "entity",
      "entity": "bewitchment:vampire",
      "offset": "0.1"
    }
  ]
}
