{
  "category": "bewitchment:poppets",
  "name": "Mending",
  "icon": "bewitchment:mending_poppet",
  "advancement": "bewitchment:hidden_unlocks/taglock",
  "pages": [
    {
      "type": "text",
      "text": "Like the rare and coveted enchantment, the Mending Poppet will repair the armor and held items of whoever is bound to it.$(br2)This effect is not passively applied; instead, it is applied whenever an item would normally break, resetting its durability and destroying the $(l:bewitchment:poppets/poppet_practice)Poppet$() instead."
    },
    {
      "type": "patchouli:crafting",
      "recipe": "bewitchment:mending_poppet"
    }
  ]
}
