{
  "name": "幻影騎士",
  "icon": "twilightforest:trophy:4",
  "category": "bosses",
  "advancement": "twilightforest:alt/entities/knight_phantom",
  "sortnum": 6020,
  "pages": [
    {
      "type": "entity",
      "entity": "twilightforest:knight_phantom{ArmorItems:[{},{},{id:\"twilightforest:phantom_chestplate\",Count:1},{id:\"twilightforest:phantom_helmet\",Count:1}],HandItems:[{id:\"twilightforest:knightmetal_sword\",Count:1},{id:\"twilightforest:knightmetal_axe\",Count:1}]}",
      "text": "如噩夢般的騎士"
    }
  ]
}