{
    "name": "附魔拆解",
    "icon": "minecraft:enchanted_book",
    "category": "apotheosis:enchanting/anvil",
    "flag": "apotheosis:enchanting",
    "sortnum": 0,
    "pages": [
        {
            "type": "patchouli:text",
            "text": "$(9)附魔拆解$()是另一個全新的鐵砧專屬附魔。$(p)附魔拆解的鐵砧可以將一本單一附魔的附魔書，拆解成兩本低一等級的附魔書。"
        },
        {
            "type": "patchouli:text",
            "text": "要使用附魔拆解的鐵砧，只需將附魔書丟出來，然後讓鐵砧砸到附魔書。$(p)一本帶有鋒利 III 的附魔書將拆解成兩本鋒利 || 的附魔書。"
        }
    ]
}