{
    "name": "附魔拆分",
    "icon": "minecraft:enchanted_book",
    "category": "apotheosis:enchanting/anvil",
    "flag": "apotheosis:enchanting",
    "sortnum": -1,
    "pages": [
        {
            "type": "patchouli:text",
            "text": "$(9)附魔拆分$()是一個全新的鐵砧專屬附魔。$(p)附魔拆分的鐵砧能夠將多重附魔的附魔書拆分成多本單一附魔的附魔書。"
        },
        {
            "type": "patchouli:text",
            "text": "要使用附魔拆分的鐵砧，只需將一本附魔書丟出來，然後讓鐵砧砸到附魔書。$(p)鋒利 III 和掠奪 II 的書將拆分成鋒利 |||、掠奪 || 的附魔書。"
        }
    ]
}