{
    "name": "Unobtainium Allthemodium",
    "icon": "allthemodium:unobtainium_allthemodium_alloy_ingot",
    "category": "allthemodium:alloys",
    "sortnum": "2",
    "pages": [
        {
            "type": "text",
            "text": "Unobtainium Allthemodium Alloy$(br)is the mid-tier of the$(br)3 Alloys, It is forged in a$(br)Lightning Dragon Forge$(br)Left Slot Unobtainium$(br)Right Slot Allthemodium"
        },
        {
            "type": "entity",
            "entity": "iceandfire:lightning_dragon",
            "scale": "0.9",
            "rotate": true,
            "default_rotation": -45
        }
    ]
}