{
    "name": "Unobtainium Vibranium",
    "icon": "allthemodium:unobtainium_vibranium_alloy_ingot",
    "category": "allthemodium:alloys",
    "sortnum": "3",
    "pages": [
        {
            "type": "text",
            "text": "Unobtainium Vibranium Alloy is$(br)the strongest of the 3 Alloys,$(br)It is forged in an$(br)Ice Dragon Forge$(br)Left Slot Unobtainium$(br)Right Slot Vibranium"
        },
        {
            "type": "entity",
            "entity": "iceandfire:ice_dragon",
            "scale": "0.9",
            "rotate": true,
            "default_rotation": -45
        }
    ]
}