{
    "name": "Vibranium Allthemodium",
    "icon": "allthemodium:vibranium_allthemodium_alloy_ingot",
    "category": "allthemodium:alloys",
    "sortnum": "1",
    "pages": [
        {
            "type": "text",
            "text": "Vibranium Allthemodium Alloy is$(br)the weakest of the 3 Alloys,$(br)It is forged in a$(br)Fire Dragon Forge$(br)Left Slot Vibranium$(br)Right Slot Allthemodium"
        },
        {
            "type": "entity",
            "entity": "iceandfire:fire_dragon",
            "scale": "0.9",
            "rotate": true,
            "default_rotation": -45
        }
    ]
}