{
    "name": "分裂",
    "icon": "minecraft:enchanted_book",
    "category": "apotheosis:enchanting/anvil",
    "flag": "apotheosis:enchanting",
    "sortnum": 0,
    "pages": [
        {
            "type": "patchouli:text",
            "text": "$(9)分裂$() 是另一個全新的鐵砧專屬附魔。$(p)分裂鐵砧可以將一本單一附魔的附魔書，分裂成兩本附魔書，且每本都低一附魔等級。"
        },
        {
            "type": "patchouli:text",
            "text": "要使用分裂鐵砧，將一本附魔書扔到世界上，然後將鐵砧放在書的頂部砸下。$(p)一本帶有鋒利 III 的書被分裂後將變成兩本書，兩本書都有鋒利 II。"
        }
    ]
}