{
    "name": "拆分",
    "icon": "minecraft:enchanted_book",
    "category": "apotheosis:enchanting/anvil",
    "flag": "apotheosis:enchanting",
    "sortnum": -1,
    "pages": [
        {
            "type": "patchouli:text",
            "text": "$(9)拆分$()是一個全新的鐵砧專屬附魔。$(p)拆分鐵砧能夠將有多個附魔的附魔書拆分成多本單獨附魔的書。"
        },
        {
            "type": "patchouli:text",
            "text": "要使用拆分鐵砧，將一本附魔書扔到世界上，然後將鐵砧放在書的頂部砸下。$(p)一本帶有鋒利 III和掠奪 II 的書被分裂後將變成兩本書，一本是鋒利 III，一本是掠奪 II。"
        }
    ]
}