{
  "name": "變更日誌",
  "icon": "minecraft：地圖",
  "category": "bloodmagic:utility",
  "priority": "是",
  "pages": [
    {
      "type": "text",
      "text": "所有的$(6)血魔法$()更新日誌迄今為止，最新到最舊"
    },
    {
      "type": "text",
      "title": "3.1.4",
      "text": "$(li)Fixed a bug when removing max level upgrades from $(l:bloodmagic:alchemy_array/living_equipment/living_basics)Living Armour$(). $(li)Fixed a client-server desync with the $(item)item filter$() count $(li)Added an audible and visual indication for when an $(l:bloodmagic:alchemy_table/anointments)anointment$() on a $(item)tool$() runs out. $(li)Included warning flags in the $(l:bloodmagic:alchemy_table/alchemy_table#errors)Alchemy Table GUI$() that will state if there is not enough LP or if the orb is unbound/the wrong tier."
    },
    {
      "type": "text",
      "text": "$(li)Added the $(l:bloodmagic:alchemy_array/living_equipment/armor_upgrades/elytra)Elytra Living Armour upgrade$()! Elytra not included. $(li)Added the $(l:bloodmagic:alchemy_array/living_equipment/training_bracelet)Training Bracelet$() for the $(l:bloodmagic:alchemy_array/living_equipment/living_basics)Living Armour$()! Now you can train the upgrades you want to! $(li)Increased the durability of the $(l:bloodmagic:alchemy_array/living_equipment/living_basics)Living Armour$() to diamond level, but allowed all non-chestpiece pieces to break."
    },
    {
      "type": "text",
      "title": "3.1.3",
      "text": "$(li)The $(l:bloodmagic:utility/alchemical_reaction_chamber)Alchemical Reaction Chamber$() now will consume less durability for tools with Unbreaking. Durability is consumed at $(br)(1/(unbreakingLevel+1)) chance. $(li)Fixed fluid capabilities of the ARC. $(li)Made it so that the textbox of the $(item)Filters$() can only accept numbers. Also allowed the 'Delete' key to delete values from the text field."
    },
    {
      "type": "text",
      "title": "3.1.2",
      "text": "$(li)Reimplemented $(l:bloodmagic:demon_will/item_routing/routing_nodes)Routing Nodes$()!$(li)Added Curios support for certain items $(li)Added recipes for water and lava buckets using their respective Sigils (as well as a few other uses of Sigils inside the Alchemy Table) $(li)Fixed $(l:bloodmagic:alchemy_array/living_equipment/armor_upgrades/gift_of_ignis)Gift of Ignis$() not lowering its cooldown when not on fire."
    },
    {
      "type": "text",
      "text": "$(li)Allowed the $(l:bloodmagic:alchemy_array/sigil/divination)Divination Sigil$() and the $(l:bloodmagic:alchemy_array/sigil/seer)Seer Sigil's$() HUD elements to work in both the offhand and in the $(l:bloodmagic:alchemy_array/sigil/holding)Sigil of Holding$(). Also allows the $(l:bloodmagic:demon_will/will_manipulation/aura_gauge)Demon Aura Gauge$() to work in the offhand (why you'd have it in your offhand, I can't say). $(li)Added the configs! Yay! $(li)Added the Ritual '$(l:bloodmagic:rituals/ritual_list/ritual_zephyr)Call of the Zephyr$()'."
    },
    {
      "type": "text",
      "title": "3.1.1-16",
      "text": "$(li)Fixed the $(l:bloodmagic:demon_will/demonic_items/throwing_daggers)Throwing Daggers$() so that they act as the appropriate type. $(li)Fixed the $(l:bloodmagic:alchemy_array/sigil/magnetism)Sigil of Magnetism's$() range so that it is centered on the player. $(li)Fixed the $(l:bloodmagic:alchemy_array/living_equipment/living_upgrades)Living Armour upgrade$() 'Tough' so that it is now obtainable. Now you can get hurt for an actual cause! $(li)Fixed an NPE crash due to the $(l:bloodmagic:rituals/ritual_list/ritual_armour_evolve)Ritual of Living Evolution$(). Crash occurred if a player equipped a newly crafted"
    },
    {
      "type": "text",
      "text": "$(br)Living Armour set while on the activated ritual. $(li)Added the recipe for the $(l:bloodmagic:demon_will/will_manipulation/aura_gauge)Demon Will Aura Gauge.$() $(li)Changed the behaviour of the $(l:bloodmagic:alchemy_array/living_equipment/living_tomes)Living Upgrade Tomes$(): $(li2)$(item)Tomes$() now will attempt to apply their contained $(thing)EXP$() (not levels) regardless of current or $(item)Tome$() levels. $(li2)If $(thing)EXP$() from $(item)Tome$() would put you past the $(l:bloodmagic:alchemy_array/living_equipment/living_basics)Living Armour's$() point cap, $(thing)EXP$() is instead added up to the maximum possible for said $(thing)Living Upgrade$(), minus one."
    },
    {
      "type": "text",
      "text": "$(li2)$(thing)EXP$() applied to the $(item)Living Armour$() is syphoned from the $(item)Tome$(), and the remaining $(thing)EXP$() is not lost. $(li2)If the remaining $(thing)EXP$() on the $(item)Living Upgrade Tome$() is below the amount required for at least one level of its respective upgrade, the $(item)Tome$() is destroyed. $(li)Waterlogged blocks now count as \"water\" for the Incense Altar. $(li)$(l:bloodmagic:altar/blood_rune/aug_capacity_rune)Runes of Augmented Capacity$() use their previous formula (Book is accurate again)."
    },
    {
      "type": "text",
      "text": "$(li)Fixed duplication glitch for the $(l:bloodmagic:utility/alchemical_reaction_chamber)Alchemical Reaction Chamber$()."
    },
    {
      "type": "text",
      "title": "3.1.0-15",
      "text": "$(li)Majorly refactored the progression of the mod. Instead of starting with a $(l:bloodmagic:demon_will/will_manipulation/soul_snare)Snare$(), you instead start by crafting the $(l:bloodmagic:altar/blood_altar)Blood Altar$(). The changes are documented in the guide, and you can follow its $(l:bloodmagic:utility/getting_started)Getting Started$() entry!$(li)Changed the tooltips so that they are gray, more easily differentiating them from the name of the item."
    },
    {
      "type": "text",
      "text": "$(li)Added the $(l:bloodmagic:alchemy_array/holding)Sigil of Holding$().$(li)Changed the crafting of $(l:bloodmagic:demon_will/will_manipulation/soul_gem)Tartaric Gems$() so that you no longer need to use the previous tier gem in the gem slot.$(li2)The $(l:bloodmagic:demon_will/will_manipulation/soul_forge)Hellfire Forge$() will now syphon from the gem in the crafting table first, and all unused will from the consumed gem will be placed in the crafted gem."
    },
    {
      "type": "text",
      "text": "$(li)Changed the GUI for the $(l:bloodmagic:alchemy_table/alchemy_table)Alchemy Table$(). See the updated section.$(li)Fixed $(l:bloodmagic:alchemy_table/anointments/looting_anointment)Plunderer's Glint$() not properly applying the Looting level.$(li)Also fixed a NPE crash due to $(l:bloodmagic:alchemy_table/anointments/bow_power_anointment)Iron Tip$(). Fixes some crashes due to mods using the ItemUsedFinish event.$(li)Fixed the $(l:bloodmagic:blood_altar/blood_altar)Blood Altar$() not being able to input fluids. About time, Way!"
    },
    {
      "type": "text",
      "text": "$(li)Added new $(l:bloodmagic:demon_will/demonic_items/explosive_charges)Explosive Charges.$()$(li2)$(item)Fungal Charge$(), which is very useful for giant mushrooms and nether mushrooms.$(li2)$(item)Controlled Charge$(), which will destroy only blocks that match the block it is placed on.$(li)Added the ability to apply a few select Anointments to the charges. Only one can be applied to a charge at a time.$(li2)$(l:bloodmagic:alchemy_table/anointments/silk_touch_anointment)Soft Coating$()$(li2)$(l:bloodmagic:alchemy_table/anointments/fortune_anointment)Fortuna Extract$()"
    },
    {
      "type": "text",
      "text": "$(li2)$(l:bloodmagic:alchemy_table/anointments/smelting_anointment)Slow-burning Oil$()$(li)Fixed the $(l:bloodmagic:alchemy_array/living_equipment/living_basics)Living Armour$() so that you cannot use an upgrade tome to usurp the point cap.$(li2)Fixed $(l:bloodmagic:alchemy_array/living_equipment/armor_upgrades/strong_legs)Strong Legs$()so that it no longer runs the program \"CrunchyLegs.exe\" - as a result, you no longer suffer fall damage from jumping on the same level. Removed the direct fall damage mitigation from Strong Legs."
    },
    {
      "type": "text",
      "text": "$(li)Added two types of $(l:bloodmagic:demon_will/demonic_items/throwing_daggers)Throwing Daggers$() to the Blood Mage's offensive kit.$(li2)$(item)Iron Throwing Dagger$()$(li2)$(item)Syringe Throwing Dagger$()$(li)Refactored the guide so that it provides +2 to awesomeness.$()"
    },
    {
      "type": "text",
      "title": "3.0.6-11",
      "text": " $(li)Reimplemented the $(l:bloodmagic:rituals/ritual_list/ritual_well_of_suffering)Well of Suffering$(). $(li)Added several new items, called \"$(l:bloodmagic:alchemy_table/anointments)Anointments$()\"! These are items that provide temporary buffs to your tools and weapons, such as silk touch, higher damage, and more! Look them up in the Utility section of the book. These include: $(li2)Honing Oil $(li2)Soft Coating $(li2)Fortuna Extract $(li2)Holy Water"
    },
    {
      "type": "text",
      "text": "$(li2)Miner's Secrets $(li2)Dexterity Alkahest $(li2)Iron Tip $(li2)Plunderer's Glint $(li2)Slow-burning Oil $(li)Made the $(l:bloodmagic:demon_will/demonic_items/explosive_charges#shaped_charge)Shaped Charge$() and $(l:bloodmagic:demon_will/demonic_items/explosive_charges#deforester_charge)Deforester Charge$() throwable."
    },
    {
      "type": "text",
      "title": "3.0.5-10",
      "text": "Fixed a crash with the $(l:bloodmagic:altar/blood_altar)Blood Altar$() on unload and adjusted the recipe for the $(l:bloodmagic:alchemy_array/functional_arrays/time_arrays)Day array$() to use $(item)Coal$() instead of $(item)Clocks$()."
    },
    {
      "type": "text",
      "title": "3.0.4-9",
      "text": "$(li)Added two new $(l:bloodmagic:demon_will/demonic_items/explosive_charges)explosives$(): $(li2)The $(l:bloodmagic:demon_will/demonic_items/explosive_charges#shaped_charge)Shaped Charge$(), which will break a 5x5x5 volume when placed. $(li2)The $(l:bloodmagic:demon_will/demonic_items/explosive_charges#deforester_charge)Deforester Charge$(), which can chop down a tree up to a maximum of 128 logs. $(li)(Both explosives drop all blocks affected, and do not cause further environmental nor entity damage.)"
    },
    {
      "type": "text",
      "text": "$(li)Added new alchemy arrays: $(li2)$(l:bloodmagic:alchemy_array/functional_arrays/time_arrays)Two arrays$(), which changes the current daylight cycle to day and night. Recipes are temp. $(li)Fixed the following $(l:bloodmagic:alchemy_array/living_equipment/living_upgrades)Living Armour upgrades$() so that they are now obtainable: $(li2)Experienced $(li2)Body Builder"
    },
    {
      "type": "text",
      "title": "3.0.3-8",
      "text": "$(li)Updated the $(item)Sanguine Scientiem$() - it's very well written! Special thanks to both $(fire)VT-14$() and $(raw)Wrincewind$() for their long hours of effort to make this book better than I could have done! $(li)Fixed a crash with the $(l:bloodmagic:alchemy_array/living_equipment/living_basics)Living Armour$() when crafted and worn right after enchanting."
    },
    {
      "type": "text",
      "title": "3.0.2-7",
      "text": "Readded the $(l:bloodmagic:alchemy_array/living_equipment/living_basics)Living Armour$(). Currently only with a few $(l:bloodmagic:alchemy_array/living_equipment/living_upgrades)upgrades$(), and no downgrades. $(li)Pin Cushion $(li)Soft Fall $(li)Tough $(li)Strong Legs (Now can be temporarily deactivated when jumping by sneaking) $(li)Healthy $(li)Experienced $(li)Charging Strike $(li)Tough Palms $(li)Quick Feet $(li)Poison Resistance"
    },
    {
      "type": "text",
      "text": "$(li)Gift of Ignis $(li)Dwarven Might $(li)Body Builder $(br2)Reimplemented the following rituals: $(li)$(l:bloodmagic:rituals/ritual_list/ritual_crystal_split)Resonance of the Faceted Crystal$() $(li)$(l:bloodmagic:rituals/ritual_list/ritual_crystal_harvest)Crack of the Fractured Crystal$() $(li)$(l:bloodmagic:rituals/ritual_list/ritual_harvest)Reap of the Harvest Moon$() (Mainly vanilla crops) $(li)$(l:bloodmagic:rituals/ritual_list/ritual_animal_growth)Ritual of the Shepherd$() $(li)$(l:bloodmagic:rituals/ritual_list/ritual_green_grove)Ritual of the Green Grove$() $(li)$(l:bloodmagic:rituals/ritual_list/ritual_ellipse)Focus of the Ellipsoid$() $(li)$(l:bloodmagic:rituals/ritual_list/ritual_upgrade_remove)Sound of the Cleansing Soul$()"
    },
    {
      "type": "text",
      "text": "$(li)$(l:bloodmagic:rituals/ritual_list/ritual_armour_evolve)Ritual of Living Evolution$()"
    },
    {
      "type": "text",
      "title": "3.0.1-6",
      "text": "$(li)Reimplemented the $(l:bloodmagic:utility/incense_altar)Incense Altar$() with all appropriate blocks. $(li)Added guide entries for the $(l:bloodmagic:utility/incense_altar)Incense Altar$() and $(l:bloodmagic:altar/blood_altar)Blood Altar$(). Other misc entries added, too. $(li)Fixed a server-related crash on the client on the $(l:bloodmagic:alchemy_array/sigil/grove)Sigil of the Green Grove$(). $(li)Added $(l:bloodmagic:utility/alchemical_reaction_chamber#ore_processing)ore processing$() to $(item)Ancient Debris.$() $(li)Readded the other $(l:bloodmagic:demon_will/demonic_items/sentient_tools)Sentient Tool$() types (with one more on the way)."
    },
    {
      "type": "text",
      "text": "$(li)Added a few WIP items that cannot be used yet - they're part of the D*$)@ D*#@(@* system that I'm adding for Tier 4. $(li)Added the API - It's still in flux, so expect it to change very soon! $(li)Probably forgot something important. $(li)Fixed a crash for the $(l:bloodmagic:utility/lava_crystal)Lava Crystal$() that made it blow up the Client if used on a server. No, that was not the intended purpose!"
    },
    {
      "type": "text",
      "text": "$(li)Added the $(l:bloodmagic:rituals/ritual_tinkerer)Ritual Tinkerer$() for Rituals. $(li)Added the \"$(l:bloodmagic:utility/book_experience)Tome of Peritia$()\" again - stores EXP."
    },
    {
      "type": "text",
      "title": "3.0.0-3",
      "text": "$(li)Fix for an issue with the Will Handler, which would cause massive lag. $(li)Reimplemented some recipes which... were not properly implemented. These include the $(l:bloodmagic:alchemy_table/alchemy_table#cutting_fluid)Cutting Fluid$() recipes in the $(l:bloodmagic:alchemy_table/alchemy_table)Alchemy Table$(). Whoops! $(li)Reduced the cost of the $(l:bloodmagic:altar/blood_altar#blank_rune)Blank Rune$(), swapping one of the $(l:bloodmagic:altar/slates)Blank Slates$() for $(item)Smooth Stone$()."
    },
    {
      "type": "text",
      "title": "3.0.0-1",
      "text": "First update for $(item)Minecraft 1.16.3$()! Supposedly it should also work for 1.16.4, however it was built for 1.16.3. $(br2)This release is what I can best describe as \"early alpha\" - a lot of the systems are in place and working, however a few things are notably absent. This can mean that the system will either be fully revamped, reimplemented from previous MC versions at a later date, or"
    },
    {
      "type": "text",
      "text": "will not be added to make room for another system. $(br2)Some of the things that are currently missing from this version of Blood Magic are: $(li)$(l:bloodmagic:alchemy_array/living_equipment/living_basics)Living Armour$(), which will need to be completely rewritten to fix some client-server bugs. $(li)Several rituals. Rituals ARE in this release, but only a handful. Most of the rituals WILL be readded. $(li)The $(l:bloodmagic:utility/incense_altar)Incense Altar$(). Will be reimplemented soon."
    },
    {
      "type": "text",
      "text": "$(li)The Item Routing System. Might need to be reimplemented? And it'll need a bunch of insecticide, since there's some bugs that I've heard about. $(li)Tier 5 - there's not currently much in T5 from previous versions, so it's temporarily disabled until I've fully decided the upgrade path towards it. Although I won't give much away, it will involve demons. And *^$%@)$#. $(li)Tier 6 - Why do people still ask about this?"
    },
    {
      "type": "text",
      "text": "And other systems and items that I have not specifically mentioned. $(br2)Notable new content that's currently being experimented with and/or tweaked: $(li)The $(item)Blood Magic Guide$()! It's being completely rewritten and is currently using the mod Patchouli! $(strike)It's a pretty Neat mod by Vazkii$() It's in its early stages of writing, but for now the plan is to have it be purely informational - main reason I am temporarily ditching the narrative-based"
    },
    {
      "type": "text",
      "text": "guide is that I need some form of in-game guide that tells the user about all the new and improved systems in the mod. And building a comprehensive narrative makes such a thing slow moving. $(li)The $(l:bloodmagic:utility/alchemical_reaction_chamber)Alchemical Reaction Chamber$()! It's a multiple-use block that can process ores and is integral for reaching Tier 4. It's still being balanced, so any feedback on this is greatly appreciated. $(br2)I hope you will enjoy the mod! $(br)                - WayofTime"
    }
  ]
}
