{
  "name": "熔岩晶體",
  "icon": "bloodmagic:lavacrystal",
  "category": "bloodmagic:utility",
  "pages": [
    {
      "type": "text",
      "text": "The $(item)Lava Crystal$() is a source of great heat. Between the lava used in its creation and the power of your Soul Network, you feel confident that it will never cool.$(br2) Right clicking on any block in the world will ignite it, at a cost of 100 LP."
    },
    {
      "type": "crafting",
      "recipe": "bloodmagic:lava_crystal",
      "text": "$(br)Furthermore, if placed in the fuel slot of a furnace, it will act as a never-ending fuel source, consuming 50LP to burn for 10 seconds, or long enough to cook one item."
    }
  ]
}
