{
    "name": "Berserker's Fury",
    "icon": "minecraft:enchanted_book",
    "category": "apotheosis:enchanting/enchantments",
    "flag": "apotheosis:enchanting",
    "sortnum": 1,
    "pages": [
        {
            "type": "patchouli:text",
            "text": "$(4)Berserker's Fury$() is a Corrupted enchantment that can be applied to chestplates.$(p)While using this enchantment, if you take damage, you will take additional damage and receive Resistance, Speed, and Strength."
        },
        {
            "type": "patchouli:text",
            "text": "The damage taken and potion strength are based on the enchantment level."
        }
    ]
}