{
    "name": "Endless Quiver",
    "icon": "minecraft:enchanted_book",
    "category": "apotheosis:enchanting/enchantments",
    "flag": "apotheosis:enchanting",
    "sortnum": 1,
    "pages": [
        {
            "type": "patchouli:text",
            "text": "$(2)Endless Quiver$() is a Masterwork enchantment for bows.$(p)When firing a bow, arrows are not consumed, no matter the type.$(p)It is considered a direct upgrade from $(9)Infinity$()."
        },
        {
            "type": "patchouli:text",
            "text": "This enchantment should even make arrows from other mods infinite."
        }
    ]
}