{
    "name": "盾反",
    "icon": "minecraft:enchanted_book",
    "category": "apotheosis:enchanting/enchantments",
    "flag": "apotheosis:enchanting",
    "sortnum": 1,
    "pages": [
        {
            "type": "patchouli:text",
            "text": "$(9)盾反$()是用於盾牌的附魔。$(p)會對攻擊者造成一部分被格擋的傷害。$(p)更具體地說，會造成 15% 的傷害。"
        },
        {
            "type": "patchouli:text",
            "text": "造成的傷害是魔法傷害。$(p)高等級的$(9)盾反$()甚至能造成比原始傷害更多的傷害。"
        }
    ]
}