{
  "name": "獲得第一顆惡魔意志",
  "icon": "bloodmagic:soulsnare",
  "category": "bloodmagic:demon_will/will_manipulation",
  "priority": "是",
  "pages": [
    {
      "type": "crafting_altar",
      "heading": "靈魂投網",
      "recipe": "bloodmagic:altar/soul_snare",
      "text": "$(item)Soul Snares$() are your gateway into the $(l:bloodmagic:demon_will/will_manipulation/demon_will)Demon Will$() portion of $(blood)Blood Magic$()."
    },
    {
      "type": "text",
      "text": "Using the $(item)Snare$() is simple enough - craft a good quantity of them and throw them at $(thing)hostile mobs$(). White particle effects will appear around them; then it's time to go in for the kill. On death, they will drop a $(l:bloodmagic:demon_will/will_manipulation/demon_will)Demon Will$(). Before you ask, yes, the Looting enchantment will increase the amount of $(raw)Will$() dropped. Once you've gathered a couple, you can get to work on crafting yourself a $(l:bloodmagic:demon_will/demonic_items/sentient_sword)Sentient Sword$() and a $(l:bloodmagic:demon_will/will_manipulation/soul_gem)Tartaric Gem$() - these will make collecting $(l:bloodmagic:demon_will/will_manipulation/demon_will)Demon Will$() much easier."
    },
    {
      "type": "image",
      "images": [
        "bloodmagic:images/entries/demon_will/snare_particles.png"
      ],
      "title": "被靈魂投網砸到的骷髏",
      "border": true,
      "text": "在被投網砸到之後，骷髏身上散發出了白色的粒子效果。"
    }
  ]
}
