{
  "name": "botania.entry.blackHoleTalisman",
  "category": "botania:ender",
  "icon": "botania:black_hole_talisman",
  "entry_color": "aa00",
  "advancement": "botania:main/elf_lexicon_pickup",
  "pages": [
    {
      "type": "text",
      "text": "botania.page.blackHoleTalisman0"
    },
    {
      "type": "text",
      "text": "botania.page.blackHoleTalisman1"
    },
    {
      "type": "text",
      "text": "botania.page.blackHoleTalisman2"
    },
    {
      "type": "crafting",
      "text": "botania.page.blackHoleTalisman3",
      "recipe": "botania:black_hole_talisman"
    }
  ]
}
