{
  "name": "botania.entry.corporeaRetainer",
  "category": "botania:ender",
  "icon": "botania:corporea_retainer",
  "entry_color": "aa00",
  "advancement": "botania:main/elf_lexicon_pickup",
  "pages": [
    {
      "type": "text",
      "text": "botania.page.corporeaRetainer0"
    },
    {
      "type": "text",
      "text": "botania.page.corporeaRetainer1"
    },
    {
      "type": "text",
      "text": "botania.page.corporeaRetainer2"
    },
    {
      "type": "crafting",
      "text": "botania.page.corporeaRetainer3",
      "recipe": "botania:corporea_retainer"
    },
    {
      "type": "text",
      "text": "botania.page.corporeaRetainer4"
    }
  ]
}
