{
  "name": "botania.entry.corporeaInterceptor",
  "category": "botania:ender",
  "icon": "botania:corporea_interceptor",
  "entry_color": "aa00",
  "advancement": "botania:main/elf_lexicon_pickup",
  "pages": [
    {
      "type": "text",
      "text": "botania.page.corporeaInterceptor0"
    },
    {
      "type": "text",
      "text": "botania.page.corporeaInterceptor1"
    },
    {
      "type": "crafting",
      "text": "botania.page.corporeaInterceptor2",
      "recipe": "botania:corporea_interceptor"
    }
  ]
}
