{
    "name": "Allthemodium Armour",
    "icon": "allthemodium:allthemodium_chestplate",
    "category": "allthemodium:armour",
    "sortnum": "1",
    "pages": [
        {
            "type": "text",
            "text": "Allthemodium armour has several benefits other than just the armour, toughness and knockback resistance:$(li)Water Breathing$(li)No Crash Damage when Flying with Elytra$(li)Immune to Fire Damage$(li)No Fall Damage$(li)When you upgrade the armour from Netherite, it keeps the enchants"
        },
        {
            "type": "crafting",
            "recipe": "allthemodium:main/allthemodium_helmet",
            "recipe2": "kubejs:minecraft_netherite_helmet_upgrade"
        },
        {
            "type": "crafting",
            "recipe": "allthemodium:main/allthemodium_chestplate",
            "recipe2": "kubejs:minecraft_netherite_chestplate_upgrade"
        },
        {
            "type": "crafting",
            "recipe": "allthemodium:main/allthemodium_leggings",
            "recipe2": "kubejs:minecraft_netherite_leggings_upgrade"
        },
        {
            "type": "crafting",
            "recipe": "allthemodium:main/allthemodium_boots",
            "recipe2": "kubejs:minecraft_netherite_boots_upgrade"
        }
    ]
}