{
    "name": "Unobtainium Armour",
    "icon": "allthemodium:unobtainium_chestplate",
    "category": "allthemodium:armour",
    "sortnum": "3",
    "pages": [
        {
            "type": "text",
            "text": "Unobtainium Armour has all of the same attributes as Vibranium Armour, but with heavily increased armour, toughness, and knockback resistance, it also adds:$(li)Protection from Shulker Levitation"
        },
        {
            "type": "crafting",
            "recipe": "allthemodium:main/unobtainium_helmet",
            "recipe2": "allthemodium:main/unobtainium_chestplate"
        },
        {
            "type": "crafting",
            "recipe": "allthemodium:main/unobtainium_leggings",
            "recipe2": "allthemodium:main/unobtainium_boots"
        }
    ]
}