{
    "name": "Vibranium Armour",
    "icon": "allthemodium:vibranium_chestplate",
    "category": "allthemodium:armour",
    "sortnum": "2",
    "pages": [
        {
            "type": "text",
            "text": "Vibranium Armour has all of the same attributes as Allthemodium armour, but with increased armour, toughness, and knockback resistance, it also adds:$(li)Wither Protection$(li)Magic Resistance$(li)Immunity to Nausea$(li)Also keeps enchants on upgrade"
        },
        {
            "type": "crafting",
            "recipe": "allthemodium:main/vibranium_helmet",
            "recipe2": "allthemodium:main/vibranium_chestplate"
        },
        {
            "type": "crafting",
            "recipe": "allthemodium:main/vibranium_leggings",
            "recipe2": "allthemodium:main/vibranium_boots"
        }
    ]
}