{
    "name": "Inner workings",
    "icon": "bigreactors:basic_reactorfuelrod",
    "category": "bigreactors:reactor",
    "read_by_default": true,
    "sortnum": 1,
    "pages": [
        {
            "type": "patchouli:text",
            "text": "How does a Reactor $(l:bigreactors:reactor/passive)generate energy$(/l) or $(l:bigreactors:reactor/active)vaporize coolants$(/l)?$(br2)With heat.$(br2)Irradiated $(l:bigreactors:reactor/reactants)fuel$(/l) heats up, $(l:bigreactors:reactor/moderators)moderators$(/l) absorb part of the radiation and move heat away from the $(l:bigreactors:reactor/part-fuelrod)Fuel Rods$(/l) and toward the $(l:bigreactors:reactor/part-casing)Casing$(/l).$(br2)The Casing Heat is what, in the end, generate energy or vaporize $(l:bigreactors:misc/coolantsystem)coolants$(/l)."
        },
        {
            "type": "patchouli:text",
            "text": "Moving heat away from the $(l:bigreactors:reactor/part-fuelrod)Fuel Rods$(/l) is a very important aspect of your Reactor design and $(l:bigreactors:reactor/moderators)moderators$(/l) play a key role in it. It is also important to mention that radiation travel in every direction perpendicular to the $(l:bigreactors:reactor/part-fuelrod)Fuel Rods$(/l) pile axis.$(br2)$(italic)Please note that, while being close enough to let you create the best Reactors possible, this is an oversimplification of what's really going on inside your Reactor.$()"
        }
    ]
}