{
    "name": "Control Rod",
    "icon": "bigreactors:reactorcontrolrod",
    "category": "bigreactors:reactor-parts",
    "read_by_default": true,
    "sortnum": 5,
    "pages": [
        {
            "type": "spotlight",
            "item": "bigreactors:reactorcontrolrod",
            "link_recipe": true,
            "title": "Control Rod",
            "text": "Control Rods can be inserted into their respective $(l:reactor/part-fuelrod)Fuel Rods$(/l) pile and are made of a material that can absorb the neutron radiation that will otherwise hit the reactants stored in the $(l:reactor/part-fuelrod)Fuel Rods$(/l), slowing down or stopping altogether the consumption of fuel and the generation of heat and wastes."
        },
        {
            "type": "text",
            "text": "Right click on a Control Rod to open it's graphical user interface$(br2)In the interface you could assign a name to the Control Rod that can later be used to reference this specific Control Rod while using the $(l:reactor/part-computerport)Computer Port$(/l) to manage the Reactor.$(br2)The insertion percentage specify how much the Control Rod is inserted into it's $(l:reactor/part-fuelrod)Fuel Rod$(/l) pile. You can change the value for only this Control Rods or for all of them."
        },
        {
            "type": "crafting",
            "recipe": "bigreactors:reactorcontrolrod",
            "title": "Control Rod"
        },
        {
            "type": "part_usage",
            "text": "$(l)Mandatory:$() yes$(br)$(l)Valid positions:$() all on a single face, following a Fuel Rod$(br)$(l)Graphical interface:$() yes"
        }
    ]
}