{
    "name": "Creative Coolant Port",
    "icon": "bigreactors:reactorcreativecoolantport",
    "category": "bigreactors:reactor-parts",
    "read_by_default": true,
    "sortnum": 12,
    "pages": [
        {
            "type": "spotlight",
            "item": "bigreactors:reactorcreativecoolantport",
            "link_recipe": true,
            "title": "Creative Coolant Port",
            "text": "The Creative Coolant Port is a creative only part that act as a constant source of water for an $(l:reactor/active)actively cooled$(/l) Reactor."
        },
        {
            "type": "part_usage",
            "text": "$(l)Mandatory:$() no$(br)$(l)Valid positions:$() any face (not on frame)$(br)$(l)Graphical interface:$() no$(br)$(l)Creative mode:$() this part is only available in creative mode and there is no crafting recipe for it"
        }
    ]
}