{
    "name": "Control Rod",
    "icon": "bigreactors:reinforced_reactorcontrolrod",
    "category": "bigreactors:reactor-parts",
    "read_by_default": true,
    "sortnum": 5,
    "pages": [
        {
            "type": "patchouli:spotlight",
            "item": "bigreactors:reinforced_reactorcontrolrod",
            "link_recipe": true,
            "title": "Control Rod",
            "text": "Control Rods can be inserted into their respective $(l:bigreactors:reactor/part-fuelrod)Fuel Rods$(/l) pile and are made of a material that can absorb the neutron radiation that will otherwise hit the reactants stored in the $(l:bigreactors:reactor/part-fuelrod)Fuel Rods$(/l), slowing down or stopping altogether the consumption of fuel and the generation of heat and wastes."
        },
        {
            "type": "patchouli:text",
            "text": "Right click on a Control Rod to open it's graphical user interface$(br2)In the interface you could assign a name to the Control Rod that can later be used to reference this specific Control Rod while using the $(l:bigreactors:reactor/part-computerport)Computer Port$(/l) to manage the Reactor.$(br2)The insertion percentage specify how much the Control Rod is inserted into it's $(l:bigreactors:reactor/part-fuelrod)Fuel Rod$(/l) pile. You can change the value for only this Control Rods or for all of them."
        },
        {
            "type": "bigreactors:crafting2x",
            "title1": "Basic",
            "recipe1": "bigreactors:reactor/basic/controlrod",
            "title2": "Reinforced",
            "recipe2": "bigreactors:reactor/reinforced/controlrod"
        },
        {
            "type": "bigreactors:part_usage",
            "text": "$(l)Mandatory:$() yes$(br)$(l)Valid positions:$() all on a single face, following a Fuel Rod$(br)$(l)Variants:$() all$(br)$(l)Graphical interface:$() yes"
        }
    ]
}