{
    "name": "Casing",
    "icon": "bigreactors:reactorcasing",
    "category": "bigreactors:reactor-parts",
    "read_by_default": true,
    "sortnum": 1,
    "pages": [
        {
            "type": "spotlight",
            "item": "bigreactors:reactorcasing",
            "link_recipe": true,
            "title": "Casing",
            "text": "Casing blocks are the building blocks of the Reactor.$(br2)They are required to build its frame and are also used to craft the other parts. Casing blocks can also be used to fill the faces of the Reactor if you don't like glass too much.$(br2)You will craft a ton of them."
        },
        {
            "type": "crafting",
            "recipe2": "bigreactors:reactorcasing",
            "title": "Casing"
        },
        {
            "type": "part_usage",
            "text": "$(l)Mandatory:$() they are required to build the frame$(br)$(l)Valid positions:$() any$(br)$(l)Graphical interface:$() no"
        }
    ]
}