{
    "name": "Glass",
    "icon": "bigreactors:reinforced_reactorglass",
    "category": "bigreactors:reactor-parts",
    "read_by_default": true,
    "sortnum": 2,
    "pages": [
        {
            "type": "patchouli:spotlight",
            "item": "bigreactors:reinforced_reactorglass",
            "link_recipe": true,
            "title": "Glass",
            "text": "Glass blocks are decorative blocks that can be used, instead of a Casing block, to show the interior of the Reactor."
        },
        {
            "type": "bigreactors:crafting2x",
            "title1": "Basic",
            "recipe1": "bigreactors:reactor/basic/glass",
            "title2": "Reinforced",
            "recipe2": "bigreactors:reactor/reinforced/glass"
        },
        {
            "type": "bigreactors:part_usage",
            "text": "$(l)Mandatory:$() no$(br)$(l)Valid positions:$() any face (not on frame)$(br)$(l)Variants:$() all$(br)$(l)Graphical interface:$() no"
        }
    ]
}