{
    "name": "Computer Port",
    "icon": "bigreactors:reinforced_reactorcomputerport",
    "category": "bigreactors:reactor-parts",
    "read_by_default": true,
    "sortnum": 9,
    "pages": [
        {
            "type": "patchouli:spotlight",
            "item": "bigreactors:reinforced_reactorcomputerport",
            "link_recipe": true,
            "title": "Computer Port",
            "text": "The Computer Port allow you to connect your Reactor to a computer for complex automation tasks.$(br2)A standard set of methods is exposed to the connected computer and you can use them to query the status of the Reactor and control is behavior."
        },
        {
            "type": "patchouli:text",
            "text": "To use the Computer Port you need an external mod that add programmable computers to the game.$(br2)Currently the only such mod supported (and available) is CC:Tweaked."
        },
        {
            "type": "bigreactors:crafting1x",
            "title1": "Reinforced",
            "recipe1": "bigreactors:reactor/reinforced/computerport"
        },
        {
            "type": "bigreactors:part_usage",
            "text": "$(l)Mandatory:$() no$(br)$(l)Valid positions:$() any face (not on frame)$(br)$(l)Variants:$() Reinforced$(br)$(l)Graphical interface:$() no"
        }
    ]
}