{
    "name": "Coolant Port",
    "icon": "bigreactors:reactorcoolantport",
    "category": "bigreactors:reactor-parts",
    "read_by_default": true,
    "sortnum": 10,
    "pages": [
        {
            "type": "spotlight",
            "item": "bigreactors:reactorcoolantport",
            "link_recipe": true,
            "title": "Coolant Port",
            "text": "The Coolant Port allow you to insert or extract fluids from an $(l:reactor/active)actively cooled$(/l) Reactor.$(br2)This Port accept and emit vanilla fluids but only if they are valid $(l:misc/coolantsystem)coolants or vapors$(/l).$(br2)A $(l:misc/wrench)wrench$(/l) can be used to change the Port from input to output mode."
        },
        {
            "type": "crafting",
            "recipe": "bigreactors:reactorcoolantport",
            "title": "Coolant Port"
        },
        {
            "type": "part_usage",
            "text": "$(l)Mandatory:$() no$(br)$(l)Valid positions:$() any face (not on frame)$(br)$(l)Graphical interface:$() no$(br)$(l)Wrench:$() a $(l:misc/wrench)wrench$(/l) can be used to toggle the Port mode"
        }
    ]
}