{
    "name": "Passive Cooling",
    "icon": "bigreactors:graphite_block",
    "category": "bigreactors:reactor-operational_mode",
    "read_by_default": true,
    "sortnum": 1,
    "pages": [
        {
            "type": "patchouli:text",
            "text": "A passively cooled Reactor is a Reactor that $(l:bigreactors:reactor/innerworking)generate energy$(/l) directly and that do not use an external medium to dissipate it's internal heat.$(br2)The $(l:bigreactors:intro/first)first Reactor$(/l) described in the early pages of this book is a Reactor operating in Passive Cooling mode."
        }
    ]
}