{
  "name": "Breaker Module",
  "category": "modules",
  "icon": "modularrouters:breaker_module",
  "pages": [
    {
      "type": "text",
      "text": "This module tries to break a block, adjacent to the $(l:router/modular_router)Router/$ in the module's $(l:intro/modules#direction)configured direction/$.$(p)Most blocks are breakable, although anything with an unbreakable hardness (e.g. vanilla $(item)Bedrock/$ or $(item)End Portal/$) can not be broken, nor can any fluid blocks. If the block is broken, its primary drop(s) will be automatically inserted into the item router's buffer, if possible."
    },
    {
      "type": "text",
      "text": "The Breaker Module can be crafted with any type of pickaxe (including modded pickaxes), but the pickaxe used to craft the module determines its harvest level.  E.g. if you create a Breaker Module with an $(item)Iron Pickaxe/$, it will not be able to break $(item)Obsidian/$.$(p)Additionally, any $(thing)enchantments/$ on the pickaxe used will be noted in the module ($(thing)Silk Touch/$ and $(thing)Fortune/$ are of particular use)."
    },
    {
      "type": "crafting",
      "recipe": "modularrouters:breaker_module"
    }
  ]
}
