{
  "name": "Distributor Module",
  "category": "modules",
  "icon": "modularrouters:distributor_module",
  "pages": [
    {
      "type": "text",
      "text": "This is an extended version of the $(l:modules/sender_2)Sender Module Mk2/$, which can send items to multiple targets. $(thing)Sneak-right-click/$ an inventory to add it to the Distributor Module, and $(thing)Sneak-right-click/$ the inventory again to remove it.$(p)The Distributor Module can distribute to up to 8 targets."
    },
    {
      "type": "text",
      "text": "A little extra control over distribution strategy is available via the GUI control on the right:$(li)$(bold)Round Robin/$ - distribute to each inventory in turn, as evenly as possible$(li)$(bold)Random/$ - pick one of the targets at random$(li)$(bold)Nearest/$ - always fill the closest target with space for the item$(li)$(bold)Furthest/$ - always fill the furthest target with space for the item"
    },
    {
      "type": "crafting",
      "recipe": "modularrouters:distributor_module"
    }
  ]
}
