{
  "name": "Dropper Module",
  "category": "modularrouters:modules",
  "icon": "modularrouters:dropper_module",
  "pages": [
    {
      "type": "text",
      "text": "This module tries to drop an item from the router's buffer as an item entity in the world. The drop will be adjacent to the router in the module's $(l:intro/modules#direction)configured direction/$. The item entity will be placed with a zero velocity, unlike the vanilla $(item)Dropper/$ which adds an irritating random velocity to the item."
    },
    {
      "type": "crafting",
      "recipe": "modularrouters:dropper_module"
    }
  ]
}
