{
  "name": "Energy Distributor Module",
  "category": "modularrouters:modules",
  "icon": "modularrouters:energy_distributor_module",
  "pages": [
    {
      "type": "text",
      "text": "This module is like a combination of an $(l:modules/energy_output)Energy Output/$ and a $(l:modules/distributor)Distributor/$ Module, in that it can wirelessly distribute FE (Forge Energy) to up to 8 nearby energy-accepting blocks.$(p)$(thing)Sneak-right-click/$ a block to add it to the Energy Distributor Module, and $(thing)Sneak-right-click/$ the block again to remove it."
    },
    {
      "type": "text",
      "text": "Like the $(l:modules/energy_output)Energy Output Module/$, this module can extract energy from either the router's internal energy buffer (if any $(l:upgrades/energy)Energy Upgrades/$ are installed) or from an energy-containing item in the router's item buffer. The internal energy buffer is used by preference."
    },
    {
      "type": "crafting",
      "recipe": "modularrouters:energy_distributor_module"
    }
  ]
}
