{
  "name": "Energy Output Module",
  "category": "modules",
  "icon": "modularrouters:energy_output_module",
  "pages": [
    {
      "type": "text",
      "text": "This module attempts to output FE (Forge Energy) from the Router to an adjacent energy-receiving block, in its configured direction. The module can extract energy from either the router's internal energy buffer (if any $(l:upgrades/energy)Energy Upgrades/$ are installed) or from an energy-containing item in the router's item buffer. The internal energy buffer is used by preference."
    },
    {
      "type": "crafting",
      "recipe": "modularrouters:energy_output_module"
    }
  ]
}
