{
  "name": "Extruder Module Mk2",
  "category": "modularrouters:modules",
  "icon": "modularrouters:extruder_module_2",
  "pages": [
    {
      "type": "text",
      "text": "This module behaves somewhat like the $(l:modules/extruder_1)Extruder Module Mk1/$, but with a few important differences:$(li)The Mk2 module doesn't place items from the router's buffer, but rather from a template defined within the module itself.$(li)This template appears on the right-hand side of the module's GUI, has 9 slots, and can have multiple items per slot. Items placed in the template are \"ghost\" items."
    },
    {
      "type": "text",
      "text": "$(li)Blocks extruded are \"virtual\" - effectively created out of nowhere, but drop nothing when broken and can't be crafted normally.$(li)Therefore, this module isn't suitable for farming like the Extruder Mk1, but can be used to place doors/bridges etc. with more complex patterns than the Mk1 could.$(li)The default range for the Extruder Mk2 is 24 blocks, which can be increased to 48 with Range Upgrades."
    },
    {
      "type": "crafting",
      "recipe": "modularrouters:extruder_module_2"
    }
  ]
}
