{
  "name": "Placer Module",
  "category": "modules",
  "icon": "modularrouters:placer_module",
  "pages": [
    {
      "type": "text",
      "text": "This module tries to place an item from the router's buffer as a block, adjacent to the router in the module's $(l:intro/modules#direction)configured direction/$.$(li)If the item isn't a block or the destination block space is obstructed, nothing will be done.$(li)Normal Minecraft placement rules are followed; e.g. sugar cane can only be placed next to water on sand/dirt."
    },
    {
      "type": "text",
      "text": "$(li)Fluid blocks will be replaced, as will replaceable blocks such as tall grass.$(li)The Placer module can plant seeds on farmland, and cocoa beans on an adjacent jungle log."
    },
    {
      "type": "crafting",
      "recipe": "modularrouters:placer_module"
    }
  ]
}
