{
  "name": "Puller Module Mk2",
  "category": "modularrouters:modules",
  "icon": "modularrouters:puller_module_2",
  "pages": [
    {
      "type": "text",
      "text": "This behaves like the $(l:modules/puller_1)Puller Mk1/$, but can pull items from non-adjacent inventories.$(p)The inventory can be up to 12 blocks away (up to 24 with $(l:augments/range_up)Range Augments/$); clear line of sight is $(italic)not/$ required."
    },
    {
      "type": "text",
      "text": "$(li)To select the target inventory, $(thing)Sneak-Right-click/$ the block with the Puller Mk2 module in hand. You will get a confirmation message.$(li)While holding a Puller Mk2 with a target set, the targeted block will be highlighted."
    },
    {
      "type": "crafting",
      "recipe": "modularrouters:puller_module_2",
      "recipe2": "modularrouters:puller_module_2_x4"
    }
  ]
}
