{
  "name": "Puller Module Mk1",
  "category": "modules",
  "icon": "modularrouters:puller_module_1",
  "pages": [
    {
      "type": "text",
      "text": "This module tries to pull the first eligible item from the adjacent inventory in its $(l:intro/modules#direction)configured direction/$ into the router's buffer. If the buffer is full or contains something that stacks with nothing in the inventory, nothing will be pulled."
    },
    {
      "type": "crafting",
      "recipe": "modularrouters:puller_module_1"
    }
  ]
}
