{
  "name": "Sender Module Mk2",
  "category": "modularrouters:modules",
  "icon": "modularrouters:sender_module_2",
  "pages": [
    {
      "type": "text",
      "text": "This module behaves like a $(l:modules/sender_1)Sender Module Mk1/$, but has more powerful inventory targeting capabilities:$(li)The target inventory can be up to 24 blocks away (up to 48 with $(l:augments/range_up)Range Augments/$).$(li)Clear line of sight is $(italic)not/$ required."
    },
    {
      "type": "text",
      "text": "$(li)To select the target inventory, $(thing)Sneak-Right-click/$ the target with the Sender Mk2 module in hand. You will get a confirmation message.$(li)While holding a Sender Mk2 with a target set, the targeted block will be highlighted."
    },
    {
      "type": "crafting",
      "recipe": "modularrouters:sender_module_2",
      "recipe2": "modularrouters:sender_module_2_x4"
    }
  ]
}
