{
  "name": "Sender Module Mk3",
  "category": "modules",
  "icon": "modularrouters:sender_module_3",
  "pages": [
    {
      "type": "text",
      "text": " This top-end sender module operates very much like the $(l:modules/sender_3)Sender Mk2/$, but can send to any inventory (in any dimension) with no restrictions!$(p)Note: the target inventory must be chunk-loaded; $(modr) will not do this for you."
    },
    {
      "type": "crafting",
      "recipe": "modularrouters:sender_module_3"
    }
  ]
}
