{
  "name": "Sender Module Mk1",
  "category": "modules",
  "icon": "modularrouters:sender_module_1",
  "pages": [
    {
      "type": "text",
      "text": "This module tries to send an item from the router's buffer to an inventory in the module's $(l:intro/modules#direction)configured direction/$:$(li)The target inventory can be up to 8 blocks away (up to 16 with $(l:augments/range_up)Range Up Augments/$)$(li)The target inventory $(italic)must/$ be directly along the X, Y, or Z axis.$(li)The router $(italic)must/$ have clear line of sight to the target; no opaque blocks, but blocks such as glass, fences, iron bars etc. are OK."
    },
    {
      "type": "crafting",
      "recipe": "modularrouters:sender_module_1",
      "recipe2": "modularrouters:sender_module_1_alt"
    }
  ]
}
