{
  "name": "Vacuum Module",
  "category": "modules",
  "icon": "modularrouters:vacuum_module",
  "pages": [
    {
      "type": "text",
      "text": "This module scans for dropped items in a 13x13x13 cubic area around the router (i.e. up to 6 blocks in each direction), and absorbs them into the router's buffer, if possible.$(p)The range can be increased up to 25x25x25 (12 blocks in each direction) with $(l:augments/range_up)Range Up Augments/$, or shrunk to just 3x3x3 with $(l:augments/range_down)Range Down Augments/$."
    },
    {
      "type": "text",
      "text": "The scanned area is centered on the router if the module's $(l:intro/modules#direction)configured direction/$ is $(bold)All/$ (the default).$(p)If the module has an actual direction configured, the area is offset in that direction by 6 blocks, plus one for each Range Up Augment installed, minus one for each Range Down Augment installed.$(p)E.g. with a direction of $(bold)UP/$, the module will only scan an area directly above the router."
    },
    {
      "type": "crafting",
      "recipe": "modularrouters:vacuum_module"
    }
  ]
}
