{
    "name": "Bartering",
    "icon": "minecraft:piglin_spawn_egg",
    "category": "allthemodium:misc",
    "sortnum": "2",
    "pages": [
        {
            "type": "entity",
            "entity": "minecraft:piglin",
            "rotate": "false",
            "default_rotation": "-45"
        },
        {
            "type": "spotlight",
            "item": "minecraft:gold_ingot",
            "title": "Bartering",
            "link_recipe": false,
            "text": "Piglin Bartering can be useful for getting some good items early game. you can trade with them by dropping gold, or right click gold on them.$(br2)See the next pages for the added trades"
        },
        {
            "type": "text",
            "text": "$(li)Allthemodium Boots-Weight 1$(li)Allthemodium Potion-Weight 1$(li)2-4 Allthemodium Apples-Weight 4$(li)1-2 Allthemodium Carrot - Weight 3$(li)1-4 Allthemodium Nuggets-Weight 8"
        },
        {
            "type": "text",
            "text": ""
        }
    ]
}