{
    "name": "Allthemodium Tools",
    "icon": "allthemodium:alloy_paxel",
    "category": "allthemodium:misc",
    "sortnum": "1",
    "pages": [
        {
            "type": "text",
            "text": "Allthemodium has several tools included, most work as expected, the paxel has some unique features."
        },
        {
            "type": "crafting",
            "recipe": "allthemodium:main/alloy_paxel",
            "text": "The Paxel has a few unique uses$(li)Making Paths$(li)Strip Logs$(li)And make Crying Obsidian from Obsidian"
        },
        {
            "type": "crafting",
            "recipe": "allthemodium:main/alloy_pick",
            "recipe2": "allthemodium:main/alloy_shovel"
        },
        {
            "type": "crafting",
            "recipe": "allthemodium:main/alloy_sword",
            "recipe2": "allthemodium:main/alloy_axe"
        }
    ]
}