{
  "name": "增強器",
  "category": "indrev:upgrades",
  "sortnum": 0,
  "icon": "indrev:speed_enhancer",
  "pages": [
    {
      "type": "text",
      "text": "這些升級將增強機器的某些數值，如處理速度和能量消耗。$(br2)將增強器升級放入機器介面右側插槽以使用。"
    },
    {
      "type": "crafting",
      "recipe": "indrev:shaped/speed_enhancer",
      "text": "此升級將提高機器的處理速度並加劇能量消耗。"
    },
    {
      "type": "crafting",
      "recipe": "indrev:shaped/buffer_enhancer",
      "text": "This upgrade will increase the machine's internal energy capacity."
    },
    {
      "type": "crafting",
      "recipe": "indrev:shaped/blast_furnace_enhancer",
      "text": "This upgrade will make the Electric Furnace accept Blast Furnace recipes."
    },
    {
      "type": "crafting",
      "recipe": "indrev:shaped/smoker_enhancer",
      "text": "This upgrade will make the Electric Furnace accept Smoker recipes."
    }
  ]
}