{
  "name": "增強器",
  "category": "indrev:upgrades",
  "sortnum": 0,
  "icon": "indrev:speed_enhancer",
  "pages": [
    {
      "type": "text",
      "text": "這些升級將增強機器的某些數值，如處理速度和能量消耗。$(br2)將增強器升級放入機器介面右側插槽以使用。"
    },
    {
      "type": "合成",
      "recipe": "indrev:shaped/speed_enhancer",
      "text": "此升級將提高機器的處理速度並加劇能量消耗。"
    },
    {
      "type": "合成",
      "recipe": "indrev:shaped/buffer_enhancer",
      "text": "此升級將提高機器的內部能量處存容量。"
    },
    {
      "type": "合成",
      "recipe": "indrev:shaped/blast_furnace_enhancer",
      "text": "此升級將使電爐能夠處理高爐配方。"
    },
    {
      "type": "合成",
      "recipe": "indrev:shaped/smoker_enhancer",
      "text": "此升級將使電爐能夠處理煙燻爐配方。"
    }
  ]
}