{
  "name": "增強器",
  "category": "indrev:upgrades",
  "sortnum": 0,
  "icon": "indrev:speed_enhancer",
  "pages": [
    {
      "type": "text",
      "text": "These upgrades will improve certain aspects of the machine like speed and energy usage.$(br2)The machine will use upgrades inserted in the 4 right-side slots on its interface."
    },
    {
      "type": "crafting",
      "recipe": "indrev:shaped/speed_enhancer",
      "text": "This upgrade will increase the machine's processing speed at cost of energy."
    },
    {
      "type": "crafting",
      "recipe": "indrev:shaped/buffer_enhancer",
      "text": "This upgrade will increase the machine's internal energy capacity."
    },
    {
      "type": "crafting",
      "recipe": "indrev:shaped/blast_furnace_enhancer",
      "text": "This upgrade will make the Electric Furnace accept Blast Furnace recipes."
    },
    {
      "type": "crafting",
      "recipe": "indrev:shaped/smoker_enhancer",
      "text": "This upgrade will make the Electric Furnace accept Smoker recipes."
    }
  ]
}