{
  "name": "等級升級",
  "category": "indrev:upgrades",
  "sortnum": 1,
  "icon": "indrev:tier_upgrade_mk2",
  "pages": [
    {
      "type": "text",
      "text": "這些升級將提高機器的輸入、輸出及其他方面的能力。$(br2)右擊低階機器以升級它。"
    },
    {
      "type": "crafting",
      "recipe": "indrev:shaped/tier_upgrade_mk2",
      "text": "升級MK1機器至MK2。"
    },
    {
      "type": "crafting",
      "recipe": "indrev:shaped/tier_upgrade_mk3",
      "text": "升級MK2機器至MK3。"
    },
    {
      "type": "crafting",
      "recipe": "indrev:shaped/tier_upgrade_mk4",
      "text": "升級MK3機器至MK4。"
    }
  ]
}