{
  "name": "Pushing Augment",
  "category": "modularrouters:augments",
  "icon": "modularrouters:pushing_augment",
  "pages": [
    {
      "type": "text",
      "text": "This augment can only be added to the $(l:modules/extruder_1)Extruder Mk1/$ and $(l:modules/extruder_2)Extruder Mk2/$ modules.$(p)It can be stacked; each augment increases the force that entities are shoved when the module extrudes a block."
    },
    {
      "type": "crafting",
      "recipe": "modularrouters:pushing_augment"
    }
  ]
}
