{
  "name": "Redstone Augment",
  "category": "modularrouters:augments",
  "icon": "modularrouters:redstone_augment",
  "pages": [
    {
      "type": "text",
      "text": "This augment can be added to any module.$(p)Normally, modules are run when the router runs, no questions asked. However, if this augment is added to a module, that module can define its own redstone behaviour; an extra button is added to the module's GUI to control this."
    },
    {
      "type": "crafting",
      "recipe": "modularrouters:redstone_augment"
    }
  ]
}
