{
  "name": "Stack Augment",
  "category": "modularrouters:augments",
  "icon": "modularrouters:stack_augment",
  "pages": [
    {
      "type": "text",
      "text": "This module can be added to any module which handles $(italic)items/$ (as opposed to $(italic)blocks/$, $(italic)fluids/$ or $(italic)energy/$).$(p)Adding Stack Augments to a module increases the number of items it can process per tick; each Stack Augment doubles the number of items, up to a maximum of the item's natural stack size (64 for most items)."
    },
    {
      "type": "text",
      "text": "If the $(l:router/modular_router)router/$ also has $(l:upgrades/stack)Stack Upgrades/$ installed, the module's Stack Augments will override that; e.g. if a router has 6 Stack Upgrades, and a module has 2 Stack Augments, the module will process 4 items per tick, not 64."
    },
    {
      "type": "crafting",
      "recipe": "modularrouters:stack_augment"
    }
  ]
}
