{
  "name": "The Ritual Diviner",
  "icon": "bloodmagic:ritualdiviner",
  "category": "bloodmagic:rituals",
  "extra_recipe_mappings": [
    [
      "bloodmagic:airscribetool",
      4
    ],
    [
      "bloodmagic:firescribetool",
      4
    ],
    [
      "bloodmagic:waterscribetool",
      5
    ],
    [
      "bloodmagic:earthscribetool",
      7
    ],
    [
      "bloodmagic:duskscribetool",
      6
    ]
  ],
  "pages": [
    {
      "type": "text",
      "text": "Crafting rituals is an intricate business; Even if you have the correct $(item)Inscription Tools$(), you can't just slap runic inscriptions down any old how and expect things to happen. Luckily, the $(item)Ritual Diviner$() is here to help."
    },
    {
      "type": "crafting",
      "recipe": "bloodmagic:ritual_diviner_0",
      "text": "Holding down [$(k:use)] while looking at a $(item)Master Ritual Stone$() will make the Diviner build the currently selected ritual out of any $(item)Ritual Stones$() you may be carrying. It's almost like magic!"
    },
    {
      "type": "text",
      "text": "The base Ritual Diviner requires one of each $(item)Elemental Inscription Tool$() for its construction, and thus a tier 3 $(l:bloodmagic:altar/blood_altar)Blood Altar$(/l). The four base Elemental Inscription Tools can be crafted in your Altar for 1,000 LP each, as defined on the following pages. You can also use these tools to inscribe runes by hand, but this should only seriously be used for decorative purposes, as it is both slow and inaccurate."
    },
    {
      "type": "crafting",
      "recipe": "bloodmagic:ritual_diviner_1",
      "anchor": "dusk",
      "text": "There is also an augmented version of the Ritual Diviner, for creating more powerful rituals."
    },
    {
      "type": "text",
      "text": "The base Ritual Diviner requires one of each $(item)Elemental Inscription Tool$() for its construction, and thus a tier 3 $(l:bloodmagic:altar/blood_altar)Blood Altar$(/l). $(br2)The four base Elemental Inscription Tools can be crafted in your Altar for $(blood)1,000 LP$() each, as defined on the following pages. The Ritual Diviner [Dusk] similarly requires a Tier 4 Altar to make two Dusk Elemental Inscription Tools, at a cost of $(blood)2,000 LP$() each."
    },
    {
      "type": "text",
      "text": "You can also use these tools to inscribe runes by hand, but this should only seriously be used for decorative purposes, as it is both slow and inaccurate."
    },
    {
      "type": "crafting_altar",
      "a.heading": "Inscription Tool: Air",
      "a.recipe": "bloodmagic:altar/air_tool",
      "b.heading": "Inscription Tool: Fire",
      "b.recipe": "bloodmagic:altar/fire_tool"
    },
    {
      "type": "2x_crafting_altar",
      "a.heading": "Inscription Tool: Water",
      "a.recipe": "bloodmagic:altar/water_tool",
      "b.heading": "Inscription Tool: Earth",
      "b.recipe": "bloodmagic:altar/earth_tool"
    },
    {
      "type": "crafting_altar",
      "heading": "Inscription Tool: Dusk",
      "recipe": "bloodmagic:altar/dusk_tool"
    }
  ]
}
