{
  "name": "裝配程序",
  "icon": "pneumaticcraft:assembly_program:1",
  "category": "manufacturing",
  "advancement": "pneumaticcraft:printed_circuit_board",
  "pages": [
    {
      "type": "text",
      "text": "$(thing)裝配程序/$必須被放入$(l:manufacturing/assembly_system)裝配控制器/$以指定其需要執行的操作。其無法被合成，需要通過交易取得；這一交易可以通過$(thing)技工/$或者 $(l:tools/amadron_tablet)Amadron 平板/$進行。"
    },
    {
      "type": "spotlight",
      "title": "鑽頭和雷射",
      "item": "pneumaticcraft:assembly_program:2",
      "text": "$(item)裝配程序：鑽頭和雷射/$比較特殊。其並不可處理裝配程序：鑽頭和裝配程序：雷射各自的合成；相反，其提供需要鑽頭$(italic)與/$雷射的兩步操作的單步方法，例如：合成$(l:tubes/pressure_tubes#advanced)高級壓力管道/$。"
    }
  ]
}