{
  "name": "Etching Acid",
  "icon": "forge:bucketfilled{FluidName:'etchacid',Amount:1000}",
  "category": "manufacturing",
  "advancement": "pneumaticcraft:pressure_chamber",
  "pages": [
    {
      "type": "text",
      "text": "Etching Acid is used to chemically develop $(l:components/pcb)PCB's/$. Etching Acid is made in a $(l:manufacturing/pressure_chamber)Pressure Chamber/$.$(p)See the $(l:components/pcb)PCB's/$ entry for more info on PCB production."
    },
    {
      "type": "pneumaticcraft:pressure_chamber",
      "item": "forge:bucketfilled{FluidName:'etchacid',Amount:1000}"
    }
  ]
}
