{
  "name": "Pressure Chamber",
  "icon": "pneumaticcraft:pressure_chamber_wall",
  "category": "manufacturing",
  "advancement": "pneumaticcraft:pressure_tube",
  "pages": [
    {
      "type": "text",
      "text": "The $(thing)Pressure Chamber/$ is a multi-block structure used to compress various materials into other materials. Due to its large air storage capacity, it can also double as a useful \"battery\".$(p)The following rules for multiblock construction apply:$(p)$(li)The overall multiblock must be a hollow 3x3x3, 4x4x4 or 5x5x5 structure."
    },
    {
      "type": "text",
      "text": "$(li)The $(thing)edges/$ and $(thing)corners/$ must be either $(item)Pressure Chamber Walls/$ or $(item)Pressure Chamber Glass/$.$(li)The $(thing)faces/$ must be either $(item)Pressure Chamber Walls/$, $(item)Pressure Chamber Glass/$, $(item)Pressure Chamber Valves/$ or $(l:manufacturing/pressure_chamber#interface)Pressure Chamber Interfaces/$.$(li)At least one $(item)Pressure Chamber Valve/$ is required.$(li)At least two $(item)Pressure Chamber Interfaces/$ are recommended (one should face in, one should face out)."
    },
    {
      "type": "multiblock",
      "name": "Pressure Chamber",
      "multiblock_id": "pneumaticcraft:pressure_chamber_3",
      "text": "A possible 3x3x3 pressure chamber with 1 $(item)valve/$ and 2 $(item)interfaces/$"
    },
    {
      "type": "multiblock",
      "name": "Pressure Chamber",
      "multiblock_id": "pneumaticcraft:pressure_chamber_4",
      "text": "A possible 4x4x4 pressure chamber with 2 $(item)valves/$ and 2 $(item)interfaces/$"
    },
    {
      "type": "multiblock",
      "name": "Pressure Chamber",
      "multiblock_id": "pneumaticcraft:pressure_chamber_5",
      "text": "A possible 5x5x5 pressure chamber with 4 $(item)valves/$ and 4 $(item)interfaces/$"
    },
    {
      "type": "spotlight",
      "anchor": "interface",
      "item": "pneumaticcraft:pressure_chamber_interface",
      "text": "The $(item)Pressure Chamber Interface/$ is used to automate the insertion and extraction of items to the $(thing)Pressure Chamber/$. Items $(italic)must/$ be piped in via $(item)Hoppers/$ or other mod piping systems. It is recommended to have at least two interfaces: one with the 'I' facing out (the $(thing)input interface/$), and one with the 'O' facing out (the $(thing)output interface/$)."
    },
    {
      "type": "text",
      "text": "There are several ways to select which items should be imported/exported by an $(item)Interface/$. You can switch between them by clicking on the button in the $(thing)Filter/$ tab:$(li)$(bold)Item/$ - matches by item type; leaving the filter empty will allow import/export of any item.$(li)$(bold)Name Contains/$ - matches when the item name contains the given string$(li)$(bold)Name Starts With/$ - matches when the item starts with the given string"
    },
    {
      "type": "text",
      "text": "Output mode $(item)Interfaces/$ will auto-eject into an adjacent inventory; this may or may not include other mods' pipes, depending on whether or not they look like an inventory to the interface.$(p)It costs 1000mL of $(l:base_concepts/pressure)air/$ per item transferred. This means, to transfer a full stack, the $(item)Interface/$ needs 64000mL (4 bar for a basic 3x3x3 chamber). If the Interface seems to get 'stuck', it's just waiting for more pressure to build up."
    },
    {
      "type": "text",
      "text": "$(bold)Tips/$$(p)$(li)When compressing $(item)Iron/$, compress $(item)Block of Iron/$, since it will use only 1/9th of the air.$(li)When adding a new item to an (empty) output Interface filter, set the Interface to run on a $(#f00)redstone signal/$. This will prevent it immediately pulling out items before the chamber even has a chance to compress them.$(li)$(l:components/transistor)Transistors/$ and $(l:components/capacitor)Capacitors/$ can be filtered by $(bold)Name Contains/$ 'tor'."
    },
    {
      "type": "crafting",
      "recipe": "pneumaticcraft:pressure_chamber_wall",
      "recipe2": "pneumaticcraft:pressure_chamber_glass"
    },
    {
      "type": "crafting",
      "recipe": "pneumaticcraft:pressure_chamber_valve",
      "recipe2": "pneumaticcraft:pressure_chamber_interface"
    }
  ]
}

