{
  "name": "壓力室",
  "icon": "pneumaticcraft:pressure_chamber_wall",
  "category": "manufacturing",
  "advancement": "pneumaticcraft:pressure_tube",
  "pages": [
    {
      "type": "text",
      "text": "$(thing)壓力室/$是一個多方塊結構，用於將各種材料相互壓縮。介於其很大的空氣容量，其亦可作為「空氣容器」使用。$(p)多方塊結構的構建遵循下列規則：$(p)$(li)整個多方塊結構的尺寸為 3*3*3，4*4*4，5*5*5，結構為中空。"
    },
    {
      "type": "text",
      "text": "$(li)結構的$(thing)邊/$和$(thing)角/$必須是$(item)壓力室牆壁/$或$(item)壓力室玻璃/$。$(li)結構的$(thing)面/$必須是$(item)壓力室牆壁/$，$(item)壓力室玻璃/$，$(item)壓力室氣閥/$或$(l:manufacturing/pressure_chamber#interface)壓力室介面/$。$(li)結構必須有至少一個$(item)壓力室氣閥/$。$(li)多方塊結構建議有至少兩個$(item)壓力室介面/$（一個朝內，一個朝外）。"
    },
    {
      "type": "multiblock",
      "name": "壓力室",
      "multiblock_id": "pneumaticcraft:pressure_chamber_3",
      "text": "一個可行的壓力室，尺寸為 3*3*3，有 1 個$(item)氣閥/$和 2 個$(item)介面/$"
    },
    {
      "type": "multiblock",
      "name": "壓力室",
      "multiblock_id": "pneumaticcraft:pressure_chamber_4",
      "text": "一個可行的壓力室，尺寸為 4*4*4，有 2 個$(item)氣閥/$和 2 個$(item)介面/$"
    },
    {
      "type": "multiblock",
      "name": "壓力室",
      "multiblock_id": "pneumaticcraft:pressure_chamber_5",
      "text": "一個可行的壓力室，尺寸為 5*5*5，有 4 個$(item)氣閥/$和 4 個$(item)介面/$"
    },
    {
      "type": "spotlight",
      "anchor": "interface",
      "item": "pneumaticcraft:pressure_chamber_interface",
      "text": "$(item)壓力室介面/$用於自動化$(thing)壓力室/$的物品輸入輸出。物品$(italic)必須/$使用$(item)漏斗/$或其它模組加入的管道系統輸入。建議有至少兩個介面：一個寫有「I」的一面朝外（即$(thing)輸入介面/$），另一個寫有「O」的一面朝外（即$(thing)輸出介面/$）。"
    },
    {
      "type": "text",
      "text": "有好幾種辦法選定哪些物品應該被$(item)介面/$所輸入輸出。可以點擊$(thing)過濾/$標籤頁中的按鈕以在其間切換：$(li)$(bold)物品/$ - 按物品類型匹配；留空將運輸任何物品被輸入/輸出。$(li)$(bold)名稱包含/$ - 匹配所有名稱中包含給定文字的物品。$(li)$(bold)名稱起始於/$ - 匹配所有名稱以給定文字開頭的物品."
    },
    {
      "type": "text",
      "text": "輸出模式的$(item)壓力室介面/$將把物品自動輸出到相鄰的容器；此處的容器不一定包括其餘模組的管道，取決於其某些屬性。$(p)每傳輸一個物品需要消耗 1000mL $(l:base_concepts/pressure)空氣/$。也就是說，要傳輸一組（堆疊數為 64）物品，$(item)壓力室介面/$需要 64000mL 空氣（對於一個基本的 3*3*3 壓力室，這相當於 4 bar 的壓力）。如果介面看似卡住了，其僅僅是在等待壓力積攢起來。"
    },
    {
      "type": "text",
      "text": "$(bold)小提示/$$(p)$(li)在壓縮$(item)鐵/$時，壓縮$(item)鐵方塊/$，介於其僅僅使用逐錠壓縮所消耗的空氣的 1/9。$(li)要向（空的）壓力室輸出介面加入物品過濾，將介面設定為$(#f00)紅石信號/$控制。這將會放置其立刻抽出物品，甚至在物品被壓縮之前。"
    },
    {
      "type": "crafting",
      "recipe": "pneumaticcraft:pressure_chamber_wall",
      "recipe2": "pneumaticcraft:pressure_chamber_glass"
    },
    {
      "type": "crafting",
      "recipe": "pneumaticcraft:pressure_chamber_valve",
      "recipe2": "pneumaticcraft:pressure_chamber_interface"
    }
  ]
}

