{
  "name": "熱氣動加工機",
  "icon": "pneumaticcraft:thermopneumatic_processing_plant",
  "category": "manufacturing",
  "advancement": "pneumaticcraft:refinery",
  "pages": [
    {
      "type": "text",
      "text": "熱氣動加工機使用$(l:base_concepts/pressure)壓力/$和/或$(l:base_concepts/heat)熱量/$來處理材料。其有幾種用途：$(li)100mB $(thing)液化石油氣/$和 1 個$(item)煤炭/$合成為 1000mB $(l:components/plastic)塑膠/$。該合成只需要熱量，不需要壓力。$(li)1000mB $(thing)柴油/$和 1 個$(item)紅石粉/$合成為 1000mB $(l:components/lubricant)潤滑油/$。與上一個一樣，該合成只需要熱量，不需要壓力。"
    },
    {
      "type": "text",
      "text": "$(li)$(item)熱氣動加工機/$可以用於將$(l:manufacturing/refinery)精煉廠/$產出的重油裂化為輕油，每級轉化率為 80%：$(li)柴油 -> 煤油$(li)煤油 -> 汽油$(li)汽油 -> 液化石油氣$(p)該合成既需要熱量又需要壓力。"
    },
    {
      "type": "link",
      "flag": "mod:crafttweaker",
      "title": "CraftTweaker",
      "text": "$(thing)熱氣動加工機/$中的合成配方支持被 $(l:https://minecraft.curseforge.com/projects/crafttweaker)CraftTweaker/$ 修改：合成配方可以被加入或移除，見下面連結以獲得更多資訊。",
      "url": "https://docs.blamejared.com/1.12/zh/Mods/PneumaticCraft_Repressurized/ThermopneumaticProcessingPlant/",
      "link_text": "CraftTweaker 檔案"
    },
    {
      "type": "crafting",
      "text": "熱氣動加工機的合成表",
      "recipe": "pneumaticcraft:thermopneumatic_processing_plant"
    }
  ]
}