{
  "name": "紫外線燈箱",
  "icon": "pneumaticcraft:uv_light_box",
  "category": "manufacturing",
  "advancement": "pneumaticcraft:pcb_blueprint",
  "pages": [
    {
      "type": "text",
      "text": "$(item)紫外線燈箱/$是一個可以用於用紫外線照射$(l:components/pcb)印刷電路板/$的特定位置（由覆蓋於其上的$(l:components/pcb_blueprint)電路板藍圖/$確定）。$(p)照射過程最大需要 10 分鐘；在安裝了$(l:base_concepts/upgrades#speed)速度升級/$後將會加快。"
    },
    {
      "type": "text",
      "text": "在完整的 10 分鐘照射後，$(item)印刷電路板/$有 100% 的機率在$(l:manufacturing/etching_acid)蝕刻酸/$中蝕刻成功。但是，可以照射更短的時間，這將導致印刷電路板蝕刻成功的機率降低。$(p)註：照射過程在總進度較低時進行得更快，接近完成時進行得更慢。"
    },
    {
      "type": "crafting",
      "text": "紫外線燈箱的合成表",
      "recipe": "pneumaticcraft:uv_light_box"
    }
  ]
}
