{
    "name": "Creative Steam Generator",
    "icon": "bigreactors:reinforced_turbinecreativesteamgenerator",
    "category": "bigreactors:turbine-parts",
    "read_by_default": true,
    "sortnum": 10,
    "pages": [
        {
            "type": "spotlight",
            "item": "bigreactors:reinforced_turbinecreativesteamgenerator",
            "link_recipe": true,
            "title": "Steam Generator",
            "text": "The Steam Generator is a creative only part that act as a constant source of steam for a Turbine.$(br2)This part automatically supply as much steam as the maximum amount permitted by the part variant to the Vapor Fluid Tank, but only when the Turbine is active."
        },
        {
            "type": "part_usage",
            "text": "$(l)Mandatory:$() no$(br)$(l)Valid positions:$() any face (not on frame)$(br)$(l)Variants:$() all$(br)$(l)Graphical interface:$() no$(br)$(l)Creative mode:$() this part is only available in creative mode and there is no crafting recipe for it"
        }
    ]
}