{
    "name": "Computer Port",
    "icon": "bigreactors:reinforced_turbinecomputerport",
    "category": "bigreactors:turbine-parts",
    "read_by_default": true,
    "sortnum": 9,
    "pages": [
        {
            "type": "spotlight",
            "item": "bigreactors:reinforced_turbinecomputerport",
            "link_recipe": true,
            "title": "Computer Port",
            "text": "The Computer Port allow you to connect your Turbine to a computer for complex automation tasks.$(br2)A standard set of methods is exposed to the connected computer and you can use them to query the status of the Turbine and control is behavior."
        },
        {
            "type": "text-crafting",
            "text": "To use the Computer Port you need an external mod that add programmable computers to the game.$(br2)Currently the only such mod supported (and available) is CC:Tweaked.",
            "title": "Reinforced",
            "recipe": "bigreactors:turbine/reinforced/computerport"
        },
        {
            "type": "part_usage",
            "text": "$(l)Mandatory:$() no$(br)$(l)Valid positions:$() any face (not on frame)$(br)$(l)Variants:$() Reinforced$(br)$(l)Graphical interface:$() no"
        }
    ]
}