{
    "name": "控制器",
    "icon": "bigreactors:reinforced_turbinecontroller",
    "category": "bigreactors:turbine-parts",
    "read_by_default": true,
    "sortnum": 3,
    "pages": [
        {
            "type": "spotlight",
            "item": "bigreactors:reinforced_turbinecontroller",
            "link_recipe": true,
            "title": "Controller",
            "text": "The Controller is your main interface to the Turbine.$(br2)Right click on the Controller to open it's graphical user interface and from there you can turn the Turbine on or off, check how much vapor and coolant are present in the internal tanks, how fast the $(l:bigreactors:turbine/rotor)Rotor$(/l) is spinning and how much energy is being generated."
        },
        {
            "type": "text",
            "text": "You can also regulate how much vapor is flowing around the $(l:bigreactors:turbine/rotor)Rotor$(/l), what to do with the vapor once it's condensed back to the original coolant and engage or disengage the $(l:bigreactors:turbine/coils)Induction Coils$(/l).$(br2)If you hover on a control in the interface, a tooltip will be displayed with additional information or an explanatory text for that control."
        },
        {
            "type": "crafting2x",
            "title1": "Basic",
            "recipe1": "bigreactors:turbine/basic/controller",
            "title2": "Reinforced",
            "recipe2": "bigreactors:turbine/reinforced/controller"
        },
        {
            "type": "part_usage",
            "text": "$(l)Mandatory:$() at least one is required$(br)$(l)Valid positions:$() any face (not on frame)$(br)$(l)Variants:$() all$(br)$(l)Graphical interface:$() yes"
        }
    ]
}