{
    "name": "Glass",
    "icon": "bigreactors:reinforced_turbineglass",
    "category": "bigreactors:turbine-parts",
    "read_by_default": true,
    "sortnum": 2,
    "pages": [
        {
            "type": "spotlight",
            "item": "bigreactors:reinforced_turbineglass",
            "link_recipe": true,
            "title": "Glass",
            "text": "Glass blocks are decorative blocks that can be used, instead of a $(l:bigreactors:turbine/part-casing)Housing$(/l) block, to show the interior of the Turbine."
        },
        {
            "type": "crafting2x",
            "title1": "Basic",
            "recipe1": "bigreactors:turbine/basic/glass",
            "title2": "Reinforced",
            "recipe2": "bigreactors:turbine/reinforced/glass"
        },
        {
            "type": "part_usage",
            "text": "$(l)Mandatory:$() no$(br)$(l)Valid positions:$() any face (not on frame)$(br)$(l)Variants:$() all$(br)$(l)Graphical interface:$() no"
        }
    ]
}