{
    "name": "Reinforced",
    "icon": "bigreactors:reinforced_reactorcasing",
    "category": "bigreactors:turbine-variants",
    "read_by_default": true,
    "sortnum": 2,
    "pages": [
        {
            "type": "text",
            "text": "The Reinforced variant let you build Turbines as big as you need or want, to generate extreme amounts of energy.$(br2)The maximum size, up to 256 blocks, can be set by players, mod packs makers or server admins in the config file of Extreme Reactors.$(br2)Basic Turbines can use up to 2000 mB/t of vapor to spin their Rotor."
        },
        {
            "type": "text",
            "text": "Reinforced Turbines pay they superior structural integrity by being a bit more expensive to craft and not as efficient as the other variants but nothing that their superior generation capacity can't overcome."
        }
    ]
}