{
  "name": "Giants",
  "icon": "minecraft:spawn_egg:0{EntityTag:{id:\"twilightforest:giant_miner\"}}",
  "category": "entities",
  "advancement": "twilightforest:alt/entities/giants",
  "sortnum": 8110,
  "pages": [
    {
      "type": "entity",
      "advancement": "twilightforest:alt/entities/giant_miner",
      "entity": "twilightforest:giant_miner{HandItems:[{id:\"stone_pickaxe\",Count:1}]}",
      "text": "things and stuff"
    },
    {
      "type": "entity",
      "advancement": "twilightforest:alt/entities/armored_giant",
      "entity": "twilightforest:armored_giant{ArmorItems:[{id:\"iron_boots\",Count:1},{id:\"iron_leggings\",Count:1},{id:\"iron_chestplate\",Count:1},{id:\"iron_helmet\",Count:1}],HandItems:[{id:\"stone_sword\",Count:1}]}",
      "text": "things and stuff"
    }
  ]
}