{
  "name": "Goblins",
  "icon": "minecraft:spawn_egg:0{EntityTag:{id:\"twilightforest:blockchain_goblin\"}}",
  "category": "entities",
  "advancement": "twilightforest:alt/entities/goblins",
  "sortnum": 2100,
  "pages": [
    {
      "type": "entity",
      "advancement": "twilightforest:alt/entities/redcap",
      "entity": "twilightforest:redcap",
      "text": "things and stuff"
    },
    {
      "type": "entity",
      "advancement": "twilightforest:alt/entities/redcap_sapper",
      "entity": "twilightforest:redcap_sapper",
      "text": "things and stuff"
    },
    {
      "type": "entity",
      "advancement": "twilightforest:alt/entities/goblin_knight",
      "entity": "twilightforest:goblin_knight_lower{Passengers:[{id:\"twilightforest:goblin_knight_upper\",hasArmor:1b,hasShield:1b}],hasArmor:1b}",
      "text": "With Upper Goblin's world always sitting Lower Goblin's shoulders, he has never skipped leg day."
    },
    {
      "type": "entity",
      "advancement": "twilightforest:alt/entities/goblin_knight",
      "entity": "twilightforest:goblin_knight_upper{hasArmor:1b}",
      "text": "things and stuff"
    },
    {
      "type": "entity",
      "advancement": "twilightforest:alt/entities/blockchain_goblin",
      "entity": "twilightforest:blockchain_goblin",
      "text": "Block & Chain Goblin is ready to blow everyone away with his latest technical mastery of blockchain technologies."
    }
  ]
}