{
  "name": "米諾陶諾斯",
  "icon": "minecraft:spawn_egg:0{EntityTag:{id:\"twilightforest:minotaur\"}}",
  "category": "entities",
  "advancement": "twilightforest:alt/entities/minotaur",
  "sortnum": 5020,
  "pages": [
    {
      "type": "entity",
      "entity": "twilightforest:minotaur",
      "text": ""
    },
    {
      "type": "text",
      "text": "Humanoid beasts that roam the Labyrinth. These part-cow, part-human beasts each have a Golden Axe as their choice of weapon, tearing defenses down. Their charge attack happens quickly and swiftly, and in groups, they overwhelm any careful adventurer."
    },
    {
      "type": "text",
      "advancement": "twilightforest:alt/treasures/minotaur_axe_gold",
      "text": "小心牛頭人的黃金牛頭人戰斧。他們可能很少見，但他們對武器的不同選擇是致命的選擇，要造成更多傷害。"
    }
  ]
}