{
  "name": "不死生物",
  "icon": "minecraft:spawn_egg:0{EntityTag:{id:\"twilightforest:skeleton_druid\"}}",
  "category": "entities",
  "advancement": "twilightforest:alt/entities/undead",
  "sortnum": 2100,
  "pages": [
    {
      "type": "entity",
      "advancement": "twilightforest:alt/entities/skeleton_druid",
      "entity": "twilightforest:skeleton_druid",
      "text": "things and stuff"
    },
    {
      "type": "entity",
      "advancement": "twilightforest:alt/entities/wraith",
      "entity": "twilightforest:wraith",
      "text": "things and stuff"
    },
    {
      "type": "entity",
      "advancement": "twilightforest:alt/entities/snow_guardian",
      "entity": "twilightforest:snow_guardian",
      "text": "things and stuff"
    }
  ]
}