{
  "name": "Wolves",
  "icon": "minecraft:spawn_egg:0{EntityTag:{id:\"twilightforest:hostile_wolf\"}}",
  "category": "entities",
  "advancement": "twilightforest:alt/entities/wolves",
  "sortnum": 2100,
  "pages": [
    {
      "type": "entity",
      "advancement": "twilightforest:alt/entities/hostile_wolf",
      "entity": "twilightforest:hostile_wolf",
      "text": "things and stuff"
    },
    {
      "type": "entity",
      "advancement": "twilightforest:alt/entities/mist_wolf",
      "entity": "twilightforest:mist_wolf",
      "text": "things and stuff"
    },
    {
      "type": "entity",
      "advancement": "twilightforest:alt/entities/winter_wolf",
      "entity": "twilightforest:winter_wolf",
      "text": "things and stuff"
    }
  ]
}