{
    "name": "鍍金盔甲",
    "icon": "adventurez:stone_golem_chestplate",
    "category": "adventurez:item_category",
    "pages": [
        {
            "type": "text",
            "title": "鍍金獄髓盔甲",
            "text": "在鍛造台為你的獄髓盔甲鑲金。鑲金獄髓碎片可以透過殺死黑石魔像獲得。"
        },
        {
            "type": "smithing",
            "title": "鍛造",
            "recipe": "adventurez:stone_golem_helmet",
            "recipe2": "adventurez:stone_golem_chestplate"
        },
        {
            "type": "smithing",
            "title": "鍛造",
            "recipe": "adventurez:stone_golem_leggings",
            "recipe2": "adventurez:stone_golem_boots"
        },
        {
            "type": "empty",
            "draw_filler": false
        }
    ]
}