{
    "name": "魔像手臂",
    "icon": "adventurez:stone_golem_arm",
    "category": "adventurez:item_category",
    "pages": [
        {
            "type": "spotlight",
            "item": "adventurez:stone_golem_arm",
            "link_recipe": true,
            "text": "黑石之臂是用黑石魔像之心製作的武器，可以解鎖向敵人扔石頭的能力。按住右鍵給它充電，直到它發紅光，然後鬆開按鈕扔出一塊石頭。"
        },
        {
            "type": "合成",
            "recipe": "adventurez:stone_golem_arm"
        }
    ]
}