{
    "name": "ATM金屬蘋果",
    "icon": "allthemodium:allthemodium_apple",
    "category": "allthemodium:food",
    "pages": [
        {
            "type": "crafting",
            "recipe": "allthemodium:allthemodium_apple",
            "title": "ATM金屬蘋果"
        },
        {
            "type": "text",
            "text": "ATM金屬蘋果恢復 20 飢餓值和 80 飽和度。蘋果有以下效果：$(li)吃得更快$(li)總是能吃$(li)吸收X持續30秒$(li)再生X持續30秒"
        }
    ]
}