{
  "name": "Chemical Combiner",
  "icon": "alchemistry:chemical_combiner",
  "category": "化學_化合機_類別",
  "pages": [
    {
      "type": "text",
      "text": "化學化合機是一種耗能機器，可能是煉金術中最重要的機器。化學化合機可結合元素和化合物—有時候也加入其他物品—以形成新物品。它的介面有一般合成台的九宮格，但不同的地方是，它允許每個格子一次消耗多於一個物品。"
    },
    {
      "type": "text",
      "text": "使用化學化合機最有效的方法是，在打開機器的介面後，用JEI選擇一個合成表，再按合成表轉移鍵(見下頁)。如此一來合成表的格子便會鎖定，只允許正確的物品擺放在正確的格子，而不允許物品進入空格子。但這項功能不是一定要用的，因為手動放置物品仍然是有效的。"
    },
    {
      "type": "image",
      "images": [
        "alchemistry:textures/images/jei_example.png"
      ],
      "title": "JEI"
    },
    {
      "type": "text",
      "text": "The GUI contains 2 buttons. First is the 'Lock Recipe' button. This button is mostly obsolete in current versions of the mod, but toggling it allows you to clear the $(thing)target recipe$(), which unlocks all the slots. Second is the 'Pause' button which allows you to pause machine processing, however the machine will still accept energy and items"
    },
    {
      "type": "crafting",
      "recipe": "alchemistry:chemical_combiner"
    }
  ]
}