{
  "name": "化學合成機",
  "icon": "alchemistry:chemical_combiner",
  "category": "chemical_combiner_category",
  "pages": [
    {
      "type": "text",
      "text": "化學合成機是一種需要消耗FE能量的機器，也許是它Alchemistry中最重要的機器。 化學合成機允許您將元素，化合物和一些其他物品組合在一起形成新物品。 它內含一個有9個物品空間格子的GUI，但與工作檯不同，它允許每個格子存在多個相同的物品。"
    },
    {
      "type": "text",
      "text": "化學合成機也支持JEI物品傳輸功能，所以可以通過查看合成表來快速傳輸物品到化學合成機中以快速合成物品。"
    },
    {
      "type": "image",
      "images": [
        "alchemistry:textures/images/jei_example.png"
      ],
      "title": "JEI"
    },
    {
      "type": "text",
      "text": "這個機器包含兩個選項按鍵，一個是鎖定配方/解鎖配方，但目前版本這個功能已經失效，只能通過切換這個按鍵來清除目前合成表。暫停按鍵可以使這台機器暫停工作，但是仍然能夠向內傳輸能量和物品。"
    },
    {
      "type": "crafting",
      "recipe": "alchemistry:chemical_combiner"
    }
  ]
}