{
  "name": "更好的多方塊",
  "category": "modern_industrialization:electric_age",
  "icon": "modern_industrialization:electric_quarry",
  "pages": [
    {
      "type": "crafting",
      "recipe": "modern_industrialization:electric_age/machine/electric_quarry_asbl",
      "text": "電力開採機是蒸汽開採機的電力等效物。為它提供物品和能量，然後看著你的資源變得非常快！$(br2)它的結構與蒸汽開採機完全相同。"
    },
    {
      "type": "crafting",
      "recipe": "modern_industrialization:electric_age/machine/advanced_large_steam_boiler_asbl",
      "text": "更好更大的大型蒸汽鍋爐！這個高級版本可以產生高達 1024 mb/t 的蒸汽！"
    }
  ],
  "sortnum": 107
}