{
  "name": "柴油噴氣背包和工具",
  "category": "modern_industrialization:electric_age",
  "icon": "modern_industrialization:diesel_jetpack",
  "pages": [
    {
      "type": "crafting",
      "recipe": "modern_industrialization:armor/diesel_jetpack",
      "text": "噴氣背包翱翔吧... 燃料越強大，噴氣背包就越快！我們推薦橡膠靴子和橡膠頭盔...$(br2)不要忘記使用$(o)開關飛行$()按鍵啟動它！"
    },
    {
      "type": "crafting",
      "recipe": "modern_industrialization:armor/rubber_helmet",
      "recipe2": "modern_industrialization:armor/rubber_boots"
    },
    {
      "type": "crafting",
      "recipe": "modern_industrialization:tools/diesel_mining_drill",
      "text": "這個採礦鑽機終於可以取代你的鎬和鏟了。用強大的燃料填充它以獲得最佳速度！$(br2)使用 Shift + 右鍵在絲綢之觸和幸運 III 之間切換。"
    },
    {
      "type": "crafting",
      "recipe": "modern_industrialization:tools/diesel_chainsaw",
      "text": "花式伐木！"
    }
  ],
  "sortnum": 109
}