{
  "name": "Buddysteel",
  "icon": "buddycards:buddysteel_ingot",
  "category": "buddycards:buddysteel",
  "sortnum": 0,
  "pages": [
    {
      "type": "text",
      "text": "Buddysteel is an extremely useful resource that you can create by combining the magical essense of lapis and the power of buddycards into iron, creating a steel that becomes more powerful as you collect more cards. It can be extremely useful, as once you finish your collection, it would become stronger than netherite!"
    },
    {
      "type": "crafting",
      "recipe": "buddycards:buddysteel_blend",
      "text": "In order to make buddysteel, you must first make buddysteel blend. This requires quite the hefty sum of lapis and iron, along with 3 buddycards or shredded buddycards."
    },
    {
      "type": "smelting",
      "recipe": "buddycards:buddysteel_ingot",
      "text": "To forge buddysteel, the buddysteel blend must be smelted for quite a long amount of time. If you are planning to make a lot of it, it is reccomended to have multiple blast furnaces."
    },
    {
      "type": "crafting",
      "recipe": "buddycards:buddysteel_nugget",
      "recipe2": "buddycards:buddysteel_block"
    }
  ]
}