{
  "flag": "mod:farmersdelight",
  "secret": true,
  "name": "夥伴鋼刀",
  "icon": "buddycards:buddysteel_food_knife",
  "category": "buddycards:buddysteel",
  "sortnum": 4,
  "pages": [
    {
      "type": "text",
      "text": "夥伴鋼刀不同於其他刀。隨著您收集更多夥伴卡，它變得更加鋒利。雖然它總是會切出相同數量的食材"
    },
    {
      "type": "crafting",
      "recipe": "buddycards:fd/buddysteel_food_knife",
      "text": "這是一個非常好的工具，但我個人會保存我的夥伴鋼去做更好的裝備。"
    },
    {
      "type": "relations",
      "title": "附魔",
      "entries": [
        "buddycards:enchantments/buddy_binding"
      ],
      "text": "除了通常可以在刀上獲得的結界外，您還可以在夥伴鋼刀上獲得夥伴綁定。"
    }
  ]
}