{
  "name": "Buddysteel Armor",
  "icon": "buddycards:buddysteel_chestplate",
  "category": "buddycards:buddysteel",
  "sortnum": 1,
  "pages": [
    {
      "type": "text",
      "text": "Buddysteel armor is unlike any armor in the game. If you have no sets completed, it's as strong as chainmail, but by the time you complete all of them, it will become stronger than even netherite."
    },
    {
      "type": "crafting",
      "recipe": "buddycards:buddysteel_helmet",
      "recipe2": "buddycards:buddysteel_chestplate"
    },
    {
      "type": "crafting",
      "recipe": "buddycards:buddysteel_leggings",
      "recipe2": "buddycards:buddysteel_boots"
    },
    {
      "type": "relations",
      "title": "Enchantments",
      "entries": [
        "buddycards:enchantments/buddy_binding"
      ],
      "text": "Because of the cards that helped form the buddysteel, the armor can be enchanted with Buddy Binding, as well as all other armor enchantments you'd expect."
    }
  ]
}