{
  "name": "Buddysteel Tools",
  "icon": "buddycards:buddysteel_axe",
  "category": "buddycards:buddysteel",
  "sortnum": 2,
  "pages": [
    {
      "type": "text",
      "text": "Just like buddysteel armor, buddysteel gear will become more powerful as you collect more cards. If you have no sets completed, it's as good as iron, but by the time you complete all of them, it will become stronger than even netherite."
    },
    {
      "type": "crafting",
      "recipe": "buddycards:buddysteel_sword",
      "recipe2": "buddycards:buddysteel_axe"
    },
    {
      "type": "crafting",
      "recipe": "buddycards:buddysteel_pickaxe",
      "recipe2": "buddycards:buddysteel_shovel"
    },
    {
      "type": "crafting",
      "recipe": "buddycards:buddysteel_hoe"
    },
    {
      "type": "relations",
      "title": "Enchantments",
      "entries": [
        "buddycards:enchantments/buddy_binding"
      ],
      "text": "Because of the cards that helped form the buddysteel, the tools can be enchanted with Buddy Binding, as well as all other enchantments you could enchant other variants of the tool with."
    }
  ]
}