{
  "flag": "mod:farmersdelight",
  "secret": true,
  "name": "Buddysteel Knife",
  "icon": "buddycards:buddysteel_food_knife",
  "category": "buddycards:buddysteel",
  "sortnum": 4,
  "pages": [
    {
      "type": "text",
      "text": "The Buddysteel knife is unlike other knifes. It gets sharper as you collect more buddycards. It'll always chop the same though"
    },
    {
      "type": "crafting",
      "recipe": "buddycards:fd/buddysteel_food_knife",
      "text": "It's quite a nice tool to have, but I'd personally save my Buddysteel for better gear."
    },
    {
      "type": "relations",
      "title": "Enchantments",
      "entries": [
        "buddycards:enchantments/buddy_binding"
      ],
      "text": "Other than enchantments you can normally get on knives, you can also get Buddy Binding on a Buddysteel knife."
    }
  ]
}