{
  "flag": "mod:aquaculture",
  "secret": true,
  "name": "Buddysteel Fillet Knife",
  "icon": "buddycards:buddysteel_fillet_knife",
  "category": "buddycards:buddysteel",
  "sortnum": 4,
  "pages": [
    {
      "type": "text",
      "text": "The Buddysteel fillet knife is unlike other fillet knifes. It gets sharper as you collect more buddycards. It'll always make the same amount of fish though"
    },
    {
      "type": "crafting",
      "recipe": "buddycards:aquaculture/buddysteel_fillet_knife",
      "text": "C'mon you might as well be making a Buddysteel hoe! At least it breaks hay faster!"
    },
    {
      "type": "relations",
      "title": "Enchantments",
      "entries": [
        "buddycards:enchantments/buddy_binding"
      ],
      "text": "Just in case you actually made one, and actually want to enchant it, you can get Buddy Binding on a Buddysteel fillet knife. You can also get enchants you can get on normal fillet knifes, but why would you enchant a fillet knife?"
    }
  ]
}