{
  "name": "Perfect Buddysteel Medal",
  "icon": "buddycards:perfect_buddysteel_medal",
  "category": "buddycards:buddysteel",
  "sortnum": 8,
  "pages": [
    {
      "title": "P-Buddysteel Medal",
      "type": "crafting",
      "recipe": "buddycards:perfect_buddysteel_medal",
      "text": "Made with perfect buddysteel, the zylex and luminis medals, and 3 epic buddycards as a sacrifice, the perfect buddysteel medal is the best medal in general. It also has all the abilities of the zylex and luminis medals."
    },
    {
      "type": "relations",
      "title": "Relations & Buddy Boost",
      "entries": [
        "buddycards:enderlings/specialties",
        "buddycards:luminis/specialties",
        "buddycards:enchantments/buddy_boost"
      ],
      "text": "The medal will grant you grading luck that increases with both Buddy Boost and your collection, and it can be extremely helpful if you are trying to get every S card."
    }
  ]
}