{
  "name": "完美夥伴鋼勳章",
  "icon": "buddycards:perfect_buddysteel_medal",
  "category": "buddycards:buddysteel",
  "sortnum": 8,
  "pages": [
    {
      "title": "完美夥伴鋼勳章",
      "type": "crafting",
      "recipe": "buddycards:perfect_buddysteel_medal",
      "text": "用完美夥伴鋼、紫礪勳章和流光勳章以及 3 張史詩夥伴卡作為祭品製成，完美夥伴鋼勳章是一般最好的勳章。它還具有紫礪勳章和流光勳章的所有能力。"
    },
    {
      "type": "relations",
      "title": "關係和好友增益",
      "entries": [
        "buddycards:enderlings/specialties",
        "buddycards:luminis/specialties",
        "buddycards:enchantments/buddy_boost"
      ],
      "text": "勳章將給予您幸運評級效果，隨著夥伴增益和您的卡牌收藏而增加，如果您試圖獲得每張 S 級卡片，它會非常有幫助。"
    }
  ]
}