{
  "name": "完美夥伴鋼設備",
  "icon": "buddycards:perfect_buddysteel_sword",
  "category": "buddycards:buddysteel",
  "sortnum": 7,
  "pages": [
    {
      "type": "text",
      "title": "完美夥伴鋼設備",
      "text": "完美夥伴鋼設備是夥伴鋼設備的更強大版本。它以與夥伴鋼設備相同的速度升級，但總是比它高一級，這意味著它的初始和最終等級都更強大。它是使用鍛造台、夥伴鋼設備和完美的夥伴鋼錠製成的。"
    },
    {
      "type": "relations",
      "title": "附魔",
      "entries": [
        "buddycards:enchantments/buddy_binding"
      ],
      "text": "由於完美夥伴鋼的材料內有夥伴卡，盔甲可以附有夥伴綁定以及您期望的所有其他盔甲附魔。"
    }
  ]
}