{
  "name": "Perfect Buddysteel Gear",
  "icon": "buddycards:perfect_buddysteel_sword",
  "category": "buddycards:buddysteel",
  "sortnum": 7,
  "pages": [
    {
      "type": "text",
      "title": "P-Buddysteel Gear",
      "text": "Perfect Buddysteel gear is a more powerful version of buddysteel gear. It upgrades at the same rate as Buddysteel, but is always one level above it, meaning both it's initial and final power level are more powerful. It is made using a smithing table, buddysteel gear, and a perfect buddysteel ingot."
    },
    {
      "type": "relations",
      "title": "Enchantments",
      "entries": [
        "buddycards:enchantments/buddy_binding"
      ],
      "text": "Because of the cards that helped form the perfect buddysteel, the armor can be enchanted with Buddy Binding, as well as all other armor enchantments you'd expect."
    }
  ]
}