{
  "name": "Perfect Buddysteel",
  "icon": "buddycards:perfect_buddysteel_ingot",
  "category": "buddycards:buddysteel",
  "sortnum": 6,
  "pages": [
    {
      "type": "text",
      "text": "By using zylex and luminis, the materials used in buddycards that give it's special properties, you can enhance Buddysteel to increase it's connection with your collection. It can be extremely useful, as once you finish your collection, it will more powerful than maxed out buddysteel"
    },
    {
      "type": "crafting",
      "title": "P-Buddysteel Blend",
      "recipe": "buddycards:perfect_buddysteel_blend",
      "text": "In order to make perfect buddysteel, you must first make perfect buddysteel blend. This requires a bit of buddysteel, zylex, and luminis, both in a massive amount and a more concentrated item form."
    },
    {
      "type": "smelting",
      "title": "P-Buddysteel Ingot",
      "recipe": "buddycards:perfect_buddysteel_ingot",
      "text": "To forge perfect buddysteel, the perfect buddysteel blend must be smelted for longer than normal buddysteel. If you are planning to make a lot of it, it is reccomended to have multiple blast furnaces."
    },
    {
      "type": "crafting",
      "title": "P-Buddysteel Compacting",
      "recipe": "buddycards:perfect_buddysteel_nugget",
      "recipe2": "buddycards:perfect_buddysteel_block"
    }
  ]
}