{
  "name": "完美夥伴鋼",
  "icon": "buddycards:perfect_buddysteel_ingot",
  "category": "buddycards:buddysteel",
  "sortnum": 6,
  "pages": [
    {
      "type": "text",
      "text": "通過使用紫礪和流光，將夥伴卡中使用的材料賦予其特殊屬性，您可以增強夥伴鋼與您的卡片收藏的聯繫。它非常有用，因為一旦你完成了你的收藏，它會比普通夥伴鋼更強大"
    },
    {
      "type": "crafting",
      "title": "完美夥伴鋼混合物",
      "recipe": "buddycards:perfect_buddysteel_blend",
      "text": "為了製作完美夥伴鋼，您必須首先製作完美夥伴鋼混合物。這需要一些夥伴鋼、紫礪和流光，無論是大量的還是更集中的物品形式。"
    },
    {
      "type": "smelting",
      "title": "完美夥伴鋼錠",
      "recipe": "buddycards:perfect_buddysteel_ingot",
      "text": "要打造完美夥伴鋼，完美夥伴鋼混合物必須比普通夥伴鋼的冶煉時間更長。 如果您打算大量生產，建議擁有多個高爐。"
    },
    {
      "type": "crafting",
      "title": "完美夥伴鋼壓縮",
      "recipe": "buddycards:perfect_buddysteel_nugget",
      "recipe2": "buddycards:perfect_buddysteel_block"
    }
  ]
}