{
    "name": "NRTTM",
    "icon": "minecraft:paper",
    "category": "adventurez:info_category",
    "pages": [
        {
            "type": "text",
            "text": "你可能會問自己，NRTTM是什麼意思...。它的意思是。與模組無關:D 這只是我整理的一些句子，因為我喜歡這樣做^^首先，感謝你玩AdventureZ的模組，我希望它能給你的世界帶來更多的挑戰，你也喜歡它:)但我真正想告訴你的是：你是被欣賞的，是被愛的，因為你是一個人！你是一個人。"
        },
        {
            "type": "text",
            "text": "我知道這聽起來有點俗氣，但事實就是如此。你是被愛的! 我的名字叫米哈（Micha），在一些遊戲中我取名為Globox（因為我喜歡雷曼的角色；）），我是一個和你一樣的普通人（當然我知道每個人都很特別，但你明白我的意思），我希望你在自己內心深處相信你是一個被愛的人。希望是被你熟悉的人所愛，如果不是，也會有一些人像你一樣愛你。我為什麼要寫這個？好問題 :D"
        },
        {
            "type": "text",
            "text": "因為我時常覺得人們在這個具體方面相信一個謊言，相信他們不被愛或者更糟糕的事情。另外我認為，除了人類的需求，愛是生活中最重要的東西，你需要。我只是在心裡對你說。你是被愛的！我的意思是，我不認識你。我的意思是，我不認識你，我們的性格可能不在一個波長上，如果我們認識的話，我們甚至可能不會像朋友一樣交往，但這並不改變你的事實。"
        },
        {
            "type": "text",
            "text": "(我相信，希望你也是)。你可能很年輕，也可能年紀稍大，在你生命中的某個時刻，你應該弄清楚你為什麼和出於什麼原因活在這個世界上（基本上是你生命的意義），希望你已經找到了，但讓我告訴你：這是一個偉大的過程，每個人都必須經歷：D（我不知道我現在是如何得到生命的意義的...嗯...）。不過我可能會對這段文字進行幾次編輯^^。"
        },
        {
            "type": "text",
            "text": "我祝福你一切順利，如果你有關於模組或其他方面的問題，請在Discord（Globox_Z #1024）或其他地方聯繫我。"
        },
        {
            "type": "empty",
            "draw_filler": false
        }
    ]
}