{
  "category": "bewitchment:curses",
  "name": "Arachnophobia",
  "icon": "minecraft:spider_eye",
  "advancement": "minecraft:nether/find_fortress",
  "pages": [
    {
      "type": "patchouli:text",
      "text": "Through the power of magic and random asexual reproduction, this $(l:bewitchment:curses/conducting_curses)Curse$() will cause a massive fear of Spiders that may even extend over the duration of the actual $(l:bewitchment:curses/conducting_curses)Curse$()."
    },
    {
      "type": "bewitchment:curse",
      "recipe": "bewitchment:curses/arachnophobia"
    }
  ]
}
