{
  "category": "bewitchment:curses",
  "name": "Forest's Wrath",
  "icon": "minecraft:oak_sapling",
  "advancement": "minecraft:nether/find_fortress",
  "pages": [
    {
      "type": "patchouli:text",
      "text": "This $(l:bewitchment:curses/conducting_curses)Curse$() casts nature's anguish back to mankind, causing anyone $(l:bewitchment:curses/conducting_curses)Cursed$() with it to suffer the same way it does. This doubles damage from fire, as well as from axes."
    },
    {
      "type": "bewitchment:curse",
      "recipe": "bewitchment:curses/forests_wrath"
    }
  ]
}
