{
  "category": "bewitchment:curses",
  "name": "Unlucky",
  "icon": "minecraft:textures/mob_effect/unluck.png",
  "advancement": "minecraft:nether/find_fortress",
  "pages": [
    {
      "type": "patchouli:text",
      "text": "$(l:bewitchment:tools/crystal_ball)Fortune$() does not show favor to victims of this $(l:bewitchment:curses/conducting_curses)Curse$(); this also means that beneficial status effects may fail to work."
    },
    {
      "type": "bewitchment:curse",
      "recipe": "bewitchment:curses/unlucky"
    }
  ]
}
