{
  "name": "融合結構樣板",
  "icon": "minecraft:writable_book",
  "category": "fusion_category",
  "pages": [
    {
      "type": "multiblock",
      "name": "融合模塊結構\n",
      "multiblock": {
        "pattern": [
          [
            "CCCCC",
            "CCCCC",
            "CCCCC",
            "CCCCC",
            "CCCCC",
            "     "
          ],
          [
            "CCCCC",
            "C   C",
            "C R C",
            "C   C",
            "CCCCC",
            "     "
          ],
          [
            "CCCCC",
            "C   C",
            "C R C",
            "C   C",
            "CCCCC",
            "     "
          ],
          [
            "CCCCC",
            "C   C",
            "C R C",
            "C   C",
            "CCCCC",
            "     "
          ],
          [
            "CCCCC",
            "CCCCC",
            "CC0CC",
            "CCCCC",
            "CCCCC",
            "  T  "
          ]
        ],
        "mapping": {
          "C": "alchemistry:fusion_casing",
          "T": "alchemistry:fusion_controller",
          "R": "alchemistry:fusion_core",
          "0": "alchemistry:fusion_casing"
        }
      }
    },
    {
      "type": "text",
      "text": "98x 融合外殼 $(br) 3x 融合核心 $(br) 1x 融合控制器"
    }
  ]
}