{
  "name": "融合概覽",
  "icon": "alchemistry:fusion_controller",
  "category": "fusion_category",
  "pages": [
    {
      "type": "text",
      "text": "多方塊結構允許你將兩種元素融合為一種新元素，輸入的兩種元素原子數之和將決定輸出元素，示例：鐵（26）+鏑（66）——>鈾(92)"
    },
    {
      "type": "crafting",
      "recipe": "炼金融合控制器",
      "recipe2": "alchemistry:fusion_controller"
    },
    {
      "type": "crafting",
      "recipe": "alchemistry:fusion_casing"
    }
  ]
}