{
  "name": "融合概览",
  "icon": "alchemistry:fusion_controller",
  "category": "融合分类",
  "pages": [
    {
      "type": "text",
      "text": "多方块结构允许你将两种元素融合为一种新元素，输入的两种元素原子数之和将决定输出元素，示例：铁（26）+镝（66）——>鈾(92)"
    },
    {
      "type": "crafting",
      "recipe": "炼金融合控制器",
      "recipe2": "炼金融合核心"
    },
    {
      "type": "crafting",
      "recipe": "炼金融合外壳"
    }
  ]
}