{
  "name": "Aubergines",
  "icon": "mysticalworld:aubergine",
  "category": "crops",
  "pages": [
    {
      "type": "spotlight",
      "link_recipe": true,
      "item": "mysticalworld:aubergine_seed",
      "text": "Aubergine seeds can be found throughout the world, wherever there is grass that can be broken."
    },
    {
      "type": "spotlight",
      "link_recipe": true,
      "item": "mysticalworld:aubergine",
      "text": "When harvested as a mature crop, aubergines are a tasty, delicious snack that can be used in other cuisine!",
      "title": "Aubergine Crop"
    }
  ]
}
