{
  "name": "茄子",
  "icon": "mysticalworld:aubergine",
  "category": "crops",
  "pages": [
    {
      "type": "spotlight",
      "link_recipe": true,
      "item": "mysticalworld:aubergine_seed",
      "text": "茄子種子可以割草獲得。"
    },
    {
      "type": "spotlight",
      "link_recipe": true,
      "item": "mysticalworld:aubergine",
      "text": "成熟之後收割的茄子可以直接吃，也可以用作其他料理的食材！",
      "title": "茄子作物"
    }
  ]
}
