{
  "name": "紡車",
  "category": "devices",
  "icon": "bewitchment:spinning_wheel",
  "pages": [
    {
      "type": "text",
      "text": "用於生產魔法絲線. 需要魔力來支持運轉"
    },
    {
      "type": "crafting",
      "recipe": "bewitchment:spinning_wheel"
    },
    {
      "type": "bewitchment:spinning_wheel_recipe",
      "recipe": "bewitchment:cobweb",
      "text": "那些蜘蛛不會從你身上撈到什麼東西的"
    },
    {
      "type": "bewitchment:spinning_wheel_recipe",
      "recipe": "bewitchment:witches_stitching",
      "text": "你必須拾起一針一線，必須是女巫的季節"
    },
    {
      "type": "bewitchment:spinning_wheel_recipe",
      "recipe": "bewitchment:diabolical_vein",
      "text": "一根被火烤過，然後又在血中浸泡過的線……"
    },
    {
      "anchor": "pure_fillament",
      "type": "bewitchment:spinning_wheel_recipe",
      "recipe": "bewitchment:pure_filament",
      "text": "一根閃亮的被祝福和淨化過的銀線"
    }
  ]
}
