{
  "name": "Stabilized Focuses",
  "icon": "conjuring:stabilized_conjuring_focus",
  "category": "conjuring:basics",
  "pages": [
    {
      "type": "patchouli:text",
      "text": "A $(l:conjuring:basics/conjuring_focus)Conjuring Focus$() does a good job, but sometimes it is simply not enough. A $(item)Stabilized Conjuring Focus$(), which is reinforced with $(l:conjuring:basics/soul_composite_materials#soul_slice)Soul Slices$(), is exponentially more powerful. Once inserted into a $(l:conjuring:basics/conjurer)Conjurer$(), it will start mimicking a player's presence, practically allowing for perpetual summoning."
    },
    {
      "type": "conjuring:soulfire_forge_recipe",
      "recipe": "conjuring:soulfire_forge/stabilized_conjuring_focus",
      "text": "考慮到穩定招魂焦點的昂貴程度，清理和重複使用它看起來較為可行。為了實現這一點，可以利用 $(item)蒸餾魂魄$（）。這種怪異的液體是通過注入四塊$（l：召喚：基本/conjuration_essence）召喚精華$（）而獲得的。"
    },
    {
      "type": "patchouli:text",
      "text": "使用$（l：召喚：儀式/ritual_of_weaving）靈魂編織者$（）放入一個普通的舊玻璃瓶中。然後，必須將要清理的焦點放入 $(item)靈魂漏鬥$（），並將 $(item)蒸餾魂魄$（）放在頂部。最後，一個簡單的 $(thing)右鍵按兩下$（）和$（l：concuring：basics/conjuring_scepters）召喚權杖$（）就足以提取靈魂。"
    }
  ]
}