{
  "name": "Armor Overview",
  "icon": "minecraft:written_book",
  "category": "armor",
  "priority": "是",
  "advancement": "pneumaticcraft:printed_circuit_board",
  "pages": [
    {
      "type": "text",
      "text": "What if you mix $(pncr) with the HUD from $(thing)Iron Man/$? You get $(thing)Pneumatic Armor/$!$(p)Although this armor was inspired by Tony Stark's toy, it doesn't mean it's invincible in any way: by default, the armor has only slightly better protection and durability than the equivalent $(thing)Iron Armor/$ piece. "
    },
    {
      "type": "image",
      "images": [
        "pneumaticcraft:textures/patchouli/pneumatic_armor.png"
      ],
      "border": "true",
      "text": "Compressed Iron Man"
    },
    {
      "type": "text",
      "text": "However, this armor is highly upgradable. To use upgrades (and to pressurize the armor), put the armor in a $(l:machines/charging_station)Charging Station/$.$(p)Upgrades common to all pieces are described in the following pages. Piece-specific upgrades are described separately in the pages for each armor piece."
    },
    {
      "type": "text",
      "text": "When you equip an armor piece, it will $(thing)boot up/$ within a few seconds. You can press $(thing)$(k:pneumaticcraft.armor.options)/$ to open a GUI, which allows you to configure installed upgrades and adjust the armor HUD. With more upgrades installed, more options will appear in the GUI.$(p)Note that all upgrades can be toggled on/off via the GUI checkboxes, and you can even bind a key to each checkbox to quickly toggle features when outside the GUI."
    },
    {
      "type": "spotlight",
      "item": "pneumaticcraft:speed_upgrade",
      "text": "$(l:base_concepts/upgrades#speed)Speed Upgrades/$ reduce the startup time of each armor piece. In addition, they reduce the $(l:armor/pneumatic_helmet)Helmet/$ lock-on time for $(l:base_concepts/upgrades#entity_tracker)Entity Tracker/$ and $(l:base_concepts/upgrades#block_tracker)Block Tracker/$, and increase the $(l:armor/pneumatic_leggings)Leggings/$ run speed, but at an $(l:base_concepts/pressure)air cost/$."
    },
    {
      "type": "spotlight",
      "item": "pneumaticcraft:volume_upgrade",
      "text": "$(l:base_concepts/upgrades#volume)Volume Upgrades/$ increase the $(l:base_concepts/pressure)air storage capacity/$ of each armor piece, making them take longer to charge, but slower to lose pressure when in use. The only effective limit to the number of upgrades is the number of available upgrade slots in the armor piece."
    },
    {
      "type": "spotlight",
      "item": "pneumaticcraft:armor_upgrade",
      "text": "$(l:base_concepts/upgrades#armor)Armor Upgrades/$ increase the protection and toughness of each armor piece. With 2 upgrades installed, each piece is as good as the corresponding $(thing)Diamond Armor/$ piece.  With the maximum 6 upgrades, the protection is thus superior to $(thing)Diamond Armor/$."
    },
    {
      "type": "spotlight",
      "item": "pneumaticcraft:item_life_upgrade",
      "text": "$(l:base_concepts/upgrades#item_life)Item Life Upgrades/$ slowly repair the armor piece, at a cost of $(base_concepts/pressure)air/$. Up to 6 upgrades can be installed in each piece, providing incrementally faster (but less air-efficient) repair."
    },
    {
      "type": "text",
      "title": "Thaumcraft",
      "flag": "mod:thaumcraft",
      "text": "$(l:base_concepts/upgrades#thaumcraft)Thaumcraft Upgrades/$ provide the armor piece with the equivalent vis discount of the corresponding $(thing)Thaumaturge's armor/$.  In addition, a Thaumcraft Upgrade installed in the $(l:armor/helmet)Helmet/$ acts as a $(item)Goggles of Revealing/$, showing $(thing)aura nodes/$ and displaying $(thing)aspect/$ amounts in containers."
    }
  ]
}