{
  "name": "Pneumatic Chestplate",
  "icon": "pneumaticcraft:pneumatic_chestplate",
  "category": "armor",
  "advancement": "pneumaticcraft:printed_circuit_board",
  "pages": [
    {
      "type": "text",
      "text": "The $(item)Pneumatic Chestplate/$ is one of the four $(thing)Pneumatic Armor/$ pieces.$(p)It has a larger $(base_concepts/pressure)air volume/$ than the other three pieces."
    },
    {
      "type": "crafting",
      "recipe": "pneumaticcraft:pneumatic_chestplate",
      "text": "Creating a Pneumatic Chestplate"
    },
    {
      "type": "spotlight",
      "item": "pneumaticcraft:security_upgrade",
      "text": "With a $(l:base_concepts/upgrades#security)Security Upgrade/$ installed, the chestplate grants you protection from fire and lava, at a significant air cost: air is rapidly dumped from the chestplate to extinguish nearby flames and keep you cool.  It will even slowly solidify nearby lava."
    },
    {
      "type": "spotlight",
      "flag": "mod:immersiveengineering",
      "title": "Immersive Engineering",
      "item": "immersiveengineering:wirecoil",
      "text": "The $(item)Security Upgrade/$ will also provide protection from uninsulated $(l:https://minecraft.curseforge.com/projects/immersive-engineering)Immersive Engineering/$ wiring; you will not be injured by electric shocks from such wires, but this does cost air from the chestplate, proportional to the damage negated. This doesn't prevent any knockbacks."
    },
    {
      "type": "spotlight",
      "item": "pneumaticcraft:magnet_upgrade",
      "text": "With one or more $(l:base_concepts/upgrades#magnet)Magnet Upgrades/$ installed, nearby items and XP orbs will be attracted to you for a very small air cost.  The base range is 5 blocks, but this can be increased up to 10 blocks by adding extra upgrades."
    },
    {
      "type": "text",
      "title": "Magnet Upgrade (cont.)",
      "text": "The Magnet Upgrade respects Botania's $(item)Solegnolia/$ flower, and will also not attempt to pull items from Immersive Engineering $(item)conveyor belts/$."
    },
    {
      "type": "spotlight",
      "item": "pneumaticcraft:charging_upgrade",
      "text": "With one or more $(l:base_concepts/upgrades#charging)Charging Upgrades/$ installed, the chestplate gains the ability to pressurize any other pneumatic item in your inventory, both worn and carried.  The chestplate will only charge items up to its own pressure level.  Adding extra Charging Upgrades (up to 6) increases the charging rate."
    },
    {
      "type": "spotlight",
      "item": "pneumaticcraft:dispenser_upgrade",
      "text": "A $(l:base_concepts/upgrades#dispenser)Dispenser Upgrade/$ allows items/blocks to be launched from your offhand slot by pressing & releasing $(thing)$(k:pneumaticcraft.chestplate.launcher)/$, similar to an $(l:machines/air_cannon)Air Cannon/$. It takes 15 ticks (0.75 seconds) to fully charge the launcher; releasing the key sooner will launch at reduced velocity."
    },
    {
      "type": "text",
      "title": "Dispenser Upgrade (cont.)",
      "text": "$(li)Some blocks have special $(item)Dispenser/$-like behaviour, such as $(item)TNT/$, or $(item)Arrows/$...$(li)Other blocks (like $(item)Torches/$) will be fired as 'tumbling' blocks which reform as blocks when they hit something.$(li)Other items will simply be fired as item entities."
    },
    {
      "type": "spotlight",
      "item": "pneumaticcraft:air_conditioning_upgrade",
      "flag": "mod:toughasnails",
      "title": "A/C Upgrade",
      "text": "With up to four $(l:base_concepts/upgrades#air_conditioning)Air Conditioning Upgrades/$ installed, you will gain some protection from environmental temperature extremes added by the $(l:https://minecraft.curseforge.com/projects/tough-as-nails)Tough As Nails/$ mod. Air Conditioning will automatically engage if it detects that your body temperature is higher or lower than normal, and disengage when equilibrium has been restored."
    },
    {
      "type": "text",
      "flag": "mod:toughasnails",
      "title": "A/C Upgrade (cont.)",
      "text": "This does come at a moderate pressure cost, however, which is dependent on the level of heating or cooling required and the number of upgrades installed. Depending on the environment you're working in, you may not need the full four upgrades to remain comfortable."
    }
  ]
}