{
  "name": "Pneumatic Boots",
  "icon": "pneumaticcraft:pneumatic_boots",
  "category": "armor",
  "advancement": "pneumaticcraft:printed_circuit_board",
  "pages": [
    {
      "type": "text",
      "text": "The $(item)Pneumatic Boots/$ is one of the four $(thing)Pneumatic Armor/$ pieces.$(p)The boots provide inbuilt fall protection at a modest air cost (proportional to the fall damage negated).$(p)You also get 1-block step assist for free (no air cost).  Note that this is step assist, not auto-jump, and it's a toggleable feature."
    },
    {
      "type": "crafting",
      "recipe": "pneumaticcraft:pneumatic_boots",
      "text": "Creating a Pneumatic Boots"
    },
    {
      "type": "spotlight",
      "item": "pneumaticcraft:jet_boots_upgrade",
      "text": "If you've ever wanted to soar through the air without a care in the world (except how much pressure you have left), the $(l:base_concepts/upgrades#jet_boots)Jet Boots Upgrade/$ is for you.  You can add up to 10 upgrades for progressively faster flight, and greater air usage.$(p)"
    },
    {
      "type": "text",
      "title": "Jet Boots (cont.)",
      "text": "The $(thing)Jet Boots/$ are a $(bold)heavy/$ user of air; it's strongly recommended to add multiple $(l:base_concepts/upgrades#volume)Volume Upgrades/$ to your boots (and $(l:armor/pneumatic_chestplate)chestplate/$, with $(l:base_concepts/upgrades#charging)Charging Upgrades/$).$(p)Use of an $(l:machines/aerial_interface)Aerial Interface/$ is also advised when possible, along with a good charging infrastructure at your base."
    },
    {
      "type": "text",
      "title": "Jet Boots (cont.)",
      "text": "With 8 or more $(l:base_concepts/upgrades#jet_boots)Jet Boots Upgrades/$ installed, you will also have access to $(thing)Builder Mode/$, which allows for more creative-style (but slower) flight control and improved airborne digging speed. This can be toggled on & off via the armor GUI (and bound to a toggle key)."
    },
    {
      "type": "spotlight",
      "item": "pneumaticcraft:dispenser_upgrade",
      "text": "By adding up to 4 $(l:base_concepts/upgrades#dispenser)Dispenser Upgrades/$ to the boots, you gain the ability to execute a $(bold)pneumatic kick/$.  This will do moderate damage to entities (and not just living entities!), but also inflict heavy knockback, at a modest air cost.$(p)Press $(thing)$(k:pneumaticcraft.boots.kick)/$ to kick."
    }
  ]
}