{
  "name": "Pneumatic Leggings",
  "icon": "pneumaticcraft:pneumatic_leggings",
  "category": "armor",
  "advancement": "pneumaticcraft:printed_circuit_board",
  "pages": [
    {
      "type": "text",
      "text": "The $(item)Pneumatic Leggings/$ is one of the four $(thing)Pneumatic Armor/$ pieces."
    },
    {
      "type": "crafting",
      "recipe": "pneumaticcraft:pneumatic_leggings",
      "text": "Creating a Pneumatic Leggings"
    },
    {
      "type": "spotlight",
      "item": "pneumaticcraft:speed_upgrade",
      "text": "In addition to reducing the armor's initialization time, $(l:base_concepts/upgrades#speed)Speed Upgrades/$ in the leggings have a more important effect: they increase your $(thing)run speed/$, at a very minor $(l:base_concepts/pressure)air cost/$.  Up to 4 Speed Upgrades can be installed."
    },
    {
      "type": "text",
      "title": "Speed Upgrade (cont.)",
      "text": "The armor GUI allows the speed boost to be reduced on-the-fly, if you want to change your speed without needing to find a $(l:machines/charging_station)Charging Station/$ to swap out upgrades."
    },
    {
      "type": "spotlight",
      "item": "pneumaticcraft:range_upgrade",
      "text": "$(l:base_concepts/upgrades#range)Range Upgrades/$ provide you with increased jumping ability at a minor air cost. Up to 6 Range Upgrades can be installed.$(p)Holding $(thing)$(k:key.sneak)/$ while jumping will reduce the jump height to the equivalent of a single upgrade."
    },
    {
      "type": "text",
      "title": "Range Upgrade (cont.)",
      "text": "The armor GUI allows the jump boost to be reduced on-the-fly, if you want to change your jump height without needing to find a $(l:machines/charging_station)Charging Station/$ to swap out upgrades."
    }
  ]
}