{
  "name": "Pneumatic Helmet",
  "icon": "pneumaticcraft:pneumatic_helmet",
  "category": "armor",
  "advancement": "pneumaticcraft:printed_circuit_board",
  "pages": [
    {
      "type": "text",
      "text": "The $(item)Pneumatic Helmet/$ is one of the four $(thing)Pneumatic Armor/$ pieces.$(p)For a long time, it was the only piece available."
    },
    {
      "type": "crafting",
      "recipe": "pneumaticcraft:pneumatic_helmet",
      "text": "Creating a Pneumatic Helmet"
    },
    {
      "type": "spotlight",
      "anchor": "entity_tracker",
      "item": "pneumaticcraft:entity_tracker_upgrade",
      "text": "With an $(l:base_concepts/upgrades#entity_tracker)Entity Tracker/$ upgrade installed, living creatures within a range of 16 blocks will be automatically tracked, even through walls. When the entity is an aggressive mob you'll get a warning if it targets you. This allows you to prepare for battle (or escape!). You can filter in the GUI the entities which should be tracked with an $(l:base_concepts/entity_filter)Entity Filter/$."
    },
    {
      "type": "spotlight",
      "item": "pneumaticcraft:block_tracker_upgrade",
      "text": "With a $(l:base_concepts/upgrades#block_tracker)Block Tracker/$ upgrade installed, special blocks within 30 blocks will be tracked, even through walls. The following blocks are tracked:$(li)Any inventories (contents will be shown)$(li)Mob Spawners (spawn time will be shown)$(li)Silverfish Blocks$(li)End Portal Frames$(li)TNT$(li)Tripwire Hooks"
    },
    {
      "type": "text",
      "title": "Block Tracker (cont.)",
      "text": "As some of these blocks are rather common (inventories in a player's house, Silverfish Blocks in a Fortress), the HUD will automatically stop displaying the label if a certain number of blocks of a certain type is reached. You can still get information about a tracked block though, by hovering over it with your crosshair. You can also specify which blocks you want to track by unchecking them in the configuration GUI."
    },
    {
      "type": "spotlight",
      "item": "pneumaticcraft:coordinate_tracker_upgrade",
      "text": "The $(l:base_concepts/upgrades#coordinate_tracker)Coordinate Tracker/$ upgrade will calculate the shortest path to a selected location, using Minecraft's own pathfinding to accomplish this.$(p)This is very useful when you're lost in a cave and want to get out: open up the options menu (press $(thing)$(k:pneumaticcraft.armor.options)/$) and select $(bold)Navigate to surface/$."
    },
    {
      "type": "spotlight",
      "item": "pneumaticcraft:search_upgrade",
      "text": "Do you know the problem of trying to find a certain item in your base, which has many many chests? If so, then the $(l:base_concepts/upgrades#item_searcher)Search Upgrade/$ is for you. You can search for an item in the GUI: either browse to the item you're looking for with the scrollbar, or type the item name in the search box. When you've found the item, put it in the Target slot."
    },
    {
      "type": "text",
      "title": "Item Searcher (cont.)",
      "text": "Now, any of the selected item lying on the ground or in any inventory in a range of 16 blocks will get a $(thing)green glow/$. The size of the glow is dependent on the ratio of the item at the location to the total found items.$(p)Note you also require $(l:base_concepts/upgrades#entity_tracker)Entity Tracker/$ (for items on ground) and/or $(l:base_concepts/upgrades#block_tracker)Block Tracker/$ (for items in inventories) upgrades in your helmet."
    },
    {
      "type": "spotlight",
      "item": "pneumaticcraft:dispenser_upgrade",
      "text": "A $(l:base_concepts/upgrades#dispenser)Dispenser Upgrade/$, when installed together with the $(l:base_concepts/upgrades#entity_tracker)Entity Tracker Upgrade/$, allows you to monitor/debug $(l:tools/drone)Drones/$. Simply press $(thing)$(k:pneumaticcraft.helmet.debugging.drone)/$ while looking at a $(item)Drone/$. The tracking animation will now have a red border. Now open up the helmet's option window by pressing $(thing)$(k:pneumaticcraft.armor.options)/$ and navigate to the $(bold)Drone Debugging/$ panel."
    },
    {
      "type": "spotlight",
      "item": "pneumaticcraft:range_upgrade",
      "text": "The $(l:base_concepts/upgrades#range)Range Upgrade/$ increases the range of the $(l:base_concepts/upgrades#entity_tracker)Entity Tracker/$ and $(l:base_concepts/upgrades#block_tracker)Block Tracker/$ by 5 blocks per upgrade. For the Entity Tracker there's no limit, but for the Block Tracker up to 5 upgrades are accepted.$(p)Note that this upgrade increases the helmet's air usage."
    },
    {
      "type": "spotlight",
      "item": "pneumaticcraft:night_vision_upgrade",
      "text": "The $(l:base_concepts/upgrades#night_vision)Night Vision Upgrade/$ does what it says: lets you see in the dark, for a very minor $(l:base_concepts/pressure)air cost/$."
    },
    {
      "type": "spotlight",
      "item": "pneumaticcraft:scuba_upgrade",
      "text": "The $(l:base_concepts/upgrades#scuba)SCUBA Upgrade/$ allows you to breathe underwater, using air from the helmet's reserve to provide you with air. As an added bonus, it provides a face mask which allows far clearer underwater vision; the views can be quite spectacular in conjuction with a $(l:base_concepts/upgrades#night_vision)Night Vision Upgrade/$."
    }
  ]
}