{
  "name": "氣動護腿",
  "icon": "pneumaticcraft:pneumatic_leggings",
  "category": "armor",
  "advancement": "pneumaticcraft:printed_circuit_board",
  "pages": [
    {
      "type": "text",
      "text": "$(item)氣動護腿/$是四件$(thing)氣動盔甲/$中的一件。"
    },
    {
      "type": "crafting",
      "recipe": "pneumaticcraft:pneumatic_leggings",
      "text": "氣動護腿的合成表"
    },
    {
      "type": "spotlight",
      "item": "pneumaticcraft:speed_upgrade",
      "text": "除去減少盔甲的氣動時間外，安裝在氣動護腿上的$(l:base_concepts/upgrades#speed)速度升級/$有更重要的效應：其提升$(thing)疾走速度/$，同時消耗少量$(l:base_concepts/pressure)空氣/$。最大可安裝 4 個速度升級。"
    },
    {
      "type": "text",
      "title": "速度升級（續）",
      "text": "可以在盔甲介面中隨時調整速度加成，以便在沒有$(l:machines/charging_station)充氣站/$可供調整升級的情況下調整速度。"
    },
    {
      "type": "spotlight",
      "item": "pneumaticcraft:range_upgrade",
      "text": "$(l:base_concepts/upgrades#range)範圍升級/$提生跳躍能力，同時消耗少量空氣。最大可安裝 6 給範圍升級。$(p)跳躍時長按 $(thing)$(k:key.sneak)/$ 鍵可將跳躍高度降低到安裝單個升級時的等價高度。"
    },
    {
      "type": "text",
      "title": "範圍升級（續）",
      "text": "可以在盔甲介面中隨時調整跳躍加成，以便在沒有$(l:machines/charging_station)充氣站/$可供調整升級的情況下調整跳躍高度。"
    }
  ]
}