{
  "name": "Athame and Boline",
  "category": "magic_overview",
  "icon": "bewitchment:athame",
  "pages": [
    {
      "type": "text",
      "text": "A sacred ritual dagger, which traditionally has a black handle. When creatures are slain by an Athame, they may drop unique reagents. The Athame is also used as an aid in conjurings."
    },
    {
      "type": "crafting",
      "recipe": "bewitchment:equipment/tool/athame"
    },
    {
      "type": "text",
      "text": "A sickle that usually has a white handle. The Boline can harmlessly harvest items from creatures, such as feathers from a raven, or string from a sheep. It is also used when conducting more nature-oriented rituals."
    },
    {
      "type": "crafting",
      "recipe": "bewitchment:equipment/tool/boline"
    }
  ]
}