{
  "name": "Fortune's Favor",
  "category": "magic_overview",
  "icon": "bewitchment:fortunes_favor",
  "pages": [
    {
      "type": "text",
      "text": "A pair of enchanted gloves that boost mining speed, give more drops from ores such as coal and lapis, and allows them to take taglocks easier. It is unknown what magic was used to make these gloves, but they can be found in the possession of powerful beings, as well as in forgotten chests."
    },
    {
      "type": "spotlight",
      "item": "bewitchment:fortunes_favor",
      "text": "$(o)Get lucky~"
    }
  ]
}