{
  "name": "Hecate's Visage",
  "category": "magic_overview",
  "icon": "bewitchment:hecates_visage",
  "pages": [
    {
      "type": "text",
      "text": "A flaming silver crown representing the torch of a powerful goddess, as well as the silver rays of the moon which gave her her powers. When worn, it cheapens the cost and increases the effectiveness of all non-curse rites. As an artifact of an ancient goddess, the way to create it has been lost to time, but this bauble can still be acquired in loot chests and from certain eldritch entities."
    },
    {
      "type": "spotlight",
      "item": "bewitchment:hecates_visage",
      "text": "Reduces the cost of rituals"
    }
  ]
}