{
  "name": "Magical Energy",
  "category": "magical_overview",
  "icon": "bewitchment:pentacle",
  "pages": [
    {
      "type": "text",
      "text": "所有的生命形式中都內蘊著生命能量，無論是最小的幼苗還是在時間盡頭仍然存在的巨龍。女巫們通常關注於按其意願那般操控這種能量，無論她們是好是壞……然而，你只能自由操控植物以及真菌所蘊含的能量，那些可以自由行動的動物們則不行。"
    },
    {
      "type": "text",
      "text": "這種能量，簡稱ME，只有在充滿了不同植物的花園中才能發揮其最大作用，這種花園必須像是彩虹那般有著不同的顏色，而不是一堆同質而重複的東西的簡單堆疊。用通常的話講，一名女巫需要在她的儀式中使用許多不同種類的植物，而不是僅僅使用一種植物。"
    }
  ]
}