{
  "name": "Triskelion Amulet",
  "category": "magic_overview",
  "icon": "bewitchment:triskelion",
  "pages": [
    {
      "type": "text",
      "text": "A golden medallion decorated with a swirled shape, it consumes ME in order to grant its owner great strength. Originally made by an ancient civilisation, the way to create it has been lost. However they can be found in chests as well as dropped from certain very powerful, very old, entities."
    },
    {
      "type": "spotlight",
      "item": "bewitchment:triskelion",
      "text": "Only obtainable through loot or demon trades"
    }
  ]
}