{
  "name": "Witch's Devices",
  "category": "magic_overview",
  "icon": "bewitchment:witches_cauldron",
  "sortnum": 1,
  "pages": [
    {
      "type": "text",
      "text": "Witches have a wide array of unique devices at their disposal used in all sects of the Craft. They are listed in the following pages, and click on the title to go to the respective section."
    },
    {
      "type": "crafting",
      "recipe": "bewitchment:witches_oven"
    },
    {
      "type": "crafting",
      "recipe": "bewitchment:distillery"
    },
    {
      "type": "crafting",
      "recipe": "bewitchment:spinning_wheel"
    },
    {
      "type": "crafting",
      "recipe": "bewitchment:witches_cauldron"
    },
    {
      "type": "crafting",
      "recipe": "bewitchment:brazier"
    },
    {
      "type": "crafting",
      "recipe": "bewitchment:sigil_table"
    },
    {
      "type": "crafting",
      "recipe": "bewitchment:oak_poppet_shelf"
    }
  ]
}