{
  "name": "女巫設備",
  "category": "magic_overview",
  "icon": "bewitchment:witches_cauldron",
  "sortnum": 1,
  "pages": [
    {
      "type": "text",
      "text": "女巫在進行巫術生產的任意環節中，都有各式各樣的獨特裝置可供使用。它們在下方列出來了，你可以點擊它們的標題來跳轉到對應頁面。"
    },
    {
      "type": "crafting",
      "recipe": "bewitchment:witches_oven"
    },
    {
      "type": "crafting",
      "recipe": "bewitchment:distillery"
    },
    {
      "type": "crafting",
      "recipe": "bewitchment:spinning_wheel"
    },
    {
      "type": "crafting",
      "recipe": "bewitchment:witches_cauldron"
    },
    {
      "type": "crafting",
      "recipe": "bewitchment:brazier"
    },
    {
      "type": "crafting",
      "recipe": "bewitchment:sigil_table"
    },
    {
      "type": "crafting",
      "recipe": "bewitchment:oak_poppet_shelf"
    }
  ]
}