{
   "name": "刀刃鍛造進階技巧",
   "icon": "lastsmith:handmade_white",
   "category": "category_8",
   "pages": [
      {
         "type": "text",
         "text": "刀鍛冶協會是全種族刀匠聯合創辦的團體。$(br)同時，也是「真理之劍」的劍士前來接受「劍」的場所。$(br2)只有能夠自主設計並鍛造自己的劍，才能被稱為刀匠並加入刀鍛冶協會，而我是刀鍛冶協會的主要成員之一。$(br)刀刃的基本鍛造技法我已經在前文中講解，在這裡不做說明。"
      },
      {
         "type": "text",
         "text": "刀鍛造完成之後，必須製作一個白鞘進行保護。$(br)製作一個實木鞘，然後安裝。你會得到一把白鞘，完完全全屬於你的白鞘。$(br2)完成之後，你的刀會擁有一個刀鍛冶協會的紋章，代表你已經成功加入刀鍛冶協會。"
      },
      {
         "type": "crafting",
         "recipe": "lastsmith:handmade_white"
      },
      {
         "type": "relations",
         "entries": [
            "lastsmith:category_2/page_1",
            "lastsmith:category_2/page_2",
            "lastsmith:category_2/page_3",
            "lastsmith:category_2/page_4",
            "lastsmith:category_2/page_5",
            "lastsmith:category_2/page_6"
         ]
      }
   ],
   "sortnum": 0
}
