{
    "name": "Tree Bark",
    "icon": "roots:bark_oak",
    "category": "resources",
    "pages": [
        {
            "type": "text",
            "text": "Much of the natural energy in wood comes from the bark, and a druid can strip away that bark by breaking a log with a $(l:apparatus/knives)knife$().$(br2)$(info) The amount of bark produced can be increased with the fortune enchantment."
        },
        {
            "type": "spotlight",
            "item": "roots:bark_oak",
            "title": "Oak Bark",
            "text": "Dropped when breaking an Oak Log with a $(l:apparatus/knives)Knife.$()"
        },
        {
            "type": "spotlight",
            "item": "roots:bark_birch",
            "title": "Birch Bark",
            "text": "Dropped when breaking a Birch Log with a $(l:apparatus/knives)Knife.$()"
        },
        {
            "type": "spotlight",
            "item": "roots:bark_spruce",
            "title": "Spruce Bark",
            "text": "Dropped when breaking a Spruce Log with a $(l:apparatus/knives)Knife.$()"
        },
        {
            "type": "spotlight",
            "item": "roots:bark_jungle",
            "title": "Jungle Bark",
            "text": "Dropped when breaking a Jungle Log with a $(l:apparatus/knives)Knife.$()"
        },
        {
            "type": "spotlight",
            "item": "roots:bark_acacia",
            "title": "Acacia Bark",
            "text": "Dropped when breaking an Acacia Log with a $(l:apparatus/knives)Knife.$()"
        },
        {
            "type": "spotlight",
            "item": "roots:bark_dark_oak",
            "title": "Dark Oak Bark",
            "text": "Dropped when breaking a Dark Oak Log with a $(l:apparatus/knives)Knife.$()"
        },
        {
            "type": "spotlight",
            "item": "roots:bark_wildwood",
            "title": "Wildwood Bark",
            "advancement": "roots:spirit_herb",
            "text": "Dropped when breaking a Wildwood Log with a $(l:apparatus/knives)Knife.$()"
        },
        {
            "type": "relations",
            "entries": [
                "basics/other_imbuer",
                "basics/letter",
                "apparatus/knives",
                "rituals/ritual_spreading_forest",
                "rituals/ritual_wild_growth"
            ]
        }
    ]
}