{
    "name": "Wildwood",
    "icon": "roots:wildwood_sapling",
    "advancement": "roots:spirit_herb",
    "category": "resources",
    "pages": [
        {
            "type": "spotlight",
            "item": "roots:wildwood_log",
            "link_recipe": true,
            "text": "Wildwood trees are extinct in these lands, and all that remains of them are their tattered wildroots, although $(info) $(l:rituals/ritual_wild_growth)certain rituals$() are able to rejuvenate these roots and sprout forth a single tree."
        },
        {
            "type": "spotlight",
            "item": "roots:bark_wildwood",
            "link_recipe": true,
            "text": "The bark of the wildwood tree is also used in spells and rituals."
        },
        {
            "type": "crafting",
            "recipe": "roots:wildwood_planks"
        },
        {
            "type": "spotlight",
            "item": "roots:wildwood_sapling",
            "link_recipe": true,
            "text": "$(info) In ancient times these saplings were a common sight, but nowadays one must search ancient crypts and deserted market stalls in the hopes of finding one."
        },
        {
            "type": "spotlight",
            "item": "roots:wildwood_leaves",
            "link_recipe": true,
            "text": "$(info) Unlike normal trees, the leaves of the wildwood tree drop wildroot instead of saplings."
        },
        {
            "type": "relations",
            "entries": [
                "apparatus/wildwood_armor",
                "apparatus/wildwood_bow",
                "apparatus/wildwood_quiver",
                "ritual/ritual_wild_growth",
                "herbs/wildroot"
            ]
        }
    ]
}