{
    "name": "Lesser Technodemon",
    "icon": "hwg:merc_spawn_egg",
    "category": "hwg:mob_category",
    "secret": false,
    "read_by_default": true,
    "pages": [
        {
            "type": "text",
            "text": "A resident of the Netherrealm. Using the resources found there, they have devised a powerful set of weapons they use to rip and tear though you."
        },
        {
            "type": "entity",
            "entity": "hwg:technodemon_lesser_1",
            "scale": "1",
            "rotate": false,
            "default_rotation": 30
        }
    ]
}