{
    "name": "Mercs",
    "icon": "hwg:merc_spawn_egg",
    "category": "hwg:mob_category",
    "secret": false,
    "read_by_default": true,
    "pages": [
        {
            "type": "text",
            "text": "A class of Illagers that use weapons and hunt down the player. They seem to have no interest in Villagers strangely. Drops 2-3 Gunpowder, 5-10 Bullets, and rarely their gun."
        },
        {
            "type": "entity",
            "entity": "hwg:merc",
            "scale": "1",
            "rotate": false,
            "default_rotation": 30
        }
    ]
}