{
    "name": "Adept Hopper",
    "icon": "naturesaura:grated_chute",
    "category": "devices",
    "advancement": "naturesaura:infused_materials",
    "pages": [
        {
            "type": "text",
            "text": "A lot of times when dealing with mechanical devices, $(thing)transporting items$() is of great importance and can become a nuisance if done on a large scale, especially because of the lack of $(thing)filtering$() abilities. The $(item)Adept Hopper$() creates the ability to filter items travelling through $(item)Hoppers$() with ease."
        },
        {
            "type": "text",
            "text": "The $(item)Adept Hopper$() works just like a normal $(item)Hopper$(), except that it is a bit faster and that it can filter items as follows: Attaching any number of $(item)Item Frames$() to any side of it and placing items inside will cause $(thing)only those items$() to be let through. This counts both for pulling items from chests and the world and for having items inserted into it.$(p)It should additionally be noted that the $(l:using/hopper_upgrade)Hopper Enhancement$() can be combined with this to pick up only filtered items."
        },
        {
            "type": "text",
            "text": "Additionally, the $(item)Adept Hopper$()'s functionality can be $(thing)inverted$() simply by interacting with it while sneaking: This will cause not items $(italic)in$() the frames to be accepted, but all items that are $(italic)not$() in the frames. This, additionally, allows for throughput of any item, simply by not placing down any frames at all."
        },
        {
            "type": "crafting",
            "text": "Creating the $(item)Adept Hopper$()$(p)It should be noted that, when equipping an $(l:items/eye)Environmental Eye$(), the amount of items currently stored in the hopper can be seen.",
            "recipe": "naturesaura:grated_chute"
        }
    ]
}