{
    "name": "靈氣吸引礦車",
    "icon": "naturesaura:mover_cart",
    "category": "devices",
    "advancement": "naturesaura:aura_bottle_end",
    "pages": [
        {
            "type": "text",
            "text": "$(#419600)靈氣$()研究者面臨的許多問題之一是，儘管靈氣十分充足而且易於獲得，但不容易進行$(thing)移動$()。為了解決這個問題，$(item)靈氣吸引礦車$()被開發了出來：其唯一目的就是讓$(#419600)靈氣$()能輕鬆地在世界中移動。為了達成這一目標需要的全部僅僅是起始地點富餘的$(#419600)靈氣$()和一些$(item)軌道$()。"
        },
        {
            "type": "text",
            "text": "使用$(item)靈氣吸引礦車$()需要將其放置在軌道上。要使其勾住周圍的$(#419600)靈氣$()並使之移動，礦車需要通過一段$(item)啟動軌道$()。礦車會載起周圍的$(#419600)靈氣$()並拉著其前進，直到遇到未供能的$(item)啟動軌道$()，這時礦車會鬆手放開$(#419600)靈氣$()。$(p)需要注意的是以這種方式移動$(#419600)靈氣$()會導致某些精華$(thing)$(t:| || || |_)丟失$()。"
        },
        {
            "type": "crafting",
            "text": "合成$(item)靈氣吸引礦車$()",
            "recipe": "naturesaura:mover_cart"
        }
    ]
}