{
    "name": "物品貼地器",
    "icon": "naturesaura:pickup_stopper",
    "category": "devices",
    "advancement": "naturesaura:infused_materials",
    "pages": [
        {
            "type": "text",
            "text": "許多機器需要用到世界中的掉落$(thing)物品$()，而這些物品很容易被檢查機器的人意外地撿起。$(br)$(item)物品貼地器$()會使得區域中的物品只能被潛行的人撿到。其工作範圍是附近的8格內，而且相當地受到通入的$(thing)紅石訊號$()強度的影響。"
        },
        {
            "type": "crafting",
            "text": "合成$(item)物品貼地器$()",
            "recipe": "naturesaura:pickup_stopper"
        }
    ]
}