{
    "name": "粉末操縱器",
    "icon": "naturesaura:powder_placer",
    "category": "devices",
    "advancement": "naturesaura:positive_imbalance",
    "pages": [
        {
            "type": "text",
            "text": "在嘗試啟動或抑制特定$(thing)靈氣失衡$()效應時使用$(l:effects/effect_powder)效應粉$()被證實非常有用。$(item)粉末操縱器$()能更好地幫助這一過程：在操縱器旁邊放置一個儲物箱並在裡面放上$(item)效應粉$()，當操縱器收到$(thing)紅石脈衝$()時，會將粉末放置到世界中。"
        },
        {
            "type": "crafting",
            "text": "類似地，給予另一個脈衝，操縱器會收集上方的粉末並將其儲存到旁邊的儲物箱裡。",
            "recipe": "naturesaura:powder_placer"
        }
    ]
}