{
  "name": "Air Cannon",
  "icon": "pneumaticcraft:air_cannon",
  "category": "machines",
  "advancement": "pneumaticcraft:pressure_tube",
  "pages": [
    {
      "type": "text",
      "text": "The $(item)Air Cannon/$ is a device you can use to transport items quite some distance, through the air. It uses $(l:base_concepts/pressure)compressed air/$ as propellant.$(p)You will also need a $(l:tools/gps_tool)GPS Tool/$ to aim the $(item)Air Cannon/$ (although the GPS Tool can be removed and re-used once the Cannon is aimed).$(p)A $(#f00)redstone pulse/$ will trigger the Cannon to fire."
    },
    {
      "type": "text",
      "title": "Upgrades",
      "text": "With a $(l:base_concepts/upgrades#dispenser)Dispenser Upgrade/$ installed, the $(item)Air Cannon/$ behaves like a vanilla $(item)Dispenser/$ for certain items, e.g. TNT or Fire Charges.$(p)With an $(l:base_concepts/upgrades#entity_tracker)Entity Tracker Upgrade/$, the $(item)Air Cannon/$ will not launch items from its inventory, but instead launch the nearest entity (including you!) when triggered."
    },
    {
      "type": "crafting",
      "text": "Creating an Air Cannon",
      "recipe": "pneumaticcraft:air_cannon"
    }
  ]
}