{
  "name": "Aphorism Tile",
  "icon": "pneumaticcraft:aphorism_tile",
  "category": "machines",
  "advancement": "pneumaticcraft:assembly_controller",
  "pages": [
    {
      "type": "text",
      "text": "On these sign-like blocks you can store theoretically infinite amounts of text. When you type the text it will automatically scale in a way that the full text fits on the tile.$(p)When you place down an Aphorism Tile it $(ttcolor)$(t:This can be disabled in config - see 'B:dramaSplash')defaults/$ to a random splash text from the $(l:http://mc-drama.herokuapp.com/)Drama Generator/$."
    },
    {
      "type": "text",
      "text": "$(li)$(item)Aphorism Tiles/$ can be edited in-place by $(thing)right-clicking/$ with an empty hand.$(li)Markup can be added by using $(thing)Alt + 0-9/a-f/l/m/n/o/r/$ ($(l:https://minecraft.gamepedia.com/Formatting_codes)standard Minecraft codes/$).$(li)Holding $(thing)F1/$ will show some popup help for the editor keybindings.$(li)$(item)Aphorism Tiles/$ can be recolored by $(thing)right-clicking/$ with any dye item (oredict-aware). The tile border and background can be colored independently by clicking an appropriate area of the tile."
    },
    {
      "type": "pneumaticcraft:assembly_system",
      "item": "pneumaticcraft:aphorism_tile"
    }
  ]
}