{
  "name": "Charging Station",
  "icon": "pneumaticcraft:charging_station",
  "category": "machines",
  "advancement": "pneumaticcraft:pressure_tube",
  "pages": [
    {
      "type": "text",
      "text": "The $(item)Charging Station/$ is a machine in which pneumatic items can be charged (or discharged). The interaction between the $(item)Charging Station/$ and $(l:base_concepts/pressure)pneumatic/$ items is the same as for the interaction between tubes/machines: differences in pressures will be equalized. This means that you'll need a well-pressurized $(item)Charging Station/$ to charge items fully."
    },
    {
      "type": "spotlight",
      "item": "pneumaticcraft:charging_station",
      "text": "Most charged items have a maximum pressure of 10 bar. Don't worry about explosions though; items will not explode due to overcharging, but simply stop charging beyond 10 bar."
    },
    {
      "type": "text",
      "title": "Charge Pad",
      "text": "You can turn the Charging Station into a $(thing)Charge Pad/$ by inserting a $(l:base_concepts/upgrades#dispenser)Dispenser Upgrade/$. This will (de)pressurize any items lying on top of the $(item)Charging Station/$ and any items in the inventory of players who are standing on top of the $(item)Charging Station/$.$(p)The $(thing)Charge Pad/$ can be camouflaged with a $(l:tools/camo_applicator)Camouflage Applicator/$."
    },
    {
      "type": "text",
      "title": "Upgrade Management",
      "text": "The $(item)Charging Station/$ also functions as a management system for items which accept $(l:base_concepts/upgrades)upgrades/$. To upgrade an item, put it in the $(item)Charging Station/$ as usual, and click the $(thing)up-arrow/$ button just above the item slot. This opens a new GUI where upgrades can be inserted; every applicable upgrade for the item in question is documented in a GUI side tab."
    },
    {
      "type": "relations",
      "title": "Chargeable Items",
      "entries": [
        "tools/air_canister",
        "tools/pneumatic_wrench",
        "tools/logistics_configurator",
        "tools/camo_applicator",
        "tools/vortex_cannon",
        "tools/minigun",
        "tools/drone",
        "tools/manometer",
        "armor/pneumatic_helmet",
        "armor/pneumatic_chestplate",
        "armor/pneumatic_leggings",
        "armor/pneumatic_boots"
      ]
    },
    {
      "type": "crafting",
      "text": "Creating a Charging Station",
      "recipe": "pneumaticcraft:charging_station"
    }
  ]
}