{
  "name": "Heat Sink",
  "icon": "pneumaticcraft:heat_sink",
  "category": "machines",
  "advancement": "pneumaticcraft:root",
  "pages": [
    {
      "type": "text",
      "text": "The $(item)Heat Sink/$ is a block used to get rid of $(l:base_concepts/heat)Heat/$.$(p)Be careful, a $(item)Heat Sink/$ hotter than 50°C or colder than -60°C will hurt you when touched!$(p)$(item)Heat Sinks/$ only dissipate heat from the block they're directly connected to. To connect up many $(item)Heat Sinks/$, use $(l:base_concepts/basic_materials#compressed_iron_block)Blocks of Compressed Iron/$ to provide more surfaces."
    },
    {
      "type": "image",
      "images": [
        "pneumaticcraft:textures/patchouli/heat_sinks.png"
      ],
      "border": "true",
      "text": "$(italic)An $(l:compressors/advanced_liquid_compressor)Advanced Liquid Compressor/$ $(italic)with multiple Heat Sinks/$"
    },
    {
      "type": "text",
      "title": "Active Cooling",
      "text": "You can increase the effectiveness of a $(item)Heat Sink/$ by placing it in range of an $(l:tubes/air_grate_module#active_cooling)Air Grate Module/$. The module's range is displayed when you attach it to a $(l:tubes/pressure_tubes)Pressure Tube/$. The cooling effectiveness can be stacked by using multiple Air Grate Modules."
    },
    {
      "type": "crafting",
      "text": "Creating a Heat Sink",
      "recipe": "pneumaticcraft:heat_sink"
    }
  ]
}