{
  "name": "煤油燈",
  "icon": "pneumaticcraft:kerosene_lamp",
  "category": "machines",
  "advancement": "pneumaticcraft:refinery",
  "pages": [
    {
      "type": "text",
      "text": "$(item)煤油燈/$是強力的光源，消耗...沒錯，$(l:manufacturing/refinery)煤油/$。這和你也許習以為常的其他大範圍光源相近，例如$(thing)神秘時代的奧術燈/$。$(p)$(italic)嚴格意義上，煤油燈可以消耗任何燃料執行，但煤油的效率比其他燃料，甚至液化石油氣更高。/$"
    },
    {
      "type": "text",
      "text": "$(item)煤油燈/$預設光照範圍為 10 格（曼哈頓距離）。但是，這可以在設定介面中調整到最大 30 格。注意：隨著範圍增加，燃料消耗會與其立方成正比增加。也就是說：增大範圍到 2 倍，燃料消耗會增大到 8 倍！$(p)然而，煤油燈的燃料消耗很少。1000mB 的煤油可以供預設範圍 10 格的煤油燈執行約 $(ttcolor)$(t:煤油燈的燃料效率可以在設定檔案裡調整：見 'D:keroseneLampFuelEfficiency')40 分種/$。"
    },
    {
      "type": "text",
      "text": "像其他$(pncr)機器一樣，$(item)煤油燈/$可以被$(thing)紅石/$控制。除開一般的開啟/關閉模式，還有$(bold)插值信號/$模式。如名字所稱，該模式將基於信號強度插值調整煤油燈的光照範圍。$(p)例如：如果設定光照範圍為 10 格，當$(#f00)紅石信號強度/$（最大 15）為 8 時，煤油燈的光照範圍為 5 格。"
    },
    {
      "type": "crafting",
      "text": "煤油燈的合成表",
      "recipe": "pneumaticcraft:kerosene_lamp"
    }
  ]
}