{
  "name": "Kerosene Lamp",
  "icon": "pneumaticcraft:kerosene_lamp",
  "category": "machines",
  "advancement": "pneumaticcraft:refinery",
  "pages": [
    {
      "type": "text",
      "text": "A $(item)Kerosene Lamp/$ is a powerful light source that runs on.. you guessed it, $(l:manufacturing/refinery)Kerosene/$. It is similar to the long range light sources you might be used to, like $(thing)Thaumcraft's Arcane Lamp)/$.$(p)$(italic)Technically, the lamp will run on any burnable fuel, but Kerosene is more efficient than any other fuel in this lamp, even LPG./$"
    },
    {
      "type": "text",
      "text": "The $(item)Kerosene Lamp/$ has a default range of 10 blocks. However, this can be adjusted in the GUI up to a maximum of 30 blocks. Note that the higher the range, the more fuel the lamp will use, in a cubic fashion. So when you double the range, the fuel usage is multiplied by 8!$(p)However, the lamp only uses a small amount of fuel. With 1000mB of Kerosene and the default range of 10 blocks, the Lamp can run for about $(ttcolor)$(t:The Lamp's efficiency can be altered in mod config: see 'D:keroseneLampFuelEfficiency')40 minutes/$."
    },
    {
      "type": "text",
      "text": "The $(item)Kerosene Lamp/$ can be controlled by $(thing)redstone/$ like most $(pncr) blocks. Apart from the usual on/off modes, there also is an $(bold)Interpolate Signal/$ mode. This will (like the name says) interpolate the range of the lamp based on the signal strength.$(p)E.g. assuming the default max range of 10 blocks, when a $(#f00)redstone signal/$ of 8 (out of 15) is applied, the Lamp will have a range of 5."
    },
    {
      "type": "crafting",
      "text": "Creating a Kerosene Lamp",
      "recipe": "pneumaticcraft:kerosene_lamp"
    }
  ]
}