{
  "name": "Liquid Hopper",
  "icon": "pneumaticcraft:liquid_hopper",
  "category": "machines",
  "advancement": "pneumaticcraft:root",
  "pages": [
    {
      "type": "text",
      "text": "The $(item)Liquid Hopper/$ is a device which you can use to transfer fluids. Like the $(l:machines/omnidirectional_hopper)Omnidirectional Hopper/$, its input and output can point in any direction, and it uses the same placement and rotation rules. You can add $(l:base_concepts/upgrades#speed)Speed Upgrades/$ to increase the transfer rate."
    },
    {
      "type": "spotlight",
      "item": "pneumaticcraft:liquid_hopper",
      "text": "The $(item)Liquid Hopper/$ will also attempt to drain fluids from any items on the ground in front of its $(9)input/$ side and to insert fluids into any items in front of its $(6)output/$ side, e.g. water buckets, lava buckets or modded fluid containers."
    },
    {
      "type": "text",
      "title": "Dispenser Upgrade",
      "flag": "pneumaticcraft:liquidHopperDispenser",
      "text": "If a $(l:base_concepts/upgrades#dispenser)Dispenser Upgrade/$ is inserted into the $(item)Liquid Hopper/$, it will suck any liquid block (1000mB) at the $(9)input/$ side, and it will dispense 1000mB of any stored liquid at the $(6)output/$ side. This can be used for example as a water pump."
    },
    {
      "type": "crafting",
      "text": "Creating a Liquid Hopper",
      "recipe": "pneumaticcraft:liquid_hopper"
    }
  ]
}