{
  "name": "Pneumatic Generator",
  "icon": "pneumaticcraft:pneumatic_generator",
  "category": "machines",
  "flag": "pneumaticcraft:pneumaticGeneratorEnabled",
  "advancement": "pneumaticcraft:advanced_pressure_tube",
  "pages": [
    {
      "type": "text",
      "text": "The Pneumatic Generator can generate $(thing)IndustrialCraft 2 EU/$ from $(l:base_concepts/pressure)compressed air/$. This is a tier two machine, indicated by its minimal working pressure of 15 bar. By default it has an efficiency of 40%, but this can be $(ttcolor)$(t:See 'I:pneumaticGeneratorEfficiency')changed in the config/$.$(p)Without any $(l:base_concepts/upgrades#speed)Speed Upgrades/$, it outputs at a rate of 32 EU/tick; with one upgrade inserted: 128 EU/tick and with two: 512 EU/tick."
    },
    {
      "type": "spotlight",
      "item": "pneumaticcraft:pneumatic_generator",
      "text": "The air usage (mL/tick) is:$(p)$(formula)  output rate / E * 400/$$(p)where $(formula)E/$ is efficiency as a percentage. E.g. for default efficiency of 40%, and an output rate of 32EU/tick, air usage = $(formula)32 / 40 * 400 = 320mL/tick/$."
    },
    {
      "type": "text",
      "text": "An important factor that influences efficiency is the Generator's $(l:base_concepts/heat)temperature/$. The Generator needs to be $(thing)cooled/$, or its efficiency will drop as the temperature rises, up to the point where no air is generated at all."
    },
    {
      "type": "crafting",
      "text": "Creating a Pneumatic Generator",
      "recipe": "pneumaticcraft:pneumatic_generator"
    }
  ]
}
