{
  "name": "Pneumatic Door",
  "icon": "pneumaticcraft:pneumatic_door",
  "category": "machines",
  "advancement": "pneumaticcraft:plastic",
  "pages": [
    {
      "type": "text",
      "text": "This special door will open automatically if there is a player nearby, provided that it has sufficient $(l:base_concepts/pressure)air pressure/$. It has a base detection range of 2 blocks but this can be increased by inserting $(l:base_concepts/upgrades#range)Range Upgrades/$.$(p)To construct a $(thing)Pneumatic Door/$, you must place a $(thing)Pneumatic Door Base/$ so that it's level with the $(italic)top half/$ of the door itself."
    },
    {
      "type": "image",
      "images": [
        "pneumaticcraft:textures/patchouli/pneumatic_door.png"
      ],
      "text": "$(italic)A double Pneumatic Door; left side is $(l:tools/camo_applicator)camouflaged/$$(italic), right side is not/$"
    },
    {
      "type": "spotlight",
      "item": "pneumaticcraft:security_station",
      "text": "When the $(item)Pneumatic Door Base/$ is within the range of an operating $(l:machines/security_station)Security Station/$, it will only open the door to players trusted by the $(thing)Security Station/$."
    },
    {
      "type": "text",
      "title": "Operating Modes",
      "text": "The $(thing)Pneumatic Door/$ operates in one of three modes, selectable via the door base GUI:$(li)$(thing)Player Nearby/$: the door will open when a player is in range.$(li)$(thing)Nearby and Looking/$: the door will open when a player is nearby $(italic)and/$ looking at the door$(li)$(thing)Wooden Door/$: the door behaves like a vanilla $(item)Wooden Door/$."
    },
    {
      "type": "crafting",
      "recipe": "pneumaticcraft:pneumatic_door",
      "recipe2": "pneumaticcraft:pneumatic_door_base"
    }
  ]
}