{
  "name": "Pneumatic Dynamo",
  "icon": "pneumaticcraft:pneumatic_dynamo",
  "category": "machines",
  "advancement": "pneumaticcraft:advanced_pressure_tube",
  "pages": [
    {
      "type": "text",
      "text": "The $(item)Pneumatic Dynamo/$ converts $(l:base_concepts/pressure)compressed air/$ into $(thing)Forge Energy/$, which is compatible with $(thing)Redstone Flux/$ and other mods' energy systems. It produces 40 FE/tick by default, but can be upgraded with $(l:base_concepts/upgrades#speed)Speed Upgrades/$. The FE output rate of the $(item)Flux Compressor/$ is twice the amount of the current FE production; 80 FE/tick by default, but can be increased via Speed Upgrades."
    },
    {
      "type": "spotlight",
      "item": "pneumaticcraft:pneumatic_dynamo",
      "text": "An important factor that influences efficiency is the Dynamo's $(l:base_concepts/heat)temperature/$. The Dynamo needs to be $(thing)cooled/$, or its efficiency will drop as the temperature rises, up to the point where no air is generated at all."
    },
    {
      "type": "crafting",
      "text": "Creating a Pneumatic Dynamo",
      "recipe": "pneumaticcraft:pneumatic_dynamo"
    }
  ]
}
