{
  "name": "Universal Sensor",
  "icon": "pneumaticcraft:universal_sensor",
  "category": "machines",
  "advancement": "pneumaticcraft:plastic",
  "pages": [
    {
      "type": "text",
      "text": "The $(thing)Universal Sensor/$ is, like the name suggests, a sensor that can be used in many applications; it measures in-world conditions and outputs a $(#f00)redstone signal/$ based on those conditions.$(p)Being universal isn't free: the sensor requires $(l:base_concepts/pressure)air/$ to run (1 mL/tick) in $(ttcolor)$(t:The Constant Redstone Emitter is free to use)almost all/$ cases, and Sensors need certain $(l:base_concepts/upgrades)Upgrades/$ to run."
    },
    {
      "type": "spotlight",
      "item": "pneumaticcraft:universal_sensor",
      "text": "Currently there are over 15 different conditions the Sensor can measure, from being able to check whether there's a block at a certain coordinate or whether there is a Twitcher streaming. Open the GUI of the $(thing)Universal Sensor/$ to see what's available, plus descriptions."
    },
    {
      "type": "text",
      "title": "Upgrades",
      "text": "You will need to insert an $(l:base_concepts/upgrades#entity_tracker)Entity Tracker/$, $(l:base_concepts/upgrades#dispenser)Dispenser/$, or $(l:base_concepts/upgrades#block_tracker)Block Tracker/$ plus $(l:tools/gps_tool)GPS Tool/$ to allow selection of the corresponding category of sensors. E.g. counting the number of entities within range requires an $(item)Entity Tracker Upgrade/$ to be installed."
    },
    {
      "type": "text",
      "title": "Example: Entity Counting",
      "text": "Say you have a pen full of animals and want to kill some, but only if there are enough.$(p)Add an $(l:base_concepts/upgrades#entity_tracker)Entity Tracker Upgrade/$ and enough $(l:base_concepts/upgrades#range)Range Upgrades/$ to cover the pen's size.$(p)Now, in the GUI, select the $(thing)Entity/$ button, followed by $(thing)Within Range/$, and finally enter an $(l:base_concepts/entity_filter)entity filter/$ matching your animal type (e.g. 'cow')."
    },
    {
      "type": "crafting",
      "text": "Creating a Universal Sensor",
      "recipe": "pneumaticcraft:universal_sensor"
    }
  ]
}
