{
  "name": "真空泵",
  "icon": "pneumaticcraft:vacuum_pump",
  "category": "machines",
  "advancement": "pneumaticcraft:pressure_chamber",
  "pages": [
    {
      "type": "text",
      "text": "$(thing)真空泵/$用於製造...真空。要達到這一點，真空泵需要消耗$(l:base_concepts/pressure)壓縮空氣/$。$(p)正壓應當被施加到 $(#0c0)+ 側/$；到達最小工作壓力時，$(item)真空泵/$開始工作，$(#c00)- 側/$的壓力降低，最低為 -1.0 bar，即為真空。"
    },
    {
      "type": "image",
      "images": [
        "pneumaticcraft:textures/patchouli/vacuum_pump.png"
      ]
    },
    {
      "type": "text",
      "title": "應用",
      "text": "書寫該手冊時，負壓（真空）僅有兩個用途：$(li)去除附魔：在$(l:manufacturing/pressure_chamber)壓力室/$中放置$(item)被附魔的物品/$與一本原版的$(item)書/$，並施加足夠的負壓。物品的某一附魔將被傳輸到書上。$(li)向$(l:tubes/air_grate_module)空氣柵管道模組/$施加負壓後，其將會吸引實體。"
    },
    {
      "type": "crafting",
      "text": "真空泵的合成表",
      "recipe": "pneumaticcraft:vacuum_pump"
    }
  ]
}
