{
  "name": "Vacuum Pump",
  "icon": "pneumaticcraft:vacuum_pump",
  "category": "machines",
  "advancement": "pneumaticcraft:pressure_chamber",
  "pages": [
    {
      "type": "text",
      "text": "The $(thing)Vacuum Pump/$ is a machine used to create... a vacuum. To do this the machine consumes $(l:base_concepts/pressure)pressurized air/$.$(p)Positive pressure should be applied on the $(#0c0)'+' side/$; when the minimal working pressure is reached, the $(item)Vacuum Pump/$ starts pumping and the pressure on the $(#c00)'-' side/$ drops, to a minimum of -1.0 bar, which is a vacuum."
    },
    {
      "type": "image",
      "images": [
        "pneumaticcraft:textures/patchouli/vacuum_pump.png"
      ]
    },
    {
      "type": "text",
      "title": "Applications",
      "text": "At the time of writing, only two uses exist for negative (vacuum) pressure:$(li)Disenchanting: place an $(item)enchanted item/$ and a vanilla $(item)Book/$ in a $(l:manufacturing/pressure_chamber)Pressure Chamber/$ and give the chamber sufficient negative pressure. A random enchantment will transfer from the item to the book.$(li)The $(l:tubes/air_grate_module)Air Grate Module/$, when given negative pressure, will attract entities to itself."
    },
    {
      "type": "crafting",
      "text": "Creating a Vacuum Pump",
      "recipe": "pneumaticcraft:vacuum_pump"
    }
  ]
}
