{
  "name": "渦流管",
  "icon": "pneumaticcraft:vortex_tube",
  "category": "machines",
  "advancement": "pneumaticcraft:pressure_tube",
  "pages": [
    {
      "type": "text",
      "text": "$(thing)渦流管/$是一台基於$(l:https://en.wikipedia.org/wiki/vortex_tube)現實物理/$的機器。其將$(l:base_concepts/pressure)空氣/$流分離為$(l:base_concepts/heat)熱和冷/$的部分，從而將渦流管的一側加熱，另一側冷卻。註：冷熱兩側具有熱連接，因此要使用熱側時建議對冷側散熱，使用冷側時同理。這可以使用$(l:machines/heat_sink)散熱器/$做到。"
    },
    {
      "type": "spotlight",
      "item": "pneumaticcraft:vortex_tube",
      "text": "放下或旋轉$(thing)渦流管/$時，熱側將高亮為$(#c00)紅色/$幾秒，冷測將高亮為$(#00c)藍色/$幾秒。$(p)$(thing)渦流管/$工作需要壓力。更高的壓力可以產生更大的溫差，但也導致更高的空氣耗率。"
    },
    {
      "type": "crafting",
      "text": "渦流管的合成表",
      "recipe": "pneumaticcraft:vortex_tube"
    }
  ]
}
