{
    "name": "Protection",
    "icon": "minecraft:netherite_chestplate",
    "category": "apotheosis:enchanting/changes",
    "flag": "apotheosis:enchanting",
    "sortnum": 1,
    "pages": [
        {
            "type": "patchouli:text",
            "text": "$(9)保護$()不再與保護的子類型衝突。$(p)這意味著現在可以同時附上$(9)保護$()和其他原本會衝突的防禦型附魔。"
        },
        {
            "type": "patchouli:text",
            "text": "為了解釋這個問題，保護附魔的有效性會略微調整。$(p)了解這個問題需要了解保護如何運作，以及一些數學知識。$(p)首先，我們介紹一個叫做傷害減免（DR）點的概念，這是所有防禦性附魔效益的統計數值。"
        },
        {
            "type": "patchouli:text",
            "text": "$(9)保護$()附魔對所有傷害提供1點防禦。$(p)特化的附魔對一種特定傷害提供2點防禦。$(p)$(9)輕盈$()附魔對墜落傷害提供3點防禦。"
        },
        {
            "type": "patchouli:text",
            "text": "前 20 點提供每點 4% 的傷害減免效果，總共最多可達 80%。$(p)在原版中，20 點是最大值，額外的點數沒有效果。$(p)使用 Apotheosis 模組，接下來的 45 點每點提供額外 0.33% 的效果，最多可達 95%（在 65 點時）。$(p)防具的效果會先於附魔生效。"
        }
    ]
}