{
    "name": "Protection",
    "icon": "minecraft:netherite_chestplate",
    "category": "apotheosis:enchanting/changes",
    "flag": "apotheosis:enchanting",
    "sortnum": 1,
    "pages": [
        {
            "type": "patchouli:text",
            "text": "$(9)Protection$() is no longer exclusive with the subtypes of protection.$(p)This means you can now have $(9)Protection$() and one other defensive enchantment that is normally exclusive."
        },
        {
            "type": "patchouli:text",
            "text": "Additionally, the max effective protection points has been raised from 20 to 65.$(p)Protection points past 20 are less effective, and points past 65 have no effect."
        }
    ]
}