{
    "name": "蕈菇",
    "icon": "adventurez:stone_golem_heart",
    "category": "adventurez:mob_category",
    "pages": [
        {
            "type": "text",
            "text": "紅色及棕色蕈菇可以在稀有的蘑菇島上找到，且通常為和平狀態。它時不時會生出蕈菇。"
        },
        {
            "type": "entity",
            "name": "Showcase",
            "entity": "adventurez:red_fungus"
        },
        {
            "type": "entity",
            "name": "展示",
            "entity": "adventurez:brown_fungus"
        },
        {
            "type": "empty",
            "draw_filler": false
        }
    ]
}