{
    "name": "豬布林獸",
    "icon": "adventurez:stone_golem_heart",
    "category": "adventurez:mob_category",
    "pages": [
        {
            "type": "text",
            "text": "豬靈芝獸！如果你殺了太多朋友，豬靈會叫它，當你開採金子的時候。它可以掉落豬靈旗幟"
        },
        {
            "type": "entity",
            "name": "Showcase",
            "entity": "adventurez:piglin_beast",
            "scale": "0.9",
            "offset": "0.3"
        }
    ]
}