{
    "name": "靈魂收割者",
    "icon": "adventurez:stone_golem_heart",
    "category": "adventurez:mob_category",
    "pages": [
        {
            "type": "text",
            "text": "靈魂收割者比你見過的任何的凋零骷髏都更致命。它可以用凋零箭射你，或者用獄髓劍把你切成兩半，它對一切都有準備。通常情況下，它騎著夜魘馬在周圍走得更快，你會在靈魂砂谷找到它。"
        },
        {
            "type": "entity",
            "name": "Showcase",
            "entity": "adventurez:soul_reaper"
        }
    ]
}