{
  "name": "Amethyst",
  "icon": "mysticalworld:amethyst_ore",
  "category": "ores",
  "flag": "roots:amethyst",
  "pages": [
    {
      "type": "spotlight",
      "link_recipe": true,
      "item": "mysticalworld:amethyst_ore",
      "text": "Amethyst ore can be broken to gain amethyst gems, and is as rare as diamond, with similar uses."
    },
    {
      "type": "spotlight",
      "link_recipe": true,
      "item": "mysticalworld:amethyst_gem",
      "title": "Amethyst Gems",
      "text": "Amethyst tools and weapons have the same mining level as diamond tools and a similar durability."
    },
    {
      "type": "crafting",
      "recipe": "mysticalworld:amethyst_axe",
      "recipe2": "mysticalworld:amethyst_hoe",
      "title": "Amethyst Tools"
    },
    {
      "type": "crafting",
      "recipe": "mysticalworld:amethyst_knife",
      "recipe2": "mysticalworld:amethyst_pickaxe"
    },
    {
      "type": "crafting",
      "recipe": "mysticalworld:amethyst_shovel",
      "recipe2": "mysticalworld:amethyst_sword"
    }
  ]
}
