{
  "name": "紫水晶",
  "icon": "mysticalworld:amethyst_ore",
  "category": "ores",
  "flag": "roots:amethyst",
  "pages": [
    {
      "type": "spotlight",
      "link_recipe": true,
      "item": "mysticalworld:amethyst_ore",
      "text": "挖掘紫水晶礦石可以得到紫水晶，，它與鑽石一樣稀有，用途也類似。"
    },
    {
      "type": "spotlight",
      "link_recipe": true,
      "item": "mysticalworld:amethyst_gem",
      "title": "紫水晶",
      "text": "紫水晶工具的挖掘等級與鑽石工具相同，耐久相近。"
    },
    {
      "type": "crafting",
      "recipe": "mysticalworld:amethyst_axe",
      "recipe2": "mysticalworld:amethyst_hoe",
      "title": "紫水晶工具"
    },
    {
      "type": "crafting",
      "recipe": "mysticalworld:amethyst_knife",
      "recipe2": "mysticalworld:amethyst_pickaxe"
    },
    {
      "type": "crafting",
      "recipe": "mysticalworld:amethyst_shovel",
      "recipe2": "mysticalworld:amethyst_sword"
    }
  ]
}
