{
  "name": "銅",
  "icon": "mysticalworld:copper_ore",
  "category": "ores",
  "flags": "roots:copper",
  "pages": [
    {
      "type": "spotlight",
      "link_recipe": true,
      "item": "mysticalworld:copper_ore",
      "text": "銅礦可以在野外幾乎任何地方發現。可以熔煉成銅錠用來製作工具。"
    },
    {
      "type": "smelting",
      "link_recipe": true,
      "recipe": "mysticalworld:copper_ore",
      "title": "銅錠",
      "text": "銅工具和武器的挖掘等級與鐵相同。"
    },
    {
      "type": "crafting",
      "recipe": "mysticalworld:copper_axe",
      "recipe2": "mysticalworld:copper_hoe",
      "title": "銅工具"
    },
    {
      "type": "crafting",
      "recipe": "mysticalworld:copper_knife",
      "recipe2": "mysticalworld:copper_pickaxe"
    },
    {
      "type": "crafting",
      "recipe": "mysticalworld:copper_shovel",
      "recipe2": "mysticalworld:copper_sword"
    }
  ]
}
