{
  "name": "銅",
  "icon": "mysticalworld:copper_ore",
  "category": "ores",
  "flags": "roots:copper",
  "pages": [
    {
      "type": "spotlight",
      "link_recipe": true,
      "item": "mysticalworld:copper_ore",
      "text": "Copper Ore can be found throughout the world at many different heights and with great regularity. Smelted into copper ingots, these ingots can then be used in the construction of tools."
    },
    {
      "type": "smelting",
      "link_recipe": true,
      "recipe": "mysticalworld:copper_ore",
      "title": "銅錠",
      "text": "Copper tools and weapons have the same mining level as iron."
    },
    {
      "type": "crafting",
      "recipe": "mysticalworld:copper_axe",
      "recipe2": "mysticalworld:copper_hoe",
      "title": "銅製工具"
    },
    {
      "type": "crafting",
      "recipe": "mysticalworld:copper_knife",
      "recipe2": "mysticalworld:copper_pickaxe"
    },
    {
      "type": "crafting",
      "recipe": "mysticalworld:copper_shovel",
      "recipe2": "mysticalworld:copper_sword"
    }
  ]
}
