{
  "name": "Silver",
  "icon": "mysticalworld:silver_ore",
  "category": "ores",
  "flags": "roots:silver",
  "pages": [
    {
      "type": "spotlight",
      "link_recipe": true,
      "item": "mysticalworld:silver_ore",
      "text": "Silver Ore can be found in similar locations and depths as gold ore. Smelted into silver ingots, these can be used to craft tools with similar enchantability to gold, though with more durability."
    },
    {
      "type": "smelting",
      "link_recipe": true,
      "recipe": "mysticalworld:silver_ore",
      "title": "Silver Ingots",
      "text": "Silver tools and weapons have the same mining level as golden tools."
    },
    {
      "type": "crafting",
      "recipe": "mysticalworld:silver_axe",
      "recipe2": "mysticalworld:silver_hoe",
      "title": "Silver Tools"
    },
    {
      "type": "crafting",
      "recipe": "mysticalworld:silver_knife",
      "recipe2": "mysticalworld:silver_pickaxe"
    },
    {
      "type": "crafting",
      "recipe": "mysticalworld:silver_shovel",
      "recipe2": "mysticalworld:silver_sword"
    }
  ]
}
