{
  "name": "銀",
  "icon": "mysticalworld:silver_ore",
  "category": "ores",
  "flags": "roots:silver",
  "pages": [
    {
      "type": "spotlight",
      "link_recipe": true,
      "item": "mysticalworld:silver_ore",
      "text": "銀礦石生成在和金礦類似的高度和位置。可以熔煉成銀錠用來製作工具，其附魔能力與金相同，而耐久卻稍高。"
    },
    {
      "type": "smelting",
      "link_recipe": true,
      "recipe": "mysticalworld:silver_ore",
      "title": "銀錠",
      "text": "銀工具和武器的挖掘等級與金相同。"
    },
    {
      "type": "crafting",
      "recipe": "mysticalworld:silver_axe",
      "recipe2": "mysticalworld:silver_hoe",
      "title": "銀工具"
    },
    {
      "type": "crafting",
      "recipe": "mysticalworld:silver_knife",
      "recipe2": "mysticalworld:silver_pickaxe"
    },
    {
      "type": "crafting",
      "recipe": "mysticalworld:silver_shovel",
      "recipe2": "mysticalworld:silver_sword"
    }
  ]
}
