{
  "flag": "mod:byg",
  "secret": true,
  "name": "BYG系列",
  "icon": "buddycards:pack.4",
  "category": "buddycards:sets",
  "sortnum": 3,
  "pages": [
    {
      "type": "text",
      "text": "BYG系列的夥伴卡比較難獲得……您必須從世界各地找到四種不同的 byg 物品。該系列共有 27 張卡片，但當您考慮閃光卡和不同等級時，還有更多種卡片。$(br2)為了獲得基礎系列卡，你必須製作BYG系列卡包。"
    },
    {
      "type": "crafting",
      "title": "BYG系列卡包",
      "recipe": "buddycards:byg/byg_pack",
      "text": "您必須找到隱藏在您的Minecraft世界中的三件物品，並將它們與一些夥伴鋼和另一個卡包組合在一起。每個物品都來自每個維度的byg生態域。"
    },
    {
      "type": "spotlight",
      "title": "BYG系列卡",
      "item": "buddycards:card.4.3",
      "text": "與大多數卡包一樣，BYG系列卡包總共會給你 4 張卡片，其中只有一張是閃光卡。$(br2)這些卡片有四種稀有度：普通、罕見、稀有和史詩。 您可以通過角的顏色區分它們。"
    },
    {
      "type": "spotlight",
      "title": "BYG系列卡",
      "item": "buddycards:card.4.21{\"foil\":true}",
      "text": "1-12 號牌是普通卡，沒有彩色角，13-21 號是罕見卡，有2個黃色角，22-25 號是稀有卡，有4個藍色角，26和27號是史詩卡，有2個黃色和2個紫色角。閃光卡和非閃光卡稀有度的機率相同。"
    },
    {
      "type": "spotlight",
      "item": "buddycards:medal.4",
      "title": "BYG系列 夥伴勳章",
      "text": "BYG系列勳章可以通過獲得獲得系列的所有 27 張卡片（閃光和普通）來獲得。裝備後，它會給你跳躍提升 I。",
      "link_recipe": true
    },
    {
      "type": "relations",
      "title": "勳章附魔",
      "entries": [
        "buddycards:enchantments/buddy_binding",
        "buddycards:enchantments/buddy_boost"
      ],
      "text": "勳章也可以附魔夥伴綁定和夥伴增益。夥伴增益 I 會將勳章升級為 跳躍提升I 和 速度I ，夥伴增益 II 會升級為 跳躍提升II 和 速度I。"
    }
  ]
}