{
  "flag": "mod:byg",
  "secret": true,
  "name": "Byg Set",
  "icon": "buddycards:pack.4",
  "category": "buddycards:sets",
  "sortnum": 3,
  "pages": [
    {
      "type": "text",
      "text": "The byg set of Buddycards is a trickier one to aquire... You must find four different byg items from around your world. There are 27 cards in this set in total, but many more when you consider shiny variants and grades. $(br2)In order to get byg set cards, you must craft byg set packs."
    },
    {
      "type": "crafting",
      "title": "Byg Set Packs",
      "recipe": "buddycards:byg/byg_pack",
      "text": "You must find these three items hidden around your minecraft world, and combine them with some Buddysteel and another pack. Each item comes from a byg biome in each dimension."
    },
    {
      "type": "spotlight",
      "title": "Byg Set Cards",
      "item": "buddycards:card.4.3",
      "text": "The byg set packs, as with most packs, will give you 4 cards in total, with only one of them being a shiny variant. $(br2)The cards come in four rarities: common, uncommon, rare, and epic. You can tell them apart by the colors of their corners."
    },
    {
      "type": "spotlight",
      "title": "Byg Set Cards",
      "item": "buddycards:card.4.21{\"foil\":true}",
      "text": "1-12 號牌是普通卡，沒有彩色角，13-21 號是罕見卡，有2個黃色角，22-25 號是稀有卡，有4個藍色角，26和27號是史詩卡，有2個黃色和2個紫色角。閃光卡和非閃光卡稀有度的機率相同。"
    },
    {
      "type": "spotlight",
      "item": "buddycards:medal.4",
      "title": "Byg Set Medal",
      "text": "The byg set medal can be earned by getting all 27 cards, shiny and not shiny, of the byg set. When equipped, it will give you Jump Boost I.",
      "link_recipe": true
    },
    {
      "type": "relations",
      "title": "勳章附魔",
      "entries": [
        "buddycards:enchantments/buddy_binding",
        "buddycards:enchantments/buddy_boost"
      ],
      "text": "The medal can also be enchanted with Buddy Binding and Buddy Boost. Buddy Boost I will upgrade the medal to give Jump Boost I & Speed I, and Buddy Boost II will upgrade it to give Jump Boost II & Speed I."
    }
  ]
}