{
  "flag": "mod:create",
  "secret": true,
  "name": "動力機械系列",
  "icon": "buddycards:pack.5",
  "category": "buddycards:sets",
  "sortnum": 4,
  "pages": [
    {
      "type": "text",
      "text": "如果你有合適的機器的話，動力機械系列的夥伴卡會非常容易收集。該系列共有 27 張卡片，但當您考慮閃光卡和不同等級時，還有更多種卡片。$(br2)為了獲得動力機械系列卡，你必須找到動力機械系列卡包。"
    },
    {
      "type": "spotlight",
      "item": "buddycards:shredded_buddycard",
      "text": "為了製作機械動力系列卡包，首先必須製作一些粉碎夥伴卡，可以將夥伴卡扔進粉碎輪獲得，如果你有多餘的卡包，也可以將卡包扔進去。",
      "link_recipe": true
    },
    {
      "type": "spotlight",
      "title": "動力機械系列卡包",
      "item": "buddycards:pack.5",
      "text": "當你有了一些粉碎夥伴卡、夥伴鋼粒和黃銅板，將它們以5:1:1的比例丟進加熱的動力攪拌機以製作卡包。",
      "link_recipe": true
    },
    {
      "type": "spotlight",
      "title": "動力機械系列卡",
      "item": "buddycards:card.5.5",
      "text": "與大多數卡包一樣，動力機械系列卡包總共會給你 4 張卡片，其中只有一張是閃光卡。$(br2)這些卡片有四種稀有度：普通、罕見、稀有和史詩。 您可以通過角的顏色區分它們。"
    },
    {
      "type": "spotlight",
      "title": "動力機械系列卡",
      "item": "buddycards:card.5.20{\"foil\":true}",
      "text": "1-12 號牌是普通卡，沒有彩色角，13-21 號是罕見卡，有2個黃色角，22-25 號是稀有卡，有4個藍色角，26和27號是史詩卡，有2個黃色和2個紫色角。閃光卡和非閃光卡稀有度的機率相同。"
    },
    {
      "type": "spotlight",
      "item": "buddycards:medal.5",
      "title": "動力機械系列 夥伴勳章",
      "text": "動力機械系列勳章可以通過獲得獲得系列的所有 27 張卡片（閃光和普通）來獲得。裝備後，它會給你挖掘加速 I。",
      "link_recipe": true
    },
    {
      "type": "relations",
      "title": "勳章附魔",
      "entries": [
        "buddycards:enchantments/buddy_binding",
        "buddycards:enchantments/buddy_boost"
      ],
      "text": "勳章也可以附魔夥伴綁定和夥伴增益。夥伴增益 I 會將勳章升級為 挖掘加速 II，夥伴增益 II 會升級為 挖掘加速III。"
    }
  ]
}