{
    "name": "Apothecary Pouch",
    "icon": "roots:apothecary_pouch",
    "category": "apparatus",
    "advancement": "roots:spirit_herb",
    "secret": true,
    "pages": [
        {
            "type": "spotlight",
            "item": "roots:apothecary_pouch",
            "text": "A vast improvement over the component pouch in capacity and usefulness: the pouch itself holds many more items.$(br2)Herbs are stored in small glass vials to keep them separate from each other, at the same time increasing the amount that can be stored."
        },
        {
            "type": "fey_crafting_template",
            "recipe": "apothecary_pouch"
        },
        {
            "type": "relations",
            "entries": [
                "apparatus/component_pouch",
                "basics/spells",
                "herbs/spirit_herb",
                "resources/wildwood"
            ]
        }
    ]
}