{
    "name": "法術收容袋",
    "icon": "roots:component_pouch",
    "category": "apparatus",
    "priority": true,
    "advancement": "roots:root",
    "secret": true,
    "pages": [
        {
            "type": "spotlight",
            "item": "roots:component_pouch",
            "text": "所有咒語$(warning)都需要使用草藥。法術收容袋是提供此功能的最基本方法。$(br2)$(info)由於咒語消耗的草藥通常少於單個物品，因此小袋將草藥分解，並將其餘的草藥儲存在其本身的織物中。"
        },
        {
            "type": "crafting",
            "recipe": "roots:component_pouch",
            "title": "法術收容袋",
            "text": "右邊的隔間可放草藥，而左邊的隔間可容納您選擇的任何物品。$(br2)$(info) 投射後，螢幕左下方顯示了用於投射法術的草藥殘留的量。"
        },
        {
            "type": "relations",
            "entries": [
                "basics/spells",
                "apparatus/apothecary_pouch"
            ]
        }
    ]
}