{
    "name": "小刀",
    "icon": "roots:wood_knife",
    "category": "apparatus",
    "pages": [
        {
            "type": "text",
            "text": "小刀是一種簡單而輕巧的工具，既適合用作匕首，又可以用作砍伐木材的工具。 $(info) 用刀打碎的原木會掉落 $(l:resources/bark)樹皮$()，這對於許多德魯伊儀式來說是必需的。$(br2)在緊要關頭，它們可以用作較弱但較快的武器。"
        },
        {
            "type": "crafting",
            "recipe": "roots:wood_knife",
            "recipe2": "roots:stone_knife"
        },
        {
            "type": "crafting",
            "recipe": "mysticalworld:copper_knife",
            "recipe2": "roots:iron_knife"
        },
        {
            "type": "crafting",
            "recipe": "mysticalworld:silver_knife",
            "recipe2": "roots:gold_knife"
        },
        {
            "type": "crafting",
            "recipe": "roots:diamond_knife",
            "recipe2": "mysticalworld:amethyst_knife"
        },
        {
            "type": "relations",
            "entries": [
                "resources/bark",
                "herbs/terra_moss"
            ]
        }
    ]
}