{
    "name": "Knives",
    "icon": "roots:wood_knife",
    "category": "apparatus",
    "pages": [
        {
            "type": "text",
            "text": "Knives are a simple and lightweight tool, suitable as both a dagger and a tool for cutting wood. $(info) Logs broken with a knife will drop $(l:resources/bark)Bark$(), which is necessary for many druidic rituals.$(br2)In a pinch, they can be used as a weaker but faster weapon."
        },
        {
            "type": "crafting",
            "recipe": "roots:wood_knife",
            "recipe2": "roots:stone_knife"
        },
        {
            "type": "crafting",
            "recipe": "mysticalworld:copper_knife",
            "recipe2": "roots:iron_knife"
        },
        {
            "type": "crafting",
            "recipe": "mysticalworld:silver_knife",
            "recipe2": "roots:gold_knife"
        },
        {
            "type": "crafting",
            "recipe": "roots:diamond_knife",
            "recipe2": "mysticalworld:amethyst_knife"
        },
        {
            "type": "relations",
            "entries": [
                "resources/bark",
                "herbs/terra_moss"
            ]
        }
    ]
}