{
  "name": "活工具",
  "icon": "roots:living_pickaxe",
  "category": "apparatus",
  "advancement": "roots:fey_crafter",
  "secret": true,
  "pages": [
    {
      "type": "text",
      "text": "充滿生命力的工具充滿草藥中的魔力，並注入了貴重金屬，可以使它們承受的任何傷害，即使緩慢，也可以恢復。$(br2)$(info) 它功能與鐵工具相同，但與黃金工具一樣令人著迷。"
    },
    {
      "type": "fey_crafting_template",
      "recipe": "living_pickaxe"
    },
    {
      "type": "fey_crafting_template",
      "recipe": "living_axe"
    },
    {
      "type": "fey_crafting_template",
      "recipe": "living_shovel"
    },
    {
      "type": "fey_crafting_template",
      "recipe": "living_hoe"
    },
    {
      "type": "fey_crafting_template",
      "recipe": "living_sword"
    },
    {
      "type": "spotlight",
      "item": "roots:living_arrow",
      "text": "While too brittle to regrow themselves, these sturdy arrows pack a punch."
    },
    {
      "type": "fey_crafting_template",
      "anchor": "living_arrow",
      "recipe": "living_arrow"
    },
    {
      "type": "relations",
      "entries": [
        "basics/other_imbuer",
        "apparatus/wildwood_bow",
        "apparatus/wildwood_quiver"
      ]
    }
  ]
}