{
    "name": "研缽和研杵",
    "icon": "roots:mortar",
    "category": "apparatus",
    "priority": true,
    "advancement": "roots:root",
    "secret": true,
    "pages": [
        {
            "type": "text",
            "text": "在世界中，最多可以新增五種試劑。 收集後，$(info)通過右鍵單擊以套用所需的杵來製作所需的輸出。$(br2)使用研缽和杵的配方可在本書中找到。$(br2)$(info)另外，研杵本身可以儲存在空的研缽中。"
        },
        {
            "type": "crafting",
            "recipe": "roots:pestle",
            "recipe2": "roots:mortar",
            "title": "研缽和研杵"
        },
        {
            "type": "relations",
            "entries": [
                "basics/spells"
            ]
        }
    ]
}