{
    "name": "研缽和研杵",
    "icon": "roots:mortar",
    "category": "apparatus",
    "priority": true,
    "advancement": "roots:root",
    "secret": true,
    "pages": [
        {
            "type": "text",
            "text": "Placed in the world, up to five reagents can be added. Once collected, $(info) apply the pestle by right-clicking to craft the desired output.$(br2)Recipes using the mortar & pestle can be found throughout this book.$(br2)$(info) In addition, the pestle itself can be stored in an empty mortar."
        },
        {
            "type": "crafting",
            "recipe": "roots:pestle",
            "recipe2": "roots:mortar",
            "title": "Mortar & Pestle"
        },
        {
            "type": "relations",
            "entries": [
                "basics/spells"
            ]
        }
    ]
}