{
  "name": "Offering Plate",
  "icon": "roots:offertory_plate",
  "category": "apparatus",
  "advancement": "roots:runestone",
  "secret": true,
  "pages": [
    {
      "type": "text",
      "text": "Offering plates are specially designed with runestone that radiate with magical energy. Placing items upon the plate allows them to be consumed in rituals and offerings to the fey."
    },
    {
      "type": "crafting",
      "recipe": "roots:offertory_plate",
      "title": "Offering Plate"
    },
    {
      "type": "relations",
      "entries": [
        "rituals/ritual_summon_creatures"
      ]
    }
  ]
}