{
    "name": "Wildwood Quiver",
    "icon": "roots:wildwood_quiver",
    "category": "apparatus",
    "advancement": "roots:wildwood",
    "secret": true,
    "pages": [
        {
            "type": "text",
            "text": "Reinforced with wildwood, this quiver has the ability to grow arrows from itself when empty, at the cost of durability.$(br2)$(warning) Arrows shot by this quiver cannot be picked up normally: you must sneak near them in order to do so.$(br2)$(warning) It cannot consume arrows grown of itself."
        },
        {
            "type": "fey_crafting_template",
            "recipe": "wildwood_quiver"
        },
        {
            "type": "relations",
            "entries": [
                "basics/other_imbuer",
                "apparatus/living_tools#living_arrow",
                "rituals/ritual_wild_growth"
            ]
        }
    ]
}