{
    "name": "Wildwood Bow",
    "icon": "roots:wildwood_bow",
    "category": "apparatus",
    "advancement": "roots:wildwood",
    "secret": true,
    "pages": [
        {
            "type": "text",
            "text": "Reinforced with wildwood, this bow is a hardy tool for any adventurer."
        },
        {
            "type": "fey_crafting_template",
            "recipe": "wildwood_bow"
        },
        {
            "type": "relations",
            "entries": [
                "basics/other_imbuer",
                "rituals/ritual_wild_growth"
            ]
        }
    ]
}