{
    "name": "烈焰蜂",
    "icon": "minecraft:blaze_powder",
    "read_by_default": true,
    "category": "productivebees:bees_hive",
    "flag": "productivebees:blazing",
    "pages": [
        {
            "type": "patchouli:text",
            "title": "烈焰蜂",
            "text": "由$(l:bees/wild/magmatic)熔岩蜂$(/l)和$(l:bees/solitary/nomad)遊牧蜂$(/l)配種而得。",
            "anchor": "blazing"
        },
        {
            "type": "patchouli:entity",
            "entity": "productivebees:configurable_bee{type:'productivebees:blazing'}"
        }
    ]
}