{
    "name": "煤炭蜂",
    "icon": "minecraft:coal",
    "read_by_default": true,
    "category": "productivebees:bees_hive",
    "flag": "productivebees:coal",
    "pages": [
        {
            "type": "patchouli:text",
            "title": "煤炭蜂",
            "text": "由$(l:bees/hive/blazing)烈焰蜂$(/l)和$(l:bees/solitary/leafcutter)切葉蜂$(/l)配種而得。",
            "anchor": "coal"
        },
        {
            "type": "patchouli:entity",
            "entity": "productivebees:configurable_bee{type:'productivebees:coal'}"
        }
    ]
}