{
    "name": "鑽石蜂",
    "icon": "minecraft:diamond",
    "read_by_default": true,
    "category": "productivebees:bees_hive",
    "flag": "productivebees:diamond",
    "pages": [
        {
            "type": "patchouli:text",
            "title": "鑽石蜂",
            "text": "由$(l:bees/wild_bees#ender)終界蜂$(/l)和$(l:bees/hive_bees#lapis)青金石蜂$(/l)配種而得。",
            "anchor": "diamond"
        },
        {
            "type": "patchouli:entity",
            "entity": "productivebees:configurable_bee{type:'productivebees:diamond'}"
        }
    ]
}