{
    "name": "綠寶石蜂",
    "icon": "minecraft:emerald",
    "read_by_default": true,
    "category": "productivebees:bees_hive",
    "flag": "productivebees:emerald",
    "pages": [
        {
            "type": "patchouli:text",
            "title": "綠寶石蜂",
            "text": "由$(l:bees/wild_bees#slimy)史萊姆蜂$(/l)和$(l:bees/hive_bees#diamond)鑽石蜂$(/l)配種而得。",
            "anchor": "emerald"
        },
        {
            "type": "patchouli:entity",
            "entity": "productivebees:configurable_bee{type:'productivebees:emerald'}"
        }
    ]
}