{
    "name": "黃金蜂",
    "icon": "minecraft:gold_ingot",
    "read_by_default": true,
    "category": "productivebees:bees_hive",
    "flag": "productivebees:gold",
    "pages": [
        {
            "type": "patchouli:text",
            "title": "黃金蜂",
            "text": "由$(l:bees/wild/crystalline)石英蜂$(/l)和$(l:bees/solitary/mason)壁蜂$(/l)配種而得。",
            "anchor": "gold"
        },
        {
            "type": "patchouli:entity",
            "entity": "productivebees:configurable_bee{type:'productivebees:gold'}"
        }
    ]
}