{
    "name": "青金石蜂",
    "icon": "minecraft:lapis_lazuli",
    "read_by_default": true,
    "category": "productivebees:bees_hive",
    "flag": "productivebees:lapis",
    "pages": [
        {
            "type": "patchouli:text",
            "title": "青金石蜂",
            "text": "由$(l:bees/hive/redstone)紅石蜂$(/l)和$(l:bees/solitary/blue_banded)青條花蜂$(/l)配種而得。",
            "anchor": "lapis"
        },
        {
            "type": "patchouli:entity",
            "entity": "productivebees:configurable_bee{type:'productivebees:lapis'}"
        }
    ]
}