{
    "name": "Dirt Bucket",
    "read_by_default": "true",
    "icon": "dynamictrees:dirtbucket",
    "category": "othermechanics",
    "sortnum": "2",
    "pages": [
        {
            "type": "crafting",
            "title": "Dirt Bucket",
            "anchor": "dirtbucket",
            "recipe": "dynamictrees:dirtbucket",
            "text": "Dirt Buckets are used to convert a seed to a sapling and vice versa.$(br2)Place the dirt bucket and the seed or sapling in a crafting table to convert. The recipe is shapeless."
        }
    ]
}
