{
  "name": "砷鉛鐵反應器",
  "icon": "twilightforest:tower_device:12",
  "category": "devices",
  "advancement": "twilightforest:alt/treasures/carminite",
  "sortnum": 6260,
  "pages": [
    {
      "type": "spotlight",
      "title": "砷鉛鐵反應器",
      "item": "twilightforest:tower_device:12",
      "text": "我無法理解這是用來做甚麼的。它是反應器的一種，所以我假設它會散發能量，但它毫無反應。也許它是需要能量的那種？"
    },
    {
      "type": "text",
      "text": "我該感到震驚或害怕嗎?如果我給予這個裝置足夠的紅石訊號強度，周遭的環境就會變成金礦和鑽石礦。我無法描述，但這些方塊是假的，而且反應器爆炸了，還是放出了高塔迷你幽靈。我永遠不會知道這是不是個失敗的實驗。"
    }
  ]
}