{
    "name": "極限扳手",
    "icon": "bigreactors:wrench",
    "category": "bigreactors:misc",
    "read_by_default": true,
    "pages": [
        {
            "type": "spotlight",
            "item": "bigreactors:wrench",
            "link_recipe": true,
            "title": "極限扳手",
            "text": "The Extreme Wrench is.. hum.. a wrench.$(br2)You can use the change the input/output mode of parts like the Access Port or the Fluid Ports.$(br2)The wrench is tagged as a Forge wrench so you should be able to use it in other mods too."
        }
    ]
}