{
    "name": "虛空冶煉爐",
    "icon": "endreborn:block_end_forge",
    "category": "\n-工具",
    "advancement": "endreborn:endreborn/end_forge",
    "priority": true,
    "pages": [
        {
            "type": "text",
            "text": "如果我要用岩漿代替熔爐會怎麼樣呢……終界的岩漿看起來會更好一些。你要把需要的礦石放在冶煉爐的頂部來熔煉它。不過最好不要把食物放上去，那只會被燒毀掉。"
        },
        {
            "type": "crafting",
            "recipe": "endreborn:blocks/block_end_forge"
        }
    ]
}