{
    "name": "End Rune",
    "icon": "endreborn:item_end_rune",
    "category": "\n-工具",
    "advancement": "endreborn:endreborn/end_rune",
    "priority": true,
    "pages": [
        {
            "type": "text",
            "text": "End Shard fragments are very similar to the puzzle... Yes, indeed, they formed into a strange symbol and began to glow... somewhere I already saw it"
        },
        {
            "type": "crafting",
            "recipe": "endreborn:items/item_end_rune"
        }
    ]
}