{
    "name": "Endorium",
    "icon": "endreborn:item_ingot_endorium",
    "category": "\n-工具",
    "advancement": "endreborn:endreborn/raw_endorium",
    "priority": true,
    "pages": [
        {
            "type": "text",
            "text": "After several attempts to use a sledgehammer... many things was destroyed. But I created a new material - Endorium. It is very hard, and seems to vibrate a little."
        },
        {
            "type": "crafting",
            "recipe": "endreborn:items/item_raw_endorium"
        }
    ]
}