{
    "name": "終界錠",
    "icon": "endreborn:item_ingot_endorium",
    "category": "tools",
    "advancement": "endreborn:endreborn/raw_endorium",
    "priority": true,
    "pages": [
        {
            "type": "text",
            "text": "用大錘試了好幾次之後，很多東西都被砸壞了……不過我還是勉強做到了，我發明了一種新的材料--終界錠！它真的非常的堅硬而且好像還帶有輕微的震動。"
        },
        {
            "type": "crafting",
            "recipe": "endreborn:items/item_raw_endorium"
        }
    ]
}