{
    "name": "物質實化機",
    "icon": "endreborn:death_essence",
    "category": "\n-工具",
    "advancement": "endreborn:endreborn/entropy_user",
    "priority": true,
    "pages": [
        {
            "type": "text",
            "text": "完全一致的兩個物品！不過我不需要那麼多了。這個機械應該是誰或者是什麼東西留下的吧……行吧"
        },
        {
            "type": "spotlight",
            "item": "endreborn:entropy_user"
        }
    ]
}