{
    "name": "Advanced Ender Pearl",
    "icon": "endreborn:item_advanced_ender_pearl",
    "category": "\n-工具",
    "advancement": "endreborn:endreborn/mine_essence",
    "priority": true,
    "pages": [
        {
            "type": "text",
            "text": "During the experiments with the essence, I managed the pearls to use constantly, without delay."
        },
        {
            "type": "crafting",
            "recipe": "endreborn:items/item_advanced_ender_pearl"
        }
    ]
}