{
    "name": "World Mirror",
    "icon": "endreborn:item_world_mirror",
    "category": "\n-工具",
    "advancement": "endreborn:endreborn/world_mirror",
    "priority": true,
    "pages": [
        {
            "type": "text",
            "text": "I managed the unthinkable, well, that is, not quite clear yet for me. I somehow created a reflection of my own world, and in the mirror I can see a part of it that seems very familiar to me... So, that mirror allows me to teleport."
        },
        {
            "type": "crafting",
            "recipe": "endreborn:items/item_world_mirror"
        }
    ]
}