{
    "name": "世界之鏡",
    "icon": "endreborn:item_world_mirror",
    "category": "\n-工具",
    "advancement": "endreborn:endreborn/world_mirror",
    "priority": true,
    "pages": [
        {
            "type": "text",
            "text": "我解決了那些不可思議的事情，但是對我來說，依然感到有些迷茫……我似乎創造了一個我原本世界的倒影，在這個鏡像世界裡，我看到了其中我熟悉的部分……"
        },
        {
            "type": "crafting",
            "recipe": "endreborn:items/item_world_mirror"
        }
    ]
}