{
    "name": "Obsidian",
    "icon": "endreborn:item_shard_obsidian",
    "category": "\n-工具",
    "pages": [
        {
            "type": "text",
            "text": "What if I try to use sledgehammer on the hardest block I have - obsidian... Yes, I did it. Maybe I can use it to craft a new armor, hmm...."
        },
        {
            "type": "crafting",
            "recipe": "endreborn:armors/armour_helmet_helmet"
        },
        {
            "type": "crafting",
            "recipe": "endreborn:armors/armour_chestplate_obsidian"
        },
        {
            "type": "crafting",
            "recipe": "endreborn:armors/armour_leggings_obsidian"
        },
        {
            "type": "crafting",
            "recipe": "endreborn:armors/armour_boots_obsidian"
        }
    ]
}