{
    "name": "黑曜石",
    "icon": "endreborn:item_shard_obsidian",
    "category": "tools",
    "pages": [
        {
            "type": "text",
            "text": "如果我要用大錘來採集最堅硬的方塊--黑曜石會怎麼樣呢……對，儘管真的很困難，但我還是這樣做了。我的力氣太小了……我開始羨慕黑曜石的硬度了，唔……"
        },
        {
            "type": "crafting",
            "recipe": "endreborn:armors/armour_helmet_helmet"
        },
        {
            "type": "crafting",
            "recipe": "endreborn:armors/armour_chestplate_obsidian"
        },
        {
            "type": "crafting",
            "recipe": "endreborn:armors/armour_leggings_obsidian"
        },
        {
            "type": "crafting",
            "recipe": "endreborn:armors/armour_boots_obsidian"
        }
    ]
}