{
    "name": "Magnitifus",
    "icon": "endreborn:tool_magnifier",
    "category": "\n-工具",
    "advancement": "endreborn:endreborn/tool_magnifier",
    "priority": true,
    "pages": [
        {
            "type": "text",
            "text": "I have an wolframium, I have an endorium... Well, I just noticed that they interact strangely. It's time to do some experiments. Whats about magnet?"
        },
        {
            "type": "crafting",
            "recipe": "endreborn:tools/tool_magnifier"
        }
    ]
}