{
    "name": "工具",
    "icon": "endreborn:tool_pickaxe_endorium",
    "category": "\n-工具",
    "advancement": "endreborn:endreborn/raw_endorium",
    "pages": [
        {
            "type": "text",
            "text": "New tools are more durable. Maybe I should spend diamonds on something else ..."
        },
        {
            "type": "crafting",
            "recipe": "endreborn:tools/tool_pickaxe_endorium"
        },
        {
            "type": "crafting",
            "recipe": "endreborn:tools/tool_axe_endorium"
        },
        {
            "type": "crafting",
            "recipe": "endreborn:tools/tool_shovel_endorium"
        },
        {
            "type": "crafting",
            "recipe": "endreborn:tools/tool_sword_endorium"
        },
        {
            "type": "crafting",
            "recipe": "endreborn:tools/tool_hoe_endorium"
        }
    ]
}