{
    "name": "鎢",
    "icon": "endreborn:item_ingot_wolframium",
    "category": "\n-工具",
    "advancement": "endreborn:endreborn/item_ingot_wolframium",
    "pages": [
        {
            "type": "text",
            "text": "我走遍世界各地，發現了一塊看起來像鐵礦一樣的新礦石，讓我們來鑑定一下。"
        },
        {
            "type": "crafting",
            "recipe": "endreborn:tools/tool_pickaxe_wolframium"
        },
        {
            "type": "crafting",
            "recipe": "endreborn:tools/tool_axe_wolframium"
        },
        {
            "type": "crafting",
            "recipe": "endreborn:tools/tool_shovel_wolframium"
        },
        {
            "type": "crafting",
            "recipe": "endreborn:tools/tool_sword_wolframium"
        },
        {
            "type": "crafting",
            "recipe": "endreborn:tools/tool_hoe_wolframium"
        }
    ]
}