{
    "name": "Wolframium",
    "icon": "endreborn:item_ingot_wolframium",
    "category": "\n-工具",
    "advancement": "endreborn:endreborn/item_ingot_wolframium",
    "pages": [
        {
            "type": "text",
            "text": "Walking around the world, I discovered a new ore, which looks like iron."
        },
        {
            "type": "crafting",
            "recipe": "endreborn:tools/tool_pickaxe_wolframium"
        },
        {
            "type": "crafting",
            "recipe": "endreborn:tools/tool_axe_wolframium"
        },
        {
            "type": "crafting",
            "recipe": "endreborn:tools/tool_shovel_wolframium"
        },
        {
            "type": "crafting",
            "recipe": "endreborn:tools/tool_sword_wolframium"
        },
        {
            "type": "crafting",
            "recipe": "endreborn:tools/tool_hoe_wolframium"
        }
    ]
}