{
  "name": "End automata core",
  "icon": "advancedperipherals:end_automata_core",
  "category": "advancedperipherals:metaphysics",
  "advancement": "advancedperipherals:weak_automata_core",
  "pages": [
    {
      "type": "spotlight",
      "title": "End automata core",
      "item": "advancedperipherals:end_automata_core",
      "text": "After consuming 10 endermans, weak automata core will be transformed to end automata core!$(p)In addition to be more powerful weak automata core variant, seems, this soul also provide some limited teleportation abilities for turtle itself."
    },
    {
      "type": "link",
      "text": "In additions to weak automata core abilities, this soul also allow limited world-bound teleportation. Seems, you need to store points and then teleport to them!$(p)But be aware, any stored points will be lost after turtle is broken.",
      "url": "https://docs.srendi.de/items/end_automata/",
      "link_text": "API documentation"
    }
  ]
}
