{
  "name": "Overpowered automata core",
  "icon": "advancedperipherals:overpowered_weak_automata_core",
  "category": "advancedperipherals:metaphysics",
  "advancement": "advancedperipherals:weak_automata_core",
  "pages": [
    {
      "type": "spotlight",
      "title": "Overpowered weak automata core",
      "item": "advancedperipherals:overpowered_weak_automata_core",
      "text": "This is you first attempt to bypass rules of metaphysics. Well, not so successful as you hope it would be.$(p)Naive combination of any automata core and nether star lead to some result ..."
    },
    {
      "type": "crafting",
      "recipe": "advancedperipherals:overpowered_weak_automata_core",
      "recipe2": "advancedperipherals:overpowered_end_automata_core"
    },
    {
      "type": "link",
      "text": "Overpowered versions of automata cores doesn't consumes item durability when use it.$(p)But everything come for price. If you try to perform any operation with this core without enough fuel - upgrade will broke immediately.",
      "url": "https://docs.srendi.de/items/overpowered_automata/",
      "link_text": "API documentation"
    }
  ]
}
