{
  "name": "Weak automata core",
  "icon": "advancedperipherals:weak_automata_core",
  "category": "advancedperipherals:metaphysics",
  "pages": [
    {
      "type": "spotlight",
      "title": "Weak automata core",
      "item": "advancedperipherals:weak_automata_core",
      "text": "The Weak Automata core is turtle upgrade, that allow to transform turtle into powerful automata!"
    },
    {
      "type": "crafting",
      "recipe": "advancedperipherals:weak_automata_core"
    },
    {
      "type": "link",
      "text": "It provides several ability for turtles.$(li)Digging block with tool;$(li)Click on block with item or empty hand;$(li)Suck item around, all or specific;$(li)Detect items around;$(li)Detect block or turtle in line of view;$(li)Charge turtle with RF item inside inventory",
      "url": "https://docs.srendi.de/items/weak_automata/",
      "link_text": "API documentation"
    },
    {
      "type": "text",
      "text": "But weak core is only a start of metaphysics research! Empty construct ready to accept soul fragments of mobs. Seems, you need to try to feed different mobs to soul to receive advanced variants.$(li)$(l:metaphysics/end_automata_core)End Automata core$(li)$(l:metaphysics/husbandry_automata_core)Husbandry Automata core"
    }
  ]
}
