{
  "name": "Core of Modularity",
  "category": "indrev:tools",
  "sortnum": 6,
  "icon": "indrev:modular_core",
  "pages": [
    {
      "type": "crafting",
      "recipe": "indrev:shaped/modular_core",
      "text": "The Core of Modularity is the base for every modular tool here. However, it must be activated before being usable. To activate it, you'll need at least one Laser, one Capsule and a lot of stored energy (100M)."
    },
    {
      "type": "crafting",
      "recipe": "indrev:shaped/capsule",
      "text": "密封艙將在啟動過程中保持你的模組化核心。$(br)當它完成時它會發出紅石信號。"
    },
    {
      "type": "crafting",
      "recipe": "indrev:shaped/laser_emitter_mk4",
      "text": "鐳射發射器應放置於面對密封艙與 $(l)剛好三格遠$()的距離。它們能儲存最多2500萬LF，須以紅石信號啟動。"
    },
    {
      "type": "text",
      "text": "This process takes time but it goes faster for each laser emitter active. You must pay attention to these details to avoid problems:$(br)- Pointing the laser emitter to something other than the capsule or and empty capsule will result in explosion.$(br)- If the laser emitters run out of power during the process, all progress will be lost.$(br)- Make sure to turn off your laser emitters before retrieving the activated core."
    }
  ]
}