{
  "name": "模組化裝甲",
  "category": "indrev:tools",
  "sortnum": 4,
  "icon": "indrev:modular_armor_helmet",
  "pages": [
    {
      "type": "text",
      "text": "模組化裝甲它本身什麼都不是，但當你將其安裝上模組，就會變得非常強大！$(br2)顏色模組沒有合成配方，你必須在地牢裡尋獲。"
    },
    {
      "type": "text",
      "text": "模組等級可以以任何您想要的方式配置，參見 $(l)按鍵設定$()以新增「模組化物品配置」的快捷鍵。"
    },
    {
      "type": "crafting",
      "recipe": "indrev:shaped/modular_armor_helmet",
      "recipe2": "indrev:shaped/modular_armor_chest"
    },
    {
      "type": "crafting",
      "recipe": "indrev:shaped/modular_armor_legs",
      "recipe2": "indrev:shaped/modular_armor_boots"
    },
    {
      "type": "crafting",
      "recipe": "indrev:shaped/modular_workbench",
      "text": "模組工作台用於將模組安裝到模組化裝甲上。安裝模組需要時間和一些能量！"
    }
  ]
}