{
  "name": "Modular Armor",
  "category": "indrev:tools",
  "sortnum": 4,
  "icon": "indrev:modular_armor_helmet",
  "pages": [
    {
      "type": "text",
      "text": "The Modular Armor is, on it's own, not much, but when you install modules, it can become very powerful!$(br2)Color modules do not have recipes, you must find them in dungeons."
    },
    {
      "type": "text",
      "text": "Module levels can be configured any way you want, go into the $(l)Controls$() menu and add a keybind to \"Modular item configuration.\""
    },
    {
      "type": "crafting",
      "recipe": "indrev:shaped/modular_armor_helmet",
      "recipe2": "indrev:shaped/modular_armor_chest"
    },
    {
      "type": "crafting",
      "recipe": "indrev:shaped/modular_armor_legs",
      "recipe2": "indrev:shaped/modular_armor_boots"
    },
    {
      "type": "crafting",
      "recipe": "indrev:shaped/modular_workbench",
      "text": "The modular workbench is used to install modules onto Modular Armor parts. Notice that installing modules cost time and some energy!"
    }
  ]
}