{
  "name": "綠叢印記",
  "icon": "bloodmagic:growthsigil",
  "category": "bloodmagic:alchemy_array/sigil",
  "pages": [
    {
      "type": "text",
      "text": "$(item)綠叢印記$()有數次使用次數。在煉金矩陣中依次放入$(item)促生試劑$(item)和$(item)強化石板$()，便可以製作出綠叢印記了。此印記可以使用你$(thing)靈魂網路$()中的 $(blood)LP$() 來促進周圍植物的生長。"
    },
    {
      "type": "crafting_2-step_sigil",
      "alchemy_table.heading": "促生試劑",
      "alchemy_table.recipe": "bloodmagic:alchemytable/reagent_growth",
      "array.heading": "綠叢印記",
      "array.recipe": "bloodmagic:array/growthsigil"
    },
    {
      "type": "image",
      "images": [
        "bloodmagic:images/entries/sigil/grove_sigil1.png",
        "bloodmagic:images/entries/sigil/grove_sigil2.png",
        "bloodmagic:images/entries/sigil/grove_sigil3.png"
      ],
      "title": "綠叢試劑儀式",
      "border": true,
      "text": "這是綠叢印記矩陣，以及它的主要用途。"
    },
    {
      "type": "text",
      "text": "如果你手持印記對著一個 $(2)IGrowable$() 的方塊對象按下[$(k:use)]，它會消耗你 $(blood)150LP$() 並對方塊施加一次骨粉效果。$(br2)然而，如果你是按住 [$(k:sneak)] 並對著空氣按下[$(k:use)]，印記會被點亮，此時意味著它處於啟動狀態，它會每 10 秒消耗 $(blood)150LP$()。它會對以玩家為中心的 7x7x5 空間內的所有方塊施加一個生長刻。喔，種馬鈴薯的時候用上這個，不錯！"
    },
    {
      "type": "text",
      "flag": "mod:curios",
      "text": "As you have the $(thing)Curios API$() installed, you can equip this $(item)Sigil$() as a charm. If you want to wear more curios at once, consider using a $(l:bloodmagic:alchemy_array/sigil/holding)Sigil of Holding$(), or the $(l:bloodmagic:alchemy_array/living_equipment/armor_upgrades/curios_sockets)Socketed Upgrade$() for your $(l:bloodmagic:alchemy_array/living_equipment/living_basics)Living Armour$()."
    }
  ]
}
