{
  "name": "磁引印記",
  "icon": "bloodmagic:sigilofmagnetism",
  "category": "bloodmagic:alchemy_array/sigil",
  "pages": [
    {
      "type": "text",
      "text": "[WIP Notes]$(br)[Not Yet Implemented]$(br2)將地上的物品吸引到持有者周圍來撿取。"
    },
    {
      "type": "crafting_2-step_sigil",
      "alchemy_table.heading": "磁引試劑",
      "alchemy_table.recipe": "bloodmagic:alchemytable/reagent_magnetism",
      "array.heading": "磁引印記",
      "array.recipe": "bloodmagic:array/magnetismsigil"
    },
    {
      "type": "text",
      "flag": "mod:curios",
      "text": "As you have the $(thing)Curios API$() installed, you can equip this $(item)Sigil$() as a charm. If you want to wear more curios at once, consider using a $(l:bloodmagic:alchemy_array/sigil/holding)Sigil of Holding$(), or the $(l:bloodmagic:alchemy_array/living_equipment/armor_upgrades/curios_sockets)Socketed Upgrade$() for your $(l:bloodmagic:alchemy_array/living_equipment/living_basics)Living Armour$()."
    }
  ]
}