{
  "name": "速掘印記",
  "icon": "bloodmagic:miningsigil",
  "category": "bloodmagic:alchemy_array/sigil",
  "pages": [
    {
      "type": "text",
      "text": "你可以按住 [$(k:sneak)] 鍵並按下[$(k:use)]啟動$(item)速掘印記$()，啟動後的印記會每 10 秒消耗 100 $(blood)LP$()，並給予你挖掘加速藥水效果。因而它可以增加你的挖掘以及砍伐速度。將$(item)採掘試劑$()以及$(item)強化石板$()放入煉金矩陣中，即可製成此印記。"
    },
    {
      "type": "crafting_2-step_sigil",
      "alchemy_table.heading": "採掘試劑",
      "alchemy_table.recipe": "bloodmagic:alchemytable/reagent_fastminer",
      "array.heading": "速掘印記",
      "array.recipe": "bloodmagic:array/fastminersigil"
    },
    {
      "type": "image",
      "images": [
        "bloodmagic:images/entries/sigil/mining_sigil1.png",
        "bloodmagic:images/entries/sigil/mining_sigil2.png"
      ],
      "title": "速掘印記矩陣",
      "border": true,
      "text": "速掘印記的合成矩陣，以及它的主要用途。"
    },
    {
      "type": "text",
      "flag": "mod:curios",
      "text": "As you have the $(thing)Curios API$() installed, you can equip this $(item)Sigil$() as a charm. If you want to wear more curios at once, consider using a $(l:bloodmagic:alchemy_array/sigil/holding)Sigil of Holding$(), or the $(l:bloodmagic:alchemy_array/living_equipment/armor_upgrades/curios_sockets)Socketed Upgrade$() for your $(l:bloodmagic:alchemy_array/living_equipment/living_basics)Living Armour$()."
    }
  ]
}
