{
  "name": "弓箭手拋光油",
  "icon": "bloodmagic:bow_velocity_anointment",
  "category": "bloodmagic:alchemy_table/anointments",
  "pages": [
    {
      "type": "crafting_alchemy_table",
      "heading": "弓箭手拋光油",
      "recipe": "bloodmagic:alchemytable/bow_velocity_anointment",
      "text": "將射箭的速度提高50%。這也會按比例增加你的箭造成的傷害。還可以和原版附魔堆疊。$(br2)有效物品：弓、弩。$(br2)適用：狙擊I（256發）"
    },
    {
      "type": "crafting_alchemy_table",
      "heading": "弓箭手拋光油L",
      "recipe": "bloodmagic:alchemytable/bow_velocity_anointment_l",
      "text": "這個升級版的藥水膏持續時間延長了四倍。$(br2)適用：狙擊I(1024發)"
    },
    {
      "type": "crafting_alchemy_table",
      "heading": "弓箭手拋光油II",
      "recipe": "bloodmagic:alchemytable/bow_velocity_anointment_2",
      "text": "這個升級版的藥水膏會令速度提高了100%。$(br2)適用：狙擊II(256發)"
    }
  ]
}