{
  "name": "緩燃之油",
  "icon": "bloodmagic:smelting_anointment",
  "category": "bloodmagic:alchemy_table/anointments",
  "pages": [
    {
      "type": "crafting_alchemy_table",
      "heading": "緩燃之油",
      "recipe": "bloodmagic:alchemytable/smelting_anointment",
      "text": "採掘方塊時燒製方塊。$(br2)有效物品：工具，劍，炸藥。$(br2)施加：高溫工具I（256格方塊）"
    },
    {
      "type": "crafting_alchemy_table",
      "heading": "緩燃之油L",
      "recipe": "bloodmagic:alchemytable/smelting_anointment_l",
      "text": "這個升級版的藥水膏持續時間延長了四倍。 $(br2)適用：加熱工具I(1024格方塊)"
    }
  ]
}