{
    "name": "The Other",
    "icon": "alltheores:ore_other_diamond",
    "category": "allthemodium:dimensions",
    "sortnum": "3",
    "pages": [
        {
            "type": "text",
            "text": "The Other Dimension is a very hostile dimension. it is where all of the Ice and Fire mobs spawn including buffed dragons.It also has Special ores that will drop extra resources compared to the ores in the Overworld or Mining Dimension.To teleport to the dimension use the $(l:dimensions/teleport_pad)Teleport Pad$(/c) in the Nether."
        }
    ]
}