{
    "name": "其他",
    "icon": "alltheores:ore_other_diamond",
    "category": "allthemodium:dimensions",
    "sortnum": "3",
    "pages": [
        {
            "type": "text",
            "text": "其他維度是一個非常敵對的維度。它是所有冰與火生物生成的地方，包括被強化的龍。它還具有特殊的礦石，與主世界或採礦維度中的礦石相比，它們會掉落額外的資源。要傳送到其他維度，請使用在地獄使用$(l:dimensions/teleport_pad)傳送板$(/c)。"
        }
    ]
}