{
    "name": "Teleport Pad",
    "icon": "allthemodium:teleport_pad",
    "category": "allthemodium:dimensions",
    "sortnum": "1",
    "pages": [
        {
            "type": "crafting",
            "recipe": "allthemodium:main/teleport_pad"
        },
        {
            "type": "text",
            "text": "The Teleport Pad is used to teleport to $(l:dimensions/miningdim)The Mining Dimension$(/c), and $(l:dimensions/otherdim)The Other$(/c) you need to shift right click with both an empty hand and off hand.$(br2)As a note, the $(l:dimensions/miningdim)The Mining Dimension$(/c) is disabled in the ATM6: To The Sky pack"
        }
    ]
}