{
  "name": "Tau Fruit",
  "icon": "bloodmagic:weak_tau",
  "category": "bloodmagic:dungeons",
  "pages": [
    {
      "type": "text",
      "text": "Tau Fruit can be found within simple dungeons, after which it can be farmed. Being a native denizen of the $(thing)Demon Realm$(), its lifecycle is unfortunately a tad more complex than that of the humble $(item)Potato$(). $(br2)The Tau Fruit will mature into one of two varieties, depending on the conditions in which it was raised. By default, it will grow into Tau Fruit, which can be converted into Tau Oil."
    },
    {
      "type": "crafting_alchemy_table",
      "heading": "Tau Oil",
      "recipe": "bloodmagic:alchemytable/tau_oil",
      "text": "$(italic)Tastes like a Blood Orange, except different.$()"
    },
    {
      "type": "text",
      "text": "Tau Oil currently has two main uses. It can extend the duration of any $(l:bloodmagic:alchemy_table/anointments)anointment$() by a factor of four, or it can be used to craft $(item)Intermediate Cutting Fluid$(), which functions similarly to $(l:bloodmagic:utility/alchemical_reaction_chamber#basic_cutting_fluid)Basic Cutting Fluid$(), but lasts eight times longer and provides a 25% speed boost."
    },
    {
      "type": "spotlight",
      "item": "bloodmagic:strong_tau",
      "link_recipe": "true",
      "text": "However, Tau Fuit has an alternate, more challenging route of growth. If the plant matures while a $(thing)Mob$() (a cow, for example) is standing nearby, it will leach health from the entity to satiate its dark hungers. In this way, Saturated Tau can be grown."
    }
  ]
}