{
  "name": "Crystallized Will",
  "icon": "bloodmagic:defaultcrystal",
  "category": "bloodmagic:demon_will",
  "extra_recipe_mappings": [
    [
      "bloodmagic:demoncrucible",
      1
    ],
    [
      "bloodmagic:demoncrystallizer",
      4
    ],
    [
      "bloodmagic:rawdemoncrystal",
      4
    ],
    [
      "bloodmagic:defaultcrystal",
      4
    ]
  ],
  "pages": [
    {
      "type": "text",
      "text": "Now that you have plenty of $(l:bloodmagic:demon_will/demon_will)Demon Will$() in your $(l:bloodmagic:demon_will/soul_gem)Tartaric Gem$(), it's time to explore what happens when you unleash it upon the world. $(br)First off, you'll need to create a $(item)Demon Crucible$(), and then fill it with $(l:bloodmagic:demon_will/demon_will)Demon Will$()."
    },
    {
      "type": "crafting_soulforge",
      "heading": "惡魔坩堝",
      "recipe": "bloodmagic:soulforge/demon_crucible",
      "text": "This will burn $(l:bloodmagic:demon_will/demon_will)Demon Will$() and release it into the atmosphere. Put a charged $(l:bloodmagic:demon_will/soul_gem)Tartaric Gem$() or any aspect of $(item)Demon Crystal$() into it and let it run."
    },
    {
      "type": "image",
      "images": [
        "bloodmagic:images/entries/demon_will/demon_crucible.png"
      ],
      "title": "惡魔坩堝",
      "border": true,
      "text": "The $(item)Demon Crucible$(), with a $(l:bloodmagic:demon_will/soul_gem)Tartaric Gem$() inside it."
    },
    {
      "type": "text",
      "text": "Now we have $(raw)Raw Will$() in the atmosphere. Great, now what? $(br2)Some $(l:bloodmagic:rituals/ritual_tinkerer)Rituals$() benefit from $(raw)Raw Will$(), but the main benefit from this is the ability to create $(item)Demon Will Crystals$() and from there, split them into their $(l:bloodmagic:demon_will/aspected_will)Aspects$(). $(br2)Once you have some of these Aspected Will Crystals, you can burn them in the crucible to unleash them into the atmosphere for your rituals to benefit from."
    },
    {
      "type": "crafting_soulforge",
      "heading": "惡魔結晶壇",
      "recipe": "bloodmagic:soulforge/demon_crystallizer",
      "text": "This will slowly consume $(l:bloodmagic:demon_will/demon_will)Demon Will$() from the atmosphere to produce $(item)Will Crystals$(). The first spire costs about 100 will to form, and all subsequent spires cost 40 each, but can be burned for 50 in the $(item)Demon Crucible$(). The largest $(item)Crystal Cluster$() can be up to 7 spires."
    },
    {
      "type": "text",
      "text": "If you have at least 1,000 total Will in your inventory (Across any number of $(l:bloodmagic:demon_will/soul_gem)Tartaric Gems$()), you can harvest these crystals by right-clicking the spire with an empty hand. This will remove all but the central spire. $(br2)However, if you have not got this much will, $(italic)really$() need that central spire, or are just in a hurry, you can harvest the whole lot with a pickaxe."
    },
    {
      "type": "relations",
      "title": "Related Links",
      "entries": [
        "rituals/ritual_tinkerer",
        "rituals/rituals_list/ritual_crystal_split",
        "rituals/rituals_list/ritual_crystal_harvest",
        "demon_will/aspected_will"
      ],
      "text": "There's more I can do, I can feel it..."
    }
  ]
}