{
  "name": "Explosive Charges",
  "icon": "bloodmagic:shaped_charge",
  "category": "bloodmagic:demon_will",
  "extra_recipe_mappings": [
    [
      "bloodmagic:shaped_charge",
      2
    ],
    [
      "bloodmagic:deforester_charge",
      4
    ],
    [
      "bloodmagic:vein_charge",
      6
    ],
    [
      "bloodmagic:fungal_charge",
      8
    ]
  ],
  "pages": [
    {
      "type": "text",
      "text": "Mining and foresting is all well and good for those who refuse to dream big, but what self-respecting sanguimancer would ever stoop to that? $(br2)With this in mind, you have devised some devious little devices. Simply throw them at some pesky trees, rocks, or whatever else you wish to cease to be and wait for them to self-ignite."
    },
    {
      "type": "text",
      "text": "Not only that, you can improve their functionality by $(item)Anointing$() them with certain ingredients and a little $(raw)Will$(), as described after each entry. $(br2)The currently avaliable anointments are as follows: $(li)Fortunate - broken blocks are affected by $(item)Fortune I$(). $(li)Heated Tool - Broken blocks are $(item)Smelted$(). $(li)Soft Touch - Broken blocks are affected by $(item)Silk Touch$()."
    },
    {
      "type": "crafting_soulforge",
      "heading": "聚能炸藥",
      "recipe": "bloodmagic:soulforge/shaped_charge",
      "anchor": "shaped_charge",
      "text": "$(item)聚能炸藥$() 將摧毀一個 5x5x5 的立方體，作用方向為它放置的方塊的那一側，就像用鎬開採一樣掉落所有方塊。 它甚至適用於黑曜石，而且在這樣做的同時提供了最令人滿意的 $(o)KABOOM$()。"
    },
    {
      "type": "3x_crafting_soulforge",
      "a.heading": "好運",
      "a.recipe": "bloodmagic:soulforge/shaped_charge_fortune_1",
      "b.heading": "炙熱工具",
      "b.recipe": "bloodmagic:soulforge/shaped_charge_smelting",
      "c.heading": "柔韌之觸",
      "c.recipe": "bloodmagic:soulforge/shaped_charge_silk_touch"
    },
    {
      "type": "crafting_soulforge",
      "heading": "伐林炸藥",
      "recipe": "bloodmagic:soulforge/deforester_charge",
      "anchor": "deforester_charge",
      "text": "$(item)伐木炸藥$() 用於砍伐樹木。\n它可以放在原木或樹葉上，除非是超大的樹，不然可以一次砍倒整棵，\n可以一次採集$(item)2組$() 原木（並整齊地剝去它在此過程中遇到的任何樹葉！）即使是叢林巨木也會在幾秒鐘內倒下。"
    },
    {
      "type": "3x_crafting_soulforge",
      "a.heading": "好運",
      "a.recipe": "bloodmagic:soulforge/deforester_charge_fortune_1",
      "b.heading": "炙熱工具",
      "b.recipe": "bloodmagic:soulforge/deforester_charge_smelting",
      "c.heading": "柔韌之觸",
      "c.recipe": "bloodmagic:soulforge/deforester_charge_silk_touch"
    },
    {
      "type": "crafting_soulforge",
      "heading": "可控炸藥",
      "recipe": "bloodmagic:soulforge/vein_charge",
      "anchor": "controlled_charge",
      "text": "$(item)可控炸藥$()，只破壞$(underline)與它附著的該種方塊$()。\n從附著點開始，它可以一次挖掘$(item)約三組的方塊$()。\n像其他炸藥一樣，所有被挖掘的方塊將掉落。"
    },
    {
      "type": "3x_crafting_soulforge",
      "a.heading": "好運",
      "a.recipe": "bloodmagic:soulforge/vein_charge_fortune_1",
      "b.heading": "炙熱工具",
      "b.recipe": "bloodmagic:soulforge/vein_charge_smelting",
      "c.heading": "柔韌之觸",
      "c.recipe": "bloodmagic:soulforge/vein_charge_silk_touch"
    },
    {
      "type": "crafting_soulforge",
      "heading": "菌菇炸藥",
      "recipe": "bloodmagic:soulforge/fungal_charge",
      "anchor": "fungal_charge",
      "text": "$(item)菌菇炸藥$() 用於砍伐主世界和地獄的巨型蘑菇。 \n雖說一次爆炸能否達到目的還有待商榷，但它可以破壞約$(item) 三組的方塊$() 。"
    },
    {
      "type": "3x_crafting_soulforge",
      "a.heading": "好運",
      "a.recipe": "bloodmagic:soulforge/fungal_charge_fortune_1",
      "b.heading": "炙熱工具",
      "b.recipe": "bloodmagic:soulforge/fungal_charge_smelting",
      "c.heading": "柔韌之觸",
      "c.recipe": "bloodmagic:soulforge/fungal_charge_silk_touch"
    }
  ]
}
