{
  "name": "感知工具",
  "icon": "bloodmagic:soulpickaxe",
  "category": "bloodmagic:demon_will",
  "extra_recipe_mappings": [
    [
      "bloodmagic:soulpickaxe",
      1
    ],
    [
      "bloodmagic:soulscythe",
      3
    ],
    [
      "bloodmagic:soulaxe",
      5
    ],
    [
      "bloodmagic:soulshovel",
      7
    ]
  ],
  "pages": [
    {
      "type": "text",
      "text": "　你看到了$(l:bloodmagic:demon_will/sentient_sword)感知之劍$()那強大的力量；此時，你不禁好奇說：其他工具如果也能跟感知之劍一樣結合惡魔意志，那效果會如何？$(br2)　還有記得，所有的工具跟$(l:bloodmagic:demon_will/sentient_sword)感知之劍$()一樣，都是可在鐵砧中用$(l:bloodmagic:demon_will/crystallized_will)惡魔意志晶體$()去修復的。"
    },
    {
      "type": "crafting_soulforge",
      "heading": "感知之鎬",
      "recipe": "bloodmagic:soulforge/sentientpickaxe",
      "text": "　這把鎬子經過惡魔意志強化，挖石頭可謂是不費吹灰之力；但若少了強化，它只不過比它的原料$(item)鐵鎬$()強一點罷了。經過$(l:bloodmagic:demon_will/soul_gem)地獄魂石$()的完全強化，你甚至能看到它的效率比$(item)獄髓鎬$()還厲害。"
    },
    {
      "type": "text",
      "text": "The $(item)Sentient Scythe$() is a slightly different tool to its iron counterpart. Infusing it with will has transmuted it into a fearsone weapon. While slow and not as powerful as the other weapons, its great swings will damage all enemies in its range, making it an excellent choice for crowd control."
    },
    {
      "type": "crafting_soulforge",
      "heading": "感知之鐮",
      "recipe": "bloodmagic:soulforge/sentientscythe",
      "text": "As with the pickaxe, with no Will to power your scythe, it is comparatively blunt and unwieldy; However, with a full enough $(l:bloodmagic:demon_will/soul_gem)Tartaric Gem$(), you forsee it becoming a devestating tool. $(br)Did we mention that it still functions as a hoe?"
    },
    {
      "type": "text",
      "text": "Much like the $(item)Sentient Pickaxe$(), the $(item)Sentient Axe$() is a noticable improvement over its Iron counterpart. Additionally, it gets a noticable buff in its damage output, making it a fearsome weapon for those who don't mind its unwieldy nature."
    },
    {
      "type": "crafting_soulforge",
      "heading": "感知之斧",
      "recipe": "bloodmagic:soulforge/sentientaxe",
      "text": "As with the pickaxe, with no Will to power your axe, it is only slightly better than the $(item)Iron Axe$() it was crafted from; However, with a full enough $(l:bloodmagic:demon_will/soul_gem)Tartaric Gem$(), you forsee it surpassing even a $(item)Netherite Axe$()."
    },
    {
      "type": "text",
      "text": "Much like the $(item)Sentient Pickaxe$(), the $(item)Sentient Shovel$() is a noticable improvement over its Iron counterpart, even without additional $(l:bloodmagic:demon_will/demon_will)Demon Will$() to power it."
    },
    {
      "type": "crafting_soulforge",
      "heading": "感知之鏟",
      "recipe": "bloodmagic:soulforge/sentientshovel",
      "text": "As with the pickaxe, with no Will to power your shovel, it is only slightly better than the $(item)Iron shovel$() it was crafted from; However, with a full enough $(l:bloodmagic:demon_will/soul_gem)Tartaric Gem$(), you forsee it surpassing even a $(item)Netherite Shovel$()."
    }
  ]
}