{
  "name": "感知工具",
  "icon": "bloodmagic:soulpickaxe",
  "category": "bloodmagic:demon_will",
  "extra_recipe_mappings": [
    [
      "bloodmagic:soulpickaxe",
      1
    ],
    [
      "bloodmagic:soulscythe",
      3
    ],
    [
      "bloodmagic:soulaxe",
      5
    ],
    [
      "bloodmagic:soulshovel",
      7
    ]
  ],
  "pages": [
    {
      "type": "text",
      "text": "　你看到了$(l:bloodmagic:demon_will/sentient_sword)感知之劍$()那強大的力量；此時，你不禁好奇說：其他工具如果也能跟感知之劍一樣結合惡魔意志，那效果會如何？$(br2)　還有記得，所有的工具跟$(l:bloodmagic:demon_will/sentient_sword)感知之劍$()一樣，都是可在鐵砧中用$(l:bloodmagic:demon_will/crystallized_will)惡魔意志晶體$()去修復的。"
    },
    {
      "type": "crafting_soulforge",
      "heading": "感知之鎬",
      "recipe": "bloodmagic:soulforge/sentientpickaxe",
      "text": "　這把鎬子經過惡魔意志強化，挖石頭可謂是不費吹灰之力；但若少了強化，它只不過比它的原料$(item)鐵鎬$()強一點罷了。經過$(l:bloodmagic:demon_will/soul_gem)地獄魂石$()的完全強化，你甚至能看到它的效率比$(item)獄髓鎬$()還厲害。"
    },
    {
      "type": "text",
      "text": "　$(item)感知之鐮$()跟它的原料鐵鋤的功用有點不同，惡魔意志的注入使它成為了一把令人聞風散膽的武器；儘管他不像其他武器般的強力又快速，但它巨大的鐮刀將會橫掃範圍內的所有敵人；就是這點使得它成為了把優秀的控場武器。"
    },
    {
      "type": "crafting_soulforge",
      "heading": "感知之鐮",
      "recipe": "bloodmagic:soulforge/sentientscythe",
      "text": "　如同鎬子一樣，少了惡魔意志來強化你的鐮刀，它相較之下使用起來就粗鈍窄小了些；但透過$(l:bloodmagic:demon_will/soul_gem)地獄魂石$()的完全強化，你能預見它將會成為一把破壞性的武器。$(br)　嘿，我們是不是沒提到說它還能像把鋤頭一樣？"
    },
    {
      "type": "text",
      "text": "　與$(item)感知之鎬$()相像，$(item)感知之斧$()跟原料鐵斧相比有了顯著的提升；此外，它的輸出傷害也獲得了巨大的提升。對於那些不在意它窄小攻擊範圍的人，成為了令人畏懼的武器。"
    },
    {
      "type": "crafting_soulforge",
      "heading": "感知之斧",
      "recipe": "bloodmagic:soulforge/sentientaxe",
      "text": "　如同鎬子一樣，少了惡魔意志來強化你的斧頭，它只不過比它的原料$(item)鐵斧$()強一點罷了。但經過$(l:bloodmagic:demon_will/soul_gem)地獄魂石$()的完全強化，你甚至能看到它的能力比$(item)獄髓斧$()還厲害。"
    },
    {
      "type": "text",
      "text": "　與$(item)感知之鎬$()相像，$(item)感知之鏟$()跟原料鐵鏟相比有了顯著的提升，更不用說你還能用$(l:bloodmagic:demon_will/demon_will)惡魔意志$()去強化它了。"
    },
    {
      "type": "crafting_soulforge",
      "heading": "感知之鏟",
      "recipe": "bloodmagic:soulforge/sentientshovel",
      "text": "　如同鎬子一樣，少了惡魔意志來強化你的鏟子，它只不過比它的原料$(item)鐵鏟$()強一點罷了。但經過$(l:bloodmagic:demon_will/soul_gem)地獄魂石$()的完全強化，你甚至能看到它的能力比$(item)獄髓鏟$()還厲害。"
    }
  ]
}