{
  "name": "投擲匕首",
  "icon": "bloodmagic:throwing_dagger",
  "category": "bloodmagic:demon_will",
  "extra_recipe_mappings": [
    [
      "bloodmagic:throwing_dagger",
      1
    ],
    [
      "bloodmagic:throwing_dagger_syringe",
      2
    ],
    [
      "bloodmagic:slate_ampoule",
      3
    ]
  ],
  "pages": [
    {
      "type": "text",
      "text": "$(item)Bows$() and $(item)Crossbows$() are fine enough in their way, but sifting through $(item)Gravel$() for $(item)Flint$() and murdering chickens for their $(item)Feathers$() is, frankly, beneath you. These shiny (and extremely sharp) $(item)Throwing Daggers$() also have some quite devious effects, if you do say so yourself."
    },
    {
      "type": "crafting_soulforge",
      "heading": "鐵製投擲匕首",
      "recipe": "bloodmagic:soulforge/throwing_dagger",
      "anchor": "iron_throwing_dagger",
      "text": "The $(item)Iron Throwing Dagger$() is a fast-hitting attack, dealing 10 damage with a decent cooldown. Not only that, but if you have some $(l:bloodmagic:demon_will/demon_will)Demon Will$() on you (be it in its raw form, or stored within a $(l:bloodmagic:demon_will/soul_gem)Tartaric Gem$(), it will drop $(raw)Will$() as a $(l:bloodmagic:demon_will/sentient_sword)Sentient Sword$() would."
    },
    {
      "type": "crafting_soulforge",
      "heading": "抽血投擲匕首",
      "recipe": "bloodmagic:soulforge/throwing_dagger_syringe",
      "anchor": "syringe_throwing_dagger",
      "text": "The $(item)Syringe Throwing Dagger$() is for the Sanguimancer more interested of the acquisition of $(blood)Blood$() than $(raw)Will$(). While it deals slightly less damage, it is noticeably cheaper, and enemies killed by this weapon have a chance of dropping a $(item)Slate Ampoule$() - or more, if they're hearty enough."
    },
    {
      "type": "spotlight",
      "item": "bloodmagic:slate_ampoule",
      "title": "石志安瓿",
      "text": "These delightful little vials can be crushed when near a $(l:bloodmagic:altar/blood_altar)Blood Altar$() in order to transfer $(blood)500 LP$() into it, destroying the $(item)Ampoule$() in the process. These gains are unaffected by any $(item)Runes$() you may have."
    }
  ]
}
