{
    "name": "捕捉",
    "icon": "minecraft:enchanted_book",
    "category": "apotheosis:spawner/spawner",
    "flag": "apotheosis:spawner",
    "sortnum": 2,
    "pages": [
        {
            "type": "patchouli:text",
            "text": "生怪磚可以使用$(9)生怪蛋$()來改變他們的實體。$(p)生怪蛋通常是無法獲得的。為了解決這個問題，神化為劍添加了$(9)捕捉$()附魔。"
        },
        {
            "type": "patchouli:spotlight",
            "item": "minecraft:cow_spawn_egg",
            "title": "生怪蛋",
            "text": "$(9)捕捉$()附魔每個等級都有 0.4% 的機率讓實體在死亡時掉落生怪蛋。$(p)沒有生怪蛋物品的實體（如 JEI 中所示）不能掉落。"
        }
    ]
}