{
  "name": "血光印記",
  "icon": "bloodmagic:bloodlightsigil",
  "category": "bloodmagic:alchemy_array/sigil",
  "extra_recipe_mappings": [
    [
      "bloodmagic:reagentbloodlight",
      1
    ],
    [
      "bloodmagic:bloodlightsigil",
      1
    ]
  ],
  "pages": [
    {
      "type": "text",
      "text": "The $(item)Sigil of the Blood Lamp$() is a handy tool for any miner, dungeon delver, or simply any Blood Mage that doesn't like dark patches and feels that torches and glowstone blocks get in the way. When used, this sigil launches a Blood Light in the direction you are facing. When it hits a block, it spawns a nearly-invisible light source at a cost of 10LP."
    },
    {
      "type": "crafting_2-step_sigil",
      "alchemy_table.heading": "血光試劑",
      "alchemy_table.recipe": "bloodmagic:alchemytable/reagent_blood_light",
      "array.heading": "血光印記",
      "array.recipe": "bloodmagic:array/bloodlightsigil",
      "array.text": "$(italic)I see a light!"
    }
  ]
}