{
  "name": "占卜印記",
  "icon": "血魔法：占卜印記",
  "category": "bloodmagic:alchemy_array/sigil",
  "extra_recipe_mappings": [
    [
      "血魔法：占卜印記",
      1
    ]
  ],
  "pages": [
    {
      "type": "text",
      "text": "The $(item)Divination Sigil$() is probably the first of many sigils that you would like to craft in Blood Magic. In order to craft the sigil, you need to create an $(l:bloodmagic:alchemy_array/functional_arrays/arcane_ash)Alchemy Array$(/l) and use $(item)Redstone Dust$() and a $(item)Blank Slate$() as the base and catalyst items, respectively."
    },
    {
      "type": "crafting_array",
      "heading": "占卜印記",
      "recipe": "bloodmagic:array/divinationsigil",
      "text": " $(italic)Peer into the soul."
    },
    {
      "type": "image",
      "images": [
        "bloodmagic:images/entries/sigil/divination_sigil.png"
      ],
      "title": "Divination Sigil Array",
      "border": true,
      "text": "The Divination Sigil, next to its crafting array."
    },
    {
      "type": "text",
      "text": "The Divination Sigil has two primary uses: $(br)$(li)When the player right-clicks in the air with the sigil, it will display the amount of LP that is in the owner's $(l:bloodmagic:altar/soul_network)Soul Network.$(/l)$(li)When clicking on a $(l:bloodmagic:altar/blood_altar)Blood Altar$(/l), it will tell the player the altar's current Tier, the amount of LP stored in the altar, as well as its current max capacity. Having a $(item)Divination Sigil$() on hand can also be helpful for other block applications, but that will be covered later."
    }
  ]
}