{
  "name": "占卜印記",
  "icon": "bloodmagic:divinationsigil",
  "category": "bloodmagic:alchemy_array/sigil",
  "extra_recipe_mappings": [
    [
      "bloodmagic:divinationsigil",
      1
    ]
  ],
  "pages": [
    {
      "type": "text",
      "text": "$(item)占卜印記$() 可能是你想在血魔法中製作的眾多印記裡的第一個。\n為了製作印記，您需要創建一個 $(l:bloodmagic:alchemy_array/functional_arrays/arcane_ash)鍊金矩陣$(/l) 並使用 $(item)紅石粉$() 和 $(item)空白石板$() 分別作為基底和催化劑。"
    },
    {
      "type": "crafting_array",
      "heading": "占卜印記",
      "recipe": "bloodmagic:array/divinationsigil",
      "text": " $(italic)窺視靈魂。"
    },
    {
      "type": "image",
      "images": [
        "bloodmagic:images/entries/sigil/divination_sigil.png"
      ],
      "title": "占卜印記矩陣",
      "border": true,
      "text": "占卜印記，旁邊是它的鍊成陣"
    },
    {
      "type": "text",
      "text": "占卜印記有兩個主要用途：$(br)$(li)當玩家用印記在空中右擊時，它將顯示所有者$(l:bloodmagic:altar/soul_network)靈魂網絡中的LP數量。$(/l)$(li)點擊$(l:bloodmagic:altar/blood_altar)血之祭壇$(/l)時，會告訴玩家該祭壇目前等級，在祭壇中儲存的LP數量，以及它目前的最大容量。\n手上有個 $(item)占卜印記$() 在其他套用上也很有幫助，但這將在後面介紹。"
    },
    {
      "type": "image",
      "images": [
        "bloodmagic:images/entries/sigil/divination_sigil_info.png"
      ],
      "title": "Divination's Sigil Display",
      "border": true,
      "text": "The Divination Sigil displays this HUD when you are looking at a Blood Altar."
    }
  ]
}
