{
  "name": "綠叢印記",
  "icon": "bloodmagic:growthsigil",
  "category": "bloodmagic:alchemy_array/sigil",
  "extra_recipe_mappings": [
    [
      "bloodmagic:reagentgrowth",
      1
    ],
    [
      "bloodmagic:growthsigil",
      1
    ]
  ],
  "pages": [
    {
      "type": "text",
      "text": "$(item)綠叢印記$() 是一個有多種用途的物品。 \n用 $(item)促生試劑$(item)和$(item)強化石板$()製作的印記可以利用你\n儲存的生命力來滋養與生長附近的植物。"
    },
    {
      "type": "crafting_2-step_sigil",
      "alchemy_table.heading": "促生試劑",
      "alchemy_table.recipe": "bloodmagic:alchemytable/reagent_growth",
      "array.heading": "綠叢印記",
      "array.recipe": "bloodmagic:array/growthsigil"
    },
    {
      "type": "image",
      "images": [
        "bloodmagic:images/entries/sigil/grove_sigil1.png",
        "bloodmagic:images/entries/sigil/grove_sigil2.png",
        "bloodmagic:images/entries/sigil/grove_sigil3.png"
      ],
      "title": "綠叢印記矩陣",
      "border": true,
      "text": "綠叢印記與它的用途"
    },
    {
      "type": "text",
      "text": "If you right click on a block that is $(2)IGrowable$(), it will apply the bonemeal effect while consuming 150LP.$(br2)However, if you shift-right-click the sigil in the air, the sigil will light up to indicate that it is activated, and will consume 150LP every 10 seconds. Every block in a 7x7x5 high volume centered on the player will have a growth tick applied to it. Good for farming those taters!"
    }
  ]
}