{
  "name": "集持印記",
  "icon": "bloodmagic:sigilofholding",
  "category": "bloodmagic:alchemy_array/sigil",
  "extra_recipe_mappings": [
    [
      "bloodmagic:reagentholding",
      1
    ],
    [
      "bloodmagic:sigilofholding",
      1
    ]
  ],
  "pages": [
    {
      "type": "text",
      "text": "[Needs content pass from Wrince or WayofTime]$(br2)Press \"$(k:bloodmagic.keybind.open_holding)\" while holding the sigil to open its inventory.$()$(br)Press \"$(k:bloodmagic.keybind.cycle_holding_pos)\" to cycle forward,$() or \"$(k:bloodmagic.keybind.cycle_holding_neg)\" to cycle backwards.$() Sneaking and using your mousewheel also works.$(br2)If you don't see any keybinds there, then you don't have any set yet."
    },
    {
      "type": "crafting_2-step_sigil",
      "alchemy_table.heading": "集持試劑",
      "alchemy_table.recipe": "bloodmagic:alchemytable/reagent_holding",
      "array.heading": "集持印記",
      "array.recipe": "bloodmagic:array/holdingsigil",
      "array.text": "$(italic)Sigil-ception"
    }
  ]
}