{
  "name": "熔岩印記",
  "icon": "bloodmagic:lavasigil",
  "category": "bloodmagic:alchemy_array/sigil",
  "extra_recipe_mappings": [
    [
      "bloodmagic:reagentlava",
      1
    ],
    [
      "bloodmagic:lavasigil",
      1
    ]
  ],
  "pages": [
    {
      "type": "text",
      "text": "The sister sigil to the $(l:bloodmagic:alchemy_array/sigil/water)Water Sigil,$(/l) the $(item)Lava Sigil$() creates a source block of lava where you click on the ground for the cost of 1000LP. Crafted in an $(l:bloodmagic:alchemy_array/functional_arrays/arcane_ash)Alchemy Array$(/l) using a $(item)Lava Reagent$() and a $(item)Blank Slate,$() it'll drain 5 hearts from you if you don't have enough LP in your $(l:bloodmagic:altar/soul_network)Soul Network.$(/l)"
    },
    {
      "type": "crafting_2-step_sigil",
      "alchemy_table.heading": "熔岩試劑",
      "alchemy_table.recipe": "bloodmagic:alchemytable/reagent_lava",
      "array.heading": "熔岩印記",
      "array.recipe": "bloodmagic:array/lavasigil",
      "array.text": "$(italic)燙！禁止食用！"
    },
    {
      "type": "image",
      "images": [
        "bloodmagic:images/entries/sigil/lava_sigil1.png",
        "bloodmagic:images/entries/sigil/lava_sigil2.png"
      ],
      "title": "熔岩印記矩陣",
      "border": true,
      "text": "熔岩印記與它的矩陣，以及使用方式。"
    }
  ]
}