{
  "name": "熔岩印記",
  "icon": "bloodmagic:lavasigil",
  "category": "bloodmagic:alchemy_array/sigil",
  "extra_recipe_mappings": [
    [
      "bloodmagic:reagentlava",
      1
    ],
    [
      "bloodmagic:lavasigil",
      1
    ]
  ],
  "pages": [
    {
      "type": "text",
      "text": "$(l:bloodmagic:alchemy_array/sigil/water)水之印記的好姊妹，$(/l)你可以使用 $(item)熔岩印記$()點擊地面消耗1000LP創造一個熔岩。\n在$(l:bloodmagic:alchemy_array/functional_arrays/arcane_ash)鍊金矩陣$(/l) 中，使用 $(item)熔岩試劑$() 和 $(item)空白石板$()製作\n如果你的$(l:bloodmagic:altar/soul_network)靈魂網路$(/l) 中沒有足夠的 LP，它會從你身上吸取 5 顆心"
    },
    {
      "type": "crafting_2-step_sigil",
      "alchemy_table.heading": "熔岩試劑",
      "alchemy_table.recipe": "bloodmagic:alchemytable/reagent_lava",
      "array.heading": "熔岩印記",
      "array.recipe": "bloodmagic:array/lavasigil",
      "array.text": "$(italic)燙！禁止食用！"
    },
    {
      "type": "image",
      "images": [
        "bloodmagic:images/entries/sigil/lava_sigil1.png",
        "bloodmagic:images/entries/sigil/lava_sigil2.png"
      ],
      "title": "熔岩印記矩陣",
      "border": true,
      "text": "熔岩印記與它的矩陣，以及使用方式。"
    },
    {
      "type": "crafting_alchemy_table",
      "heading": "Lava Bucket",
      "recipe": "bloodmagic:alchemytable/sigil_lava_bucket",
      "text": "What's more, it can be used in the $(l:bloodmagic:alchemy_table/alchemy_table)Alchemy Table$() to automate the production of $(fire)Lava Buckets$(). The Sigil is not consumed in this recipe."
    }
  ]
}
