{
  "name": "磁引印記",
  "icon": "bloodmagic:sigilofmagnetism",
  "category": "bloodmagic:alchemy_array/sigil",
  "extra_recipe_mappings": [
    [
      "bloodmagic:reagentmagnetism",
      1
    ],
    [
      "bloodmagic:sigilofmagnetism",
      1
    ]
  ],
  "pages": [
    {
      "type": "text",
      "text": "[WIP Notes]$(br)[Not Yet Implemented]$(br2)Attacts items in the world towards the holder for pickup."
    },
    {
      "type": "crafting_2-step_sigil",
      "alchemy_table.heading": "磁引試劑",
      "alchemy_table.recipe": "bloodmagic:alchemytable/reagent_magnetism",
      "array.heading": "磁引印記",
      "array.recipe": "bloodmagic:array/magnetismsigil"
    }
  ]
}