{
  "name": "見解印記",
  "icon": "bloodmagic:seersigil",
  "category": "bloodmagic:alchemy_array/sigil",
  "extra_recipe_mappings": [
    [
      "bloodmagic:reagentsight",
      2
    ],
    [
      "bloodmagic:seersigil",
      2
    ]
  ],
  "pages": [
    {
      "type": "text",
      "text": "The $(item)Seer's Sigil$() is a more advanced form of the $(l:bloodmagic:alchemy_array/sigil/divination)Divination Sigil$().  Alongside showing the amount of LP in the bound player's $(l:bloodmagic:altar/soul_network)Soul Network$(/l), it also shows more information when looking at a $(l:bloodmagic:altar/blood_altar)Blood Altar$(/l)."
    },
    {
      "type": "crafting_2-step_sigil",
      "alchemy_table.heading": "視覺試劑",
      "alchemy_table.recipe": "bloodmagic:alchemytable/reagent_sight",
      "array.heading": "見解印記",
      "array.recipe": "bloodmagic:array/seersigil",
      "array.text": "$(italic)When seeing all is not enough"
    },
    {
      "type": "text",
      "text": "From top to bottom, we have: $(li)The current Tier of the $(l:bloodmagic:altar/blood_altar)Blood Altar$(/l). $(li)The amount of blood currently inside the Altar, and the current total capacity of the Altar. (This defaults to 10,000mb, but may be increased with $(l:bloodmagic:altar/blood_rune/capacity_rune)Runes of Capacity$() and $(l:bloodmagic:altar/blood_rune/aug_capacity_rune)Runes of Augmented Capacity.$() $(li)The current crafting progress, if any. $(li)LP Consumption/Tick - how much LP the Altar will use per tick when crafting. $(li) Current LP Storage of any $(l:bloodmagic:altar/blood_rune/charging_rune)Charging Runes$() you may have."
    },
    {
      "type": "image",
      "images": [
        "bloodmagic:images/entries/sigil/seer_sigil_info.png"
      ],
      "title": "Seer's Sigil Display",
      "border": true,
      "text": "The Seer's Sigil's displays this HUD when you are looking at a blood Altar."
    }
  ]
}