{
  "name": "虛空印記",
  "icon": "bloodmagic:voidsigil",
  "category": "bloodmagic:alchemy_array/sigil",
  "extra_recipe_mappings": [
    [
      "bloodmagic:reagentvoid",
      1
    ],
    [
      "bloodmagic:voidsigil",
      1
    ]
  ],
  "pages": [
    {
      "type": "text",
      "text": "The $(item)Void sigil$(), when right-clicked on any fluid, will destroy it at a cost of 50LP per block. Good for clearing out irksome lava flows without all that tedious placing and breaking of individual blocks."
    },
    {
      "type": "crafting_2-step_sigil",
      "alchemy_table.heading": "虛空試劑",
      "alchemy_table.recipe": "bloodmagic:alchemytable/reagent_void",
      "array.heading": "虛空印記",
      "array.recipe": "bloodmagic:array/voidsigil",
      "array.text": "$(italic)勝過速易潔®!"
    }
  ]
}