{
  "name": "水之印記",
  "icon": "bloodmagic:watersigil",
  "category": "bloodmagic:alchemy_array/sigil",
  "extra_recipe_mappings": [
    [
      "bloodmagic:reagentwater",
      1
    ],
    [
      "bloodmagic:watersigil",
      1
    ]
  ],
  "pages": [
    {
      "type": "text",
      "text": "$(item)水之印記$() 是一種相當單純的印記。\n在方塊上按右鍵， 你可以從 $(l:bloodmagic:altar/soul_network)靈魂網路$(/l) 中消耗100LP來放置水源。\n如果 LP不足， 它將消耗你的生命值。 使用$(item)水之試劑$() 和 $(item)空白石板$()製造。"
    },
    {
      "type": "crafting_2-step_sigil",
      "alchemy_table.heading": "水之試劑",
      "alchemy_table.recipe": "bloodmagic:alchemytable/reagent_water",
      "array.heading": "水之印記",
      "array.recipe": "bloodmagic:array/watersigil",
      "array.text": "$(italic)無限水源？"
    },
    {
      "type": "image",
      "images": [
        "bloodmagic:images/entries/sigil/water_sigil1.png",
        "bloodmagic:images/entries/sigil/water_sigil2.png"
      ],
      "title": "水之印記矩陣",
      "border": true,
      "text": "水之印記，旁邊是它的鍊金矩陣，加上它的主要用途。"
    }
  ]
}