{
   "name": "SlashEdge-Loneliness-",
   "icon": "flammpfeil.slashblade:slashbladenamed{ModelName: \"named/namedblade/model\",TextureName: \"named/namedblade/texture_normal\"}",
   "category": "category_3",
   "pages": [
      {
         "type": "text",
         "text": "There used to be a warrior who lost his deepest loved person. He wielded his last beloved Blade, and embarked on the road of revenge and returning home.$(br2)He battled until death, but his spirit refused to get purified.$(br2)The Blade he wielded was called Slash Edge, which means the Blade of Slashing."
      },
      {
         "type": "text",
         "text": "He battled alone, only himself, so-called $(o)loneliness$(). His spirit is still wielding his Blade, longing to get home..."
      },
      {
         "type": "crafting",
         "recipe": "lastsmith:flammpfeil.slashblade.named.kogawa_normal",
         "recipe2": "lastsmith:flammpfeil.slashblade.named.kogawa_rare"
      },
      {
         "type": "crafting",
         "recipe": "lastsmith:flammpfeil.slashblade.named.kogawa_super"
      }
   ],
   "advancement": "lastsmith:slashblade_white",
   "sortnum": 7
}
