{
   "name": "千鶴「村正」",
   "icon": "flammpfeil.slashblade:slashbladenamed{ModelName: \"named/muramasa/muramasa\",TextureName: \"named/muramasa/muramasa\"}",
   "category": "category_3",
   "pages": [
      {
         "type": "text",
         "text": "冠以村正之名的刀，出自村正家的一名刀匠之手。$(br)和那振不存在的妖刀一樣都是村正銘，但是卻並非出自同一刀匠之手，自然也不是同一振刀。$(br2)當年，村正家是人類刀匠的一大名家，甚至是我們這些妖怪刀匠的老師之一。"
      },
      {
         "type": "crafting",
         "recipe": "flammpfeil.slashblade:muramasa"
      }
   ],
   "advancement": "lastsmith:slashblade_white",
   "sortnum": 2
}
