{
   "name": "「風來之刃」",
   "icon": "flammpfeil.slashblade:slashbladenamed{ModelName: \"named/wanderer/wanderer\",TextureName: \"named/wanderer/wanderer\"}",
   "category": "category_3",
   "pages": [
      {
         "type": "text",
         "text": "曾經有一名浪人，在世界各處流浪冒險。$(br)其奔赴沙漠之時所攜帶著的那振刀，被人所目擊到出鞘的一瞬。$(br2)極其鋒利的刃與電光的閃耀，使人印象深刻，便被輕率的模仿……$(br2)仍在冒險的人與刃，不知現在何處……"
      },
      {
         "type": "crafting",
         "recipe": "flammpfeil.slashblade:flammpfeil.slashblade.named.wanderer",
         "recipe2": "flammpfeil.slashblade:flammpfeil.slashblade.named.wanderer.rfblade"
      }
   ],
   "advancement": "lastsmith:slashblade_white",
   "flag": "mod:slashblade_addon",
   "sortnum": 11
}
