{
   "name": "自鍛刀「永貞」",
   "icon": "flammpfeil.slashblade:slashbladenamed{ModelName: \"named/agito\",TextureName: \"named/a_tukumo\"}",
   "category": "category_3",
   "pages": [
      {
         "type": "text",
         "text": "我第一次自己認真設計的刀，命名為「永貞」。$(br2)我個人認為很適合新手模仿學習，不過因為不是傳統的日本刀所以也不算太值得學習的作品。"
      },
      {
         "type": "crafting",
         "recipe": "flammpfeil.slashblade:tukumo"
      }
   ],
   "advancement": "lastsmith:slashblade_white",
   "sortnum": 4
}
