{
   "name": "「蒼梅」",
   "icon": "flammpfeil.slashblade:slashbladenamed{ModelName: \"wa/model\",TextureName: \"wa/template\"}",
   "category": "category_3",
   "pages": [
      {
         "type": "text",
         "text": "這是我剛開始學習鍛刀時的一個作業。$(br2)事實上，「蒼梅」的真品是村正家一個中等水平的刀。被存放在某處供人參觀。$(br2)現在蒼梅拵被賜予那些新刀匠第一振獨立打造出來的作品，通常也是學徒的結業作。"
      },
      {
         "type": "crafting",
         "recipe": "flammpfeil.slashblade:SlashBladeTemplate.blue"
      }
   ],
   "advancement": "lastsmith:slashblade_white",
   "flag": "mod:slashblade_addon",
   "sortnum": 9
}
