{
   "name": "「劍聖之刃」",
   "icon": "flammpfeil.slashblade:slashbladenamed{ModelName: \"named/blademaster/blademaster\",TextureName: \"named/blademaster/greenmist\"}",
   "category": "category_3",
   "pages": [
      {
         "type": "text",
         "text": "在葦原國之外有一名略有名氣的武者，自稱為劍聖。$(br2)其留下的三振刀，一曰：聖幸刀「綠乃霧」、二曰：侍月刀「炎水薄斬」，三曰：月光櫻「吹雪一閃」。$(br2)然而，不過是稍有靈性的刀刃罷了……"
      },
      {
         "type": "crafting",
         "recipe": "flammpfeil.slashblade:flammpfeil.slashblade.named.blademaster.greenmist"
      },
      {
         "type": "crafting",
         "recipe": "flammpfeil.slashblade:flammpfeil.slashblade.named.blademaster.aquablaze"
      },
      {
         "type": "crafting",
         "recipe": "flammpfeil.slashblade:flammpfeil.slashblade.named.blademaster.moonlightcherry"
      }
   ],
   "advancement": "lastsmith:slashblade_white",
   "flag": "mod:slashblade_addon",
   "sortnum": 16
}
