{
   "name": "「山櫻」之名的偽物",
   "icon": "flammpfeil.slashblade:slashbladenamed{ModelName: \"named/yamazakura/model_fake\",TextureName: \"named/yamazakura/yamazakura_yayoi_sakura\"}",
   "category": "category_3",
   "pages": [
      {
         "type": "text",
         "text": "葦原國地區，曾有一山櫻樹在一無名村莊內。$(br2)太陰曆，第二輪迴，月與夏與木之年，天降隕石直擊了村莊，除了那顆山櫻之外沒有倖存的生靈。$(br2)第二年，一批人發現了山櫻的神蹟，並在周邊重新建立起村莊，名曰「山櫻村」"
      },
      {
         "type": "text",
         "text": "在盜國之戰前，為了葦原國的存亡，葦原僅存會鍛造鋼刃的刀匠聚集於一起，花費一年聯合打造了十二振上品的鋼刀。$(br2)過程是慘烈的：不僅有在鍛造成功之後被忍者殺害的，更有為了增強刀的力量不惜以刀自刎使刀刃染上妖氣的。$(br2)然而事故發生了……"
      },
      {
         "type": "text",
         "text": "沾染的妖氣過於濃厚，召喚出了被消滅的邪魔併吞噬了所有的成品。$(br2)葦原的武者用手中僅有的武器，犧牲了太多的人才擊敗它……$(br2)我們現在能找到的，是十二刃之中的九刃的仿製品。$(br)這些仿製品，來自於前內府統治地區，但只能算得上形似而已。"
      },
      {
         "type": "entity",
         "entity": "minecraft:spider",
         "scale": "0.8",
         "text": "使用刀擊殺，會得到山櫻「睦月」鬆"
      },
      {
         "type": "entity",
         "entity": "minecraft:stray",
         "text": "使用刀擊殺，會得到山櫻「如月」梅"
      },
      {
         "type": "entity",
         "entity": "minecraft:creeper",
         "text": "使用刀擊殺，會得到山櫻「彌生」櫻"
      },
      {
         "type": "entity",
         "entity": "minecraft:ghast",
         "scale": "0.5",
         "text": "使用刀擊殺，會得到山櫻「卯月」"
      },
      {
         "type": "entity",
         "entity": "minecraft:enderman",
         "text": "使用刀擊殺，會得到山櫻「皋月」"
      },
      {
         "type": "entity",
         "entity": "minecraft:blaze",
         "text": "使用刀擊殺，會得到山櫻「葉月」"
      },
      {
         "type": "entity",
         "entity": "minecraft:guardian",
         "scale": "0.5",
         "text": "使用刀擊殺，會得到山櫻「長月」菊"
      },
      {
         "type": "entity",
         "entity": "minecraft:vex",
         "text": "使用刀擊殺，會得到山櫻「師走」"
      },
      {
         "type": "entity",
         "entity": "minecraft:magma_cube",
         "text": "使用刀擊殺，會得到山櫻「霜月」"
      }
   ],
   "advancement": "lastsmith:slashblade_bamboolight",
   "sortnum": 8
}
