{
   "name": "「苍梅」",
   "icon": "flammpfeil.slashblade:slashbladenamed{ModelName: \"wa/model\",TextureName: \"wa/template\"}",
   "category": "category_3",
   "pages": [
      {
         "type": "text",
         "text": "这是我刚开始学习锻刀时的一个作业。$(br2)事实上，「苍梅」的真品是村正家一个中等水平的刀。被存放在某处供人参观。$(br2)现在苍梅拵被赐予那些新刀匠第一振独立打造出来的作品，通常也是学徒的结业作。"
      },
      {
         "type": "crafting",
         "recipe": "flammpfeil.slashblade:SlashBladeTemplate.blue"
      }
   ],
   "advancement": "lastsmith:slashblade_white",
   "flag": "mod:slashblade_addon",
   "sortnum": 9
}
