{
   "name": "斗刀「孤獨」",
   "icon": "flammpfeil.slashblade:slashbladenamed{ModelName: \"named/namedblade/model\",TextureName: \"named/namedblade/texture_normal\"}",
   "category": "category_3",
   "pages": [
      {
         "type": "text",
         "text": "曾經有一個失去了摯愛之人的戰士，揮舞著自己的最後一絲摯愛之器踏上了還鄉和復仇的道路……$(br2)他後來戰死，而靈魂卻不願成佛……$(br2)其手持之刃，名為斗刀，意為戰鬥之刀。"
      },
      {
         "type": "text",
         "text": "他的戰鬥是孤獨的……只有獨自一人的戰鬥……又名「孤獨」……$(br2)其靈魂，仍舊在手持著他的利刃，尋找歸鄉之路……"
      },
      {
         "type": "crafting",
         "recipe": "lastsmith:flammpfeil.slashblade.named.kogawa_normal",
         "recipe2": "lastsmith:flammpfeil.slashblade.named.kogawa_rare"
      },
      {
         "type": "crafting",
         "recipe": "lastsmith:flammpfeil.slashblade.named.kogawa_super"
      }
   ],
   "advancement": "lastsmith:slashblade_white",
   "sortnum": 7
}
