{
    "name": "ATM金屬盔甲",
    "icon": "allthemodium:allthemodium_chestplate",
    "category": "allthemodium:armour",
    "sortnum": 1,
    "pages": [
        {
            "type": "text",
            "text": "ATM金屬盔甲除了盔甲、盔甲強度和擊退抗性之外還有其他一些好處：$(li)水中呼吸$(li)使用鞘翅飛行時沒有碰撞傷害$(li)免疫火焰傷害$(li)沒有墜落傷害$(li)當你從獄髓裝甲升級盔甲時，它會保留附魔"
        },
        {
            "type": "crafting",
            "recipe": "allthemodium:main/allthemodium_helmet",
            "recipe2": "kubejs:minecraft_netherite_helmet_upgrade"
        },
        {
            "type": "crafting",
            "recipe": "allthemodium:main/allthemodium_chestplate",
            "recipe2": "kubejs:minecraft_netherite_chestplate_upgrade"
        },
        {
            "type": "crafting",
            "recipe": "allthemodium:main/allthemodium_leggings",
            "recipe2": "kubejs:minecraft_netherite_leggings_upgrade"
        },
        {
            "type": "crafting",
            "recipe": "allthemodium:main/allthemodium_boots",
            "recipe2": "kubejs:minecraft_netherite_boots_upgrade"
        }
    ]
}