{
    "name": "汎金屬盔甲",
    "icon": "allthemodium:vibranium_chestplate",
    "category": "allthemodium:armour",
    "sortnum": 2,
    "pages": [
        {
            "type": "text",
            "text": "汎金屬盔甲具有與ATM金屬盔甲相同的所有屬性，但增加了盔甲、盔甲強度和擊退抗性，它還增加了：$(li)免疫凋零效果$(li)魔法抗性$(li)免疫噁心$(li)且升級時保留附魔"
        },
        {
            "type": "crafting",
            "recipe": "allthemodium:main/vibranium_helmet",
            "recipe2": "allthemodium:main/vibranium_chestplate"
        },
        {
            "type": "crafting",
            "recipe": "allthemodium:main/vibranium_leggings",
            "recipe2": "allthemodium:main/vibranium_boots"
        }
    ]
}