{
  "name": "基礎機器",
  "category": "indrev:machines",
  "sortnum": 1,
  "icon": "indrev:electric_furnace_mk1",
  "pages": [
    {
      "type": "text",
      "text": "使用這些機器來將資源轉換成其他更複雜的資源。"
    },
    {
      "type": "crafting",
      "anchor": "electric_furnace",
      "recipe": "indrev:shaped/electric_furnace_mk1",
      "text": "$(l)$(o)電爐$()就像正常的熔爐，但使用青金石通量代替燃料。"
    },
    {
      "type": "crafting",
      "anchor": "pulverizer",
      "recipe": "indrev:shaped/pulverizer_mk1",
      "text": "$(l)$(o)粉碎機$()主要用於將礦石磨成兩個粉"
    },
    {
      "type": "crafting",
      "anchor": "compressor",
      "recipe": "indrev:shaped/compressor_mk1",
      "text": "$(l)$(o)壓縮機$()主要用於將錠壓縮成板材。"
    },
    {
      "type": "crafting",
      "anchor": "infuser",
      "recipe": "indrev:shaped/solid_infuser_mk1",
      "text": "$(l)$(o)固體注入機$()具有將兩種成份混合成不同成分的功能。"
    },
    {
      "type": "crafting",
      "anchor": "fluid_infuser",
      "recipe": "indrev:shaped/fluid_infuser_mk1",
      "text": "$(l)$(o)液體注入機$()用於進階液體灌注。 目前的主要用途是四倍礦石產出"
    },
    {
      "type": "合成",
      "anchor": "condenser",
      "recipe": "indrev:shaped/condenser_mk4",
      "text": "$(l)$(o)聚合機$()用於將熔融的礦石轉化成碎塊，碎塊可被磨碎再熔鍊成錠。"
    },
    {
      "type": "crafting",
      "anchor": "smelter",
      "recipe": "indrev:shaped/smelter_mk4",
      "text": "$(l)$(o)工業熔爐$()主要用於燒熔礦石成融熔態。主要用於礦石加工。"
    },
    {
      "type": "crafting",
      "anchor": "recycler",
      "recipe": "indrev:shaped/recycler_mk2",
      "text": "$(l)$(o)回收器$()可將有機資源加工成可用來發電的生物質。"
    }
  ]
}