{
  "name": "伐木機",
  "category": "indrev:machines",
  "sortnum": 5,
  "icon": "indrev:chopper_mk1",
  "pages": [
    {
      "type": "合成",
      "recipe": "indrev:shaped/chopper_mk1",
      "text": "$(l)伐木機$()用於自動樹場，且可使用升級組件強化。$(br)但需要指定的物品才能運作:(設置時將其放於2X2的空間中)"
    },
    {
      "type": "text",
      "text": "$(l)斧頭:$() 若放置於機器中，將被用於收集範圍內的所有木頭和樹葉(樹葉不消耗斧頭耐久度) $(br2)$(l)樹苗:$() 若放置於機器中，將被種植於範圍內所有可種植的地方 $(br2)$(l)骨粉:$() 則會被用於對範圍內所有樹苗施肥"
    }
  ]
}