{
  "name": "工廠",
  "category": "indrev:machines",
  "sortnum": 9,
  "icon": "indrev:electric_furnace_factory_mk4",
  "pages": [
    {
      "type": "text",
      "text": "$(l)工廠$()為改進版的機器，可以同時處理5個物品。需要的話也可以拆分物品。$(br2)基於其極高的效率，您必需要蓋出多方塊結構來通入如此多的能量。"
    },
    {
      "type": "text",
      "text": "$(l)需要的方塊$()$(br)$(li)$(l)9x$() 機殼$(br)$(li)$(l)6x$() 筒倉$(br)$(li)$(l)3x$() 進風口$(br)$(li)$(l)3x$() 通風管道$(br)$(li)$(l)2x$() 櫃子$(br)$(li)$(l)1x$() 警示燈$(br)$(li)$(l)1x$() 控制器$()$(br2)右鍵工廠以投影方塊位置"
    },
    {
      "type": "合成",
      "recipe": "indrev:shaped/frame",
      "recipe2": "indrev:shaped/silo"
    },
    {
      "type": "合成",
      "recipe": "indrev:shaped/intake",
      "recipe2": "indrev:shaped/duct"
    },
    {
      "type": "合成",
      "recipe": "indrev:shaped/cabinet",
      "recipe2": "indrev:shaped/warning_strobe"
    },
    {
      "type": "合成",
      "recipe": "indrev:shaped/controller"
    }
  ]
}