{
  "name": "Farmer",
  "category": "indrev:machines",
  "sortnum": 7,
  "icon": "indrev:farmer_mk1",
  "pages": [
    {
      "type": "crafting",
      "recipe": "indrev:shaped/farmer_mk1",
      "text": "$(l)耕作機$()用於作物生產，且可透過升級組件強化。$(br)但需要指定的物品才能運作：(設置時將其放於2X2的空間中)"
    },
    {
      "type": "text",
      "text": "$(l)種子:$()放入後將種植於機器的範圍內。耕作機將試著對照作物和種子以利您種植多種作物。$(br2)$(l)骨粉:$()放入後將用於施肥範圍內的作物。"
    }
  ]
}