{
  "name": "Mining Rig Computer",
  "category": "indrev:machines",
  "sortnum": 4,
  "icon": "indrev:mining_rig_mk4",
  "pages": [
    {
      "type": "合成",
      "recipe": "indrev:shaped/mining_rig_mk4",
      "text": "$(l)$(o)礦機電腦$()放置於$(l:machines/miner#chunk_scanner)$(t:Chunk Scanner)$(l)$(o)$(#0000ff)掃描過的$()chunk裡時將耗費能量挖掘。挖掘時不摧毀方塊。$(br)礦機電腦運行時耗費$(#1111FF)64LF/tick$()，每加裝一個鑽頭能源耗費增加 $(#1111FF)256LF/tick$()"
    },
    {
      "type": "crafting",
      "recipe": "indrev:shaped/drill_bottom",
      "text": "礦機電腦需要礦機鑽頭才能運作。礦機鑽頭必須放在電腦旁邊，並且需要鑽頭。每多一個礦機鑽頭就會提高一些開採速度。$(br)此為可正常運行的礦機的示意圖："
    },
    {
      "type": "image",
      "title": "Example",
      "images": [
        "indrev:textures/gui/mrc_setup.png"
      ],
      "text": "鑽頭可以直接連接或對角的放置在礦機電腦旁"
    },
    {
      "anchor": "chunk_scanner",
      "type": "crafting",
      "recipe": "indrev:shaped/chunk_scanner",
      "text": "$(l)$(o)區塊掃描器$()是一種用於收集區塊礦脈類型地理數據的工具。掃描器將為您提供礦機運作所需的掃描結果。"
    },
    {
      "type": "text",
      "text": "$(l)注意：$()$(br)一旦礦機電腦的進度達到100%，礦機將繼續發現更多的石頭、泥土和礫石而不是礦石。$(br2)$(br)此處並未列出所有礦脈。"
    },
    {
      "anchor": "vein_types",
      "type": "text",
      "text": "$(br)$(l:machines/miner#peat)$(t:Go to Peat)Peat$()$(br)$(l:machines/miner#lignite)$(t:Go to Lignite)Lignite$()$(br)$(l:machines/miner#bituminous)$(t:Go to Bituminous)Bituminous$()$(br)$(l:machines/miner#anthracite)$(t:Go to Anthracite)Anthracite$()$(br)$(l:machines/miner#siderite)$(t:Go to Siderite)Siderite$()$(br)$(l:machines/miner#limonite)$(t:Go to Limonite)Limonite$()$(br)$(l:machines/miner#hematite)$(t:Go to Hematite)Hematite$()$(br)$(l:machines/miner#magnetite)$(t:Go to Magnetite)Magnetite$()$(br)$(l:machines/miner#chalcopryte)$(t:Go to Chalcopryte)Chalcopryte$()$(br)$(l:machines/miner#cuprite)$(t:Go to Cuprite)Cuprite$()$(br)$(l:machines/miner#cassiterite)$(t:Go to Cassiterite)Cassiterite$()$(br)$(l:machines/miner#stannite)$(t:Go to Stannite)Stannite$()$(br)$(l:machines/miner#cavalerite)$(t:Go to Cavalerite)Cavalerite$()$(br)$(l:machines/miner#quartz)$(t:Go to Quartz)Quartz$()$(br)$(l:machines/miner#nikolite)$(t:Go to Nikolite)Nikolite$()"
    },
    {
      "anchor": "peat",
      "type": "spotlight",
      "title": "Peat",
      "item": "minecraft:coal_ore",
      "text": "Mainly composed by $(#000000)$(l)Coal Ore$(), it's the smallest and poorest coal vein, which means you'll be getting a lot of stone, dirt and some gravel.$(br)It can be found in any biomes, but more commonly in plains, taigas, forests, swamps and icy biomes."
    },
    {
      "anchor": "lignite",
      "type": "spotlight",
      "title": "Lignite",
      "item": "minecraft:coal_ore",
      "text": "Mainly composed by $(#000000)$(l)Coal Ore$(), it's the second smallest and poorest coal vein, which means there's still a lot of stone, dirt and gravel here.$(br)It can be found in any biomes, but more commonly in plains, taigas, forests, swamps and biomes."
    },
    {
      "anchor": "bituminous",
      "type": "spotlight",
      "title": "Bituminous",
      "item": "minecraft:coal_ore",
      "text": "Mainly composed by $(#000000)$(l)Coal Ore$(), it's a quite big and rich coal vien, which means you'll find more coal alongside stone, dirt and gravel, but if you're lucky, you might just find some $(#00ffff)$(l)Diamonds$() too.$(br)It can be found in many places but more commonly in deserts, hills, mesas, savannas."
    },
    {
      "anchor": "anthracite",
      "type": "spotlight",
      "title": "Anthracite",
      "item": "minecraft:coal_ore",
      "text": "Mainly composed by $(#000000)$(l)Coal Ore$(), it's a the biggest and richest coal vein, which means there's a lot of coal, alongside stone, dirt, gravel and some $(#00ffff)$(l)Diamonds$() too.$(br)It can be found in many places but more commonly in deserts, hills, mesas, savannas."
    },
    {
      "anchor": "siderite",
      "type": "spotlight",
      "title": "Siderite",
      "item": "minecraft:iron_ore",
      "text": "Mainly composed by $(#666666)$(l)Iron Ore$(), it's the smallest and poorest iron vein, with lots of stone, dirt, and some gravel.$(br)It can be found in many places but more commonly hills, plains, savannas and forests."
    },
    {
      "anchor": "limonite",
      "type": "spotlight",
      "title": "Limonite",
      "item": "minecraft:iron_ore",
      "text": "Mainly composed by $(#666666)$(l)Iron Ore$(), it's the second smallest and poorest iron vein, with lots of of stone, dirt and gravel here.$(br)It can be found in many places but more commonly on hills, plains and deserts."
    },
    {
      "anchor": "hematite",
      "type": "spotlight",
      "title": "Hematite",
      "item": "minecraft:iron_ore",
      "text": "Mainly composed by $(#666666)$(l)Iron Ore$(), it's a quite big and rich iron vein, with lots of iron alongside stone, dirt and some gravel.$(br)It can be found in many places but more commonly on taigas and mesas."
    },
    {
      "anchor": "magnetite",
      "type": "spotlight",
      "title": "Magnetite",
      "item": "minecraft:iron_ore",
      "text": "Mainly composed by $(#666666)$(l)Iron Ore$(), it's the biggest and richest iron vein, with lots of iron, alongside stone, dirt and some gravel.$(br)It can be found in many places but more commonly on hills, mesas and deserts."
    },
    {
      "anchor": "chalcopryte",
      "type": "spotlight",
      "title": "Chalcopryte",
      "item": "minecraft:copper_ore",
      "text": "Mainly composed by $(#FFA500)$(l)Copper Ore$() and $(#666666)$(l)Iron Ore$(), it's the quite rich and very variable vein, with lots of $(#FFA500)$(l)copper$() and $(#666666)$(l)iron$() ores alongside stone, dirt and gravel.$(br)It can be found in many places but more commonly on plains, savannas and forests."
    },
    {
      "anchor": "cuprite",
      "type": "spotlight",
      "title": "Cuprite",
      "item": "minecraft:copper_ore",
      "text": "Mainly composed by $(#FFA500)$(l)Copper Ore$(), it's the only vein that contains only copper, it's not very rich and very variable in size.$(br)It can be found in many places but more commonly on savannas and deserts."
    },
    {
      "anchor": "cassiterite",
      "type": "spotlight",
      "title": "Cassiterite",
      "item": "indrev:tin_ore",
      "text": "Mainly composed by $(#999999)$(l)Tin Ore$(), it's the only vein that contains only copper, it's not very rich and very variable in size.$(br)It can be found in many places but more commonly on plains, savannas and forests."
    },
    {
      "anchor": "stannite",
      "type": "spotlight",
      "title": "Stannite",
      "item": "indrev:tin_ore",
      "text": "Mainly composed by $(#999999)$(l)Tin Ore$(), $(#FFA500)$(l)Copper Ore$() and $(#666666)$(l)Iron Ore$(), with lots of tin, alongside $(#666666)$(l)iron$(), $(#FFA500)$(l)copper$(), stone, dirt and gravel.$(br)It can be found in many places but more commonly on hills, mesas and deserts."
    },
    {
      "anchor": "nikolite",
      "type": "spotlight",
      "title": "Nikolite",
      "item": "indrev:nikolite_ore",
      "text": "主要由$(#5555BB)$(l)藍石礦$()、$(#FF0000)$(l)紅石礦$()和$(#0000FF)$(l)青金石礦$()構成，夾雜著石頭、泥土和礫石。許多地方都有此礦脈的蹤影，但在針葉林和冰封地形更為常見。"
    },
    {
      "anchor": "cavalerite",
      "type": "spotlight",
      "title": "Cavalerite",
      "item": "minecraft:gold_ore",
      "text": "$(l)Overworld$()$(br)Mainly composed by $(#FFD700)$(l)Gold Ore$(), it's a small and quite rich gold vein$(br)It can be found in many places but more commonly on taigas and mesas."
    },
    {
      "type": "spotlight",
      "title": "Cavalerite (Nether)",
      "item": "minecraft:nether_gold_ore",
      "text": "$(#ff0000)$(l)Nether$()$(br)It's a quite large and rich $(#FFD700)$(l)Nether Gold Ore$() vein, with lots of netherrack, soulsand, gravel, and if you're very lucky some $(l)$(#000000)Ancient Debris$() too!"
    },
    {
      "anchor": "quartz",
      "type": "spotlight",
      "title": "Quartz",
      "item": "minecraft:nether_quartz_ore",
      "text": "$(#ff0000)$(l)Nether$()$(br)It's a quite large and rich $(#dddddd)$(l)Quartz$() vein, with lots of netherrack, soulsand and gravel."
    }
  ]
}