{
    "name": "item.ars_nouveau.deny_scroll",
    "icon": "ars_nouveau:deny_scroll",
    "category": "automation",
    "pages": [
        {
            "type": "text",
            "text": "ars_nouveau.page1.deny_scroll"
        },
        {
            "type": "crafting",
            "recipe": "ars_nouveau:blank_parchment",
            "recipe2": "ars_nouveau:deny_scroll"
        },
        {
            "type": "relations",
            "entries": [
                "apparatus/carbuncle_charm",
                "machines/scribes_table"
            ]
        }
    ]
}