{
    "name": "item.ars_nouveau.dominion_wand",
    "icon": "ars_nouveau:dominion_wand",
    "category": "automation",
    "pages": [
        {
            "type": "text",
            "text": "ars_nouveau.page1.dominion_wand"
        },
        {
            "type": "apparatus_recipe",
            "recipe": "ars_nouveau:dominion_wand"
        },
        {
            "type": "relations",
            "entries": [
                "apparatus/arcane_relay",
                "apparatus/whelp_charm"
            ]
        }
    ]
}