{
  "name": "Bacon and Eggs",
  "icon": "crockpot:bacon_eggs",
  "category": "crockpot:recipes",
  "advancement": "crockpot:root",
  "pages": [
    {
      "type": "patchouli:spotlight",
      "item": "crockpot:bacon_eggs",
      "link_recipe": true,
      "text": "$(item)Bacon and Eggs$() is a Meat Food item cooked in the $(pot)Crock Pot$() by an $(thing)Eggs$() total value of more than 1.0, $(thing)Meats$() with a total Meat value of more than 1.0 and no $(thing)vegetables$(). It takes 30 seconds to cook."
    }
  ]
}