{
  "name": "Bone Bouillon",
  "icon": "crockpot:bone_soup",
  "category": "crockpot:recipes",
  "advancement": "crockpot:upgrade_pot",
  "pages": [
    {
      "type": "patchouli:spotlight",
      "item": "crockpot:bone_soup",
      "link_recipe": true,
      "text": "$(item)Bone Bouillon$() is a Meat Food item cooked in the $(pot)Advanced Crock Pot$(). It requires two $(item)Bone$(), an $(item)Onion$() and a filler to cook. Filler cannot be $(thing)Inedible$(item). It takes 30 seconds to cook."
    }
  ]
}