{
  "name": "Ceviche",
  "icon": "crockpot:ceviche",
  "category": "crockpot:recipes",
  "advancement": "crockpot:ultimate_pot",
  "pages": [
    {
      "type": "patchouli:spotlight",
      "item": "crockpot:ceviche",
      "link_recipe": true,
      "text": "$(item)Ceviche$() is a Food item cooked in the $(pot)Ultimate Crock Pot$(). It is made from 2 $(thing)Fishes$() and 1 $(thing)Frozen$() item without any $(thing)Eggs$() or any $(thing)Inedibles$(). It takes 10 seconds to cook."
    }
  ]
}