{
  "name": "Honey Nuggets",
  "icon": "crockpot:honey_nuggets",
  "category": "crockpot:recipes",
  "advancement": "crockpot:root",
  "pages": [
    {
      "type": "patchouli:spotlight",
      "item": "crockpot:honey_nuggets",
      "link_recipe": true,
      "text": "$(item)Honey Nuggets$() are a Meat Food item cooked in the $(pot)Crock Pot$() by combining any $(thing)Meat$(), 1 $(item)Honeycomb$() or $(item)Honey Bottle$() and no $(thing)Inedibles$(). It takes 30 seconds to cook."
    }
  ]
}