{
  "name": "Spicy Chili",
  "icon": "crockpot:hot_chili",
  "category": "crockpot:recipes",
  "advancement": "crockpot:root",
  "pages": [
    {
      "type": "patchouli:spotlight",
      "item": "crockpot:hot_chili",
      "link_recipe": true,
      "text": "$(item)Spicy Chili$() is a Meat Food item cooked in the $(pot)Crock Pot$() by combining any $(thing)Meats$() with a total value of at least 1.5 and any $(thing)Vegetables$() with a total value of at least 1.5. No fillers are available for this recipe. It takes 10 seconds to cook."
    }
  ]
}