{
  "name": "Hot Cocoa",
  "icon": "crockpot:hot_cocoa",
  "category": "crockpot:recipes",
  "advancement": "crockpot:ultimate_pot",
  "pages": [
    {
      "type": "patchouli:spotlight",
      "item": "crockpot:hot_cocoa",
      "link_recipe": true,
      "text": "$(item)Hot Cocoa$() is a Food item cooked in the $(pot)Ultimate Crock Pot$(). It is created by combining three $(item)Cocoa Beans$() and filling the fourth slot with $(thing)Dairy$(), $(thing)Sweetener$(), or a fourth $(item)Cocoa Beans$(). It takes 10 seconds to cook."
    }
  ]
}