{
  "name": "Stuffed Pepper Poppers",
  "icon": "crockpot:pepper_popper",
  "category": "crockpot:recipes",
  "advancement": "crockpot:root",
  "pages": [
    {
      "type": "patchouli:spotlight",
      "item": "crockpot:pepper_popper",
      "link_recipe": true,
      "text": "$(item)Stuffed Pepper Poppers$() are a Meat Food item. They are cooked in a $(pot)Crock Pot$() by combining a $(item)Pepper$() and $(thing)Meats$() with a total Meat value of 1.5 or below. Filler cannot be $(thing)Inedible$(). It takes 10 seconds to cook."
    }
  ]
}