{
  "name": "Puffed Potato Soufflé",
  "icon": "crockpot:potato_souffle",
  "category": "crockpot:recipes",
  "advancement": "crockpot:upgrade_pot",
  "pages": [
    {
      "type": "patchouli:spotlight",
      "item": "crockpot:potato_souffle",
      "link_recipe": true,
      "text": "$(item)Puffed Potato Soufflé$() is a Food item cooked in the $(pot)Advanced Crock Pot$(). It requires two $(item)Potatoes/Baked Potatoes$() and an $(thing)Egg$(). The filler can not be $(thing)Inedible$() or $(thing)Meats$(). It takes 20 seconds to cook."
    }
  ]
}