{
  "name": "Salsa Fresca",
  "icon": "crockpot:salsa",
  "category": "crockpot:recipes",
  "advancement": "crockpot:root",
  "pages": [
    {
      "type": "patchouli:spotlight",
      "item": "crockpot:salsa",
      "link_recipe": true,
      "text": "$(item)Salsa Fresca$() is a Vegetable Food item cooked in the $(pot)Crock Pot$() by combining a $(item)Toma Root$(), an $(item)Onion$() and two fillers. Fillers cannot be $(thing)Meats$(), $(thing)Inedibles$(), or $(thing)Eggs$(). It takes 10 seconds to cook."
    }
  ]
}