{
  "name": "Tropical Bouillabaisse",
  "icon": "crockpot:tropical_bouillabaisse",
  "category": "crockpot:recipes",
  "advancement": "crockpot:ultimate_pot",
  "pages": [
    {
      "type": "patchouli:spotlight",
      "item": "crockpot:tropical_bouillabaisse",
      "link_recipe": true,
      "text": "$(item)Tropical Bouillabaisse$() is a Food item cooked in the $(pot)Ultimate Crock Pot$(). It is made from 2 $(item)Tropical Fish$() with other $(thing)Fishes$() with a total value of at least 2.5, and any $(thing)Vegetables$(). It takes 30 seconds to cook."
    }
  ]
}