{
  "name": "botania.entry.auraRing",
  "category": "botania:baubles",
  "icon": "botania:aura_ring",
  "advancement": "botania:main/runic_altar_pickup",
  "pages": [
    {
      "type": "text",
      "text": "botania.page.auraRing0"
    },
    {
      "type": "crafting",
      "text": "botania.page.auraRing1",
      "recipe": "botania:aura_ring"
    },
    {
      "type": "crafting",
      "text": "botania.page.auraRing2",
      "recipe": "botania:aura_ring_greater",
      "advancement": "botania:main/terrasteel_pickup"
    }
  ]
}
