{
  "name": "botania.entry.magnetRing",
  "category": "botania:baubles",
  "icon": "botania:magnet_ring",
  "advancement": "botania:main/mana_pool_pickup",
  "pages": [
    {
      "type": "text",
      "text": "botania.page.magnetRing0"
    },
    {
      "type": "crafting",
      "text": "botania.page.magnetRing1",
      "recipe": "botania:magnet_ring"
    },
    {
      "type": "crafting",
      "text": "botania.page.magnetRing2",
      "recipe": "botania:magnet_ring_greater",
      "advancement": "botania:main/terrasteel_pickup"
    }
  ]
}
