{
    "name": "蜘蛛網",
    "icon": "minecraft:cobweb",
    "category": "apotheosis:enchanting/utility",
    "flag": "apotheosis:enchanting",
    "pages": [
        {
            "type": "patchouli:text",
            "text": "蜘蛛網可以在鐵砧中與物品結合以移除所有附魔。$(p)稜柱形蜘蛛網可以在鐵砧中與物品結合以移除所有詛咒附魔。"
        },
        {
            "type": "patchouli:crafting",
            "recipe": "apotheosis:cobweb",
            "recipe2": "apotheosis:prismatic_web"
        }
    ]
}