{
    "name": "Enchantment Library",
    "icon": "apotheosis:library",
    "category": "apotheosis:enchanting/utility",
    "flag": "apotheosis:enchanting",
    "sortnum": 2,
    "pages": [
        {
            "type": "patchouli:text",
            "text": "An Enchantment Library is a storage system for Enchantments.$(p)Simply insert enchanted books, and every enchantment on the book will be stored as points."
        },
        {
            "type": "patchouli:text",
            "text": "Each library has a $(6)Level Capacity$(), representing the highest level of enchantment it can store.$(p)Excess enchantments are voided."
        },
        {
            "type": "patchouli:text",
            "text": "Clicking on a stored enchantment will extract one level of that enchantment.$(p)Shift-clicking a stored enchantment will extract as many levels as possible.$(p)Books are generated in the output slot as necessary."
        },
        {
            "type": "patchouli:text",
            "text": "You may also place a book in the output slot to add enchantments to it.$(p)The library records the max level that has ever been inserted for each enchantment, and can only extract up to that level."
        },
        {
            "type": "patchouli:crafting",
            "recipe": "apotheosis:library",
            "text": "The standard $(9)Enchantment Library$() has a $(6)Level Capacity$() of sixteen (XVI)."
        },
        {
            "type": "patchouli:spotlight",
            "item": "apotheosis:ender_library",
            "link_recipe": true,
            "text": "The $(9)Library of Alexandria$() has a $(6)Level Capacity$() of thirty-one (XXXI).$(p)It cannot be crafted directly, and must be created using $(l:apotheosis:enchanting/table/infusion)Infusion Enchanting$()."
        }
    ]
}