{
  "name": "戰利品製造器",
  "icon": "deepmoblearning:extraction_chamber",
  "category": "1_machines",
  "sortnum": 2,
  "pages": [
    {
      "type": "text",
      "text": "The $(item)Loot Fabricator$() is a machine that can well.... $(item)Fabricate Loot$() from the various accessible $(item)Pristine Matters$().$(br2)This process requires $(l:1_machines/3_energy)Energy$() aswell as a selected $(item)Item$() to produce $(item)Loot$()."
    },
    {
      "type": "recipelookup",
      "recipe": "deepmoblearning:extraction_chamber",
      "text": "The selected $(item)Item$() will be remembered for automation puposes, it will stay selected until its unselected."
    }
  ]
}