{
  "name": "戰利品製造器",
  "icon": "deepmoblearning:extraction_chamber",
  "category": "1_machines",
  "sortnum": 2,
  "pages": [
    {
      "type": "text",
      "text": "$(item)戰利品製造器$()是一台機器，它能……從各種可使用的$(item)原始物質$()中$(item)製造戰利品$()。$(br2)此過程需要$(l:1_machines/3_energy)能量$()，而$(item)戰利品$()生成的種類也依賴於你所選擇的$(item)物品$()。"
    },
    {
      "type": "recipelookup",
      "recipe": "deepmoblearning:extraction_chamber",
      "text": "選擇的$(item)物品$()能夠記憶在機器中，它會一直選擇被選擇的物品，直到取消對該物品的選擇。"
    }
  ]
}