{
  "name": "Energy",
  "icon": "minecraft:redstone",
  "category": "1_machines",
  "sortnum": 3,
  "pages": [
    {
      "type": "spotlight",
      "title": "能量",
      "item": "minecraft:redstone",
      "text": "This mod adds no way of producing $(item)Energy$(), so you will need some sort of $(item)Generator$() from another mod to power the $(item)Machines$()."
    },
    {
      "type": "text",
      "title": "Power Units",
      "text": "Both $(item)Forge Energy (FE)$() and $(item)Redstone Flux (RF)$() will work.$(br2)Below are some example mods that could work to power your $(item)Machines$().$(br2)$(l:https://minecraft.curseforge.com/projects/thermalexpansion)Thermal Expansion$() (Dynamos)$(br)$(l:https://minecraft.curseforge.com/projects/nuclearcraft-mod)NuclearCraft$() (Reactors)$(br)$(l:https://minecraft.curseforge.com/projects/advanced-generators)Advanced Generators$()"
    }
  ]
}