{
  "name": "botania.entry.wand",
  "category": "botania:basics",
  "icon": "botania:twig_wand",
  "priority": true,
  "advancement": "botania:main/pure_daisy_pickup",
  "pages": [
    {
      "type": "text",
      "text": "botania.page.wand0"
    },
    {
      "type": "text",
      "text": "botania.page.wand1"
    },
    {
      "type": "text",
      "text": "botania.page.wand2"
    },
    {
      "type": "crafting",
      "text": "botania.page.wand3",
      "recipe": "botania:twig_wand"
    }
  ]
}
