{
    "name": "無盡箭袋",
    "icon": "minecraft:enchanted_book",
    "category": "apotheosis:enchanting/enchantments",
    "flag": "apotheosis:enchanting",
    "sortnum": 1,
    "pages": [
        {
            "type": "patchouli:text",
            "text": "$(2)無盡箭袋$()是弓的極品附魔。$(p)射箭時無論哪種類型的箭都不會被消耗。$(p)它被認為是$(9)無限$()的直接升級。"
        },
        {
            "type": "patchouli:text",
            "text": "這種附魔甚至應該會讓其他模組的箭變得無限。"
        }
    ]
}