{
    "name": "閱歷",
    "icon": "minecraft:enchanted_book",
    "category": "apotheosis:enchanting/enchantments",
    "flag": "apotheosis:enchanting",
    "sortnum": 1,
    "pages": [
        {
            "type": "patchouli:text",
            "text": "$(2)閱歷$()是用於劍的極品附魔。$(p)當你殺死一個生物時，所有掉落都會轉化為經驗。$(p)所有物品都價值相同數量的經驗。"
        },
        {
            "type": "patchouli:text",
            "text": "這對於殺死掉落大量物品的生物最有效。$(p)每個物品的經驗隨著附魔等級的增加而增加。$(p)作為預防措施，殺死玩家不會轉換他們的物品。"
        }
    ]
}