{
    "name": "生命修補",
    "icon": "minecraft:enchanted_book",
    "category": "apotheosis:enchanting/enchantments",
    "flag": "apotheosis:enchanting",
    "sortnum": 1,
    "pages": [
        {
            "type": "patchouli:text",
            "text": "$(4)生命修補$()是一種適用於所有具有耐久物品的腐化附魔。$(p)$(9)修補$()將獲得的經驗轉化為耐久，$(4)生命修補$()則是將獲得的治療轉化為耐久。$(p)治療量修復的耐久度隨著附魔等級增加。"
        },
        {
            "type": "patchouli:text",
            "text": "此外，這個附魔可以在附魔台中獲得。"
        }
    ]
}