{
    "name": "拾荒者",
    "icon": "minecraft:enchanted_book",
    "category": "apotheosis:enchanting/enchantments",
    "flag": "apotheosis:enchanting",
    "sortnum": 1,
    "pages": [
        {
            "type": "patchouli:text",
            "text": "$(2)拾荒者$()是劍的極品附魔。$(p)每級有 2.5% 的機率在你殺死一個生物時計算兩次戰利品。$(p)成功後，效果就像你剛殺死了兩隻同一個實體一樣。"
        },
        {
            "type": "patchouli:text",
            "text": "這個附魔適用於所有實體，包括像$(8)凋零$()這樣的 Boss。$(p)它還可以和$(9)掠奪$()疊加。"
        }
    ]
}