{
    "name": "附魔類型",
    "icon": "minecraft:emerald",
    "category": "apotheosis:enchanting/enchantments",
    "flag": "apotheosis:enchanting",
    "sortnum": -1,
    "pages": [
        {
            "type": "patchouli:text",
            "text": "你可能會注意到，有些附魔有不同的顏色名稱。$(p)這是因為神化引入了三個新的附魔子類別。$(p)每個子類別都有一些強制規則。"
        },
        {
            "type": "patchouli:text",
            "title": "極品",
            "text": "$(2)極品$() 附魔代表最強和最稀有的附魔。$(p)需要至少 55 $(fpower)才能獲得。"
        },
        {
            "type": "patchouli:text",
            "title": "扭曲",
            "text": "$(5)扭曲$()附魔同時具有正面和負面效果。$(p)需要至少 45 $(fpower) 才能獲得。"
        },
        {
            "type": "patchouli:text",
            "title": "腐化",
            "text": "$(4)腐化$()附魔的的效果通常需要付出生命值的代價。$(p)需要至少 65 $(fpower) 才能獲得。$(p)它們被認為是$(c)詛咒附魔$()。"
        }
    ]
}