{
    "name": "Glowing Materials",
    "icon": "xat:glowing_gem",
    "category": "gettingstarted",
    "pages": [
        {
            "type": "text",
            "text": "There are three tiers of glowing materials, which are all used for the majority of items in the mod."
        },
        {
            "type": "合成",
            "text": "Crafting the Glowing Powder",
            "recipe": "xat:glowing_powder"
        },
        {
            "type": "合成",
            "text": "Crafting the Glowing Ingot",
            "recipe": "xat:glowing_ingot"
        },
        {
            "type": "合成",
            "text": "Crafting the Glowing Gem",
            "recipe": "xat:glowing_gem"
        }
    ]
}