{
  "category": "bewitchment:sigils",
  "name": "Extending",
  "icon": "bewitchment:extending_sigil",
  "advancement": "minecraft:nether/find_fortress",
  "sortnum": 1,
  "pages": [
    {
      "type": "patchouli:text",
      "text": "The Extending $(l:bewitchment:sigils/using_sigils)Passive Sigil$() will double the duration of any nearby $(l:bewitchment:tools/brazier#incense)Incense$() around it."
    },
    {
      "type": "patchouli:crafting",
      "recipe": "bewitchment:extending_sigil"
    }
  ]
}
