{
  "category": "bewitchment:sigils",
  "name": "Sentinel",
  "icon": "bewitchment:sentinel_sigil",
  "advancement": "minecraft:nether/find_fortress",
  "pages": [
    {
      "type": "patchouli:text",
      "text": "The Sentinel $(l:bewitchment:sigils/using_sigils)Active Sigil$() traps the spirit of a $(l:bewitchment:creatures/ghost)Ghost$(). when activated, it will apply a random debuff."
    },
    {
      "type": "patchouli:crafting",
      "recipe": "bewitchment:sentinel_sigil"
    }
  ]
}
