{
  "category": "bewitchment:sigils",
  "name": "Using Sigils",
  "icon": "bewitchment:mending_sigil",
  "advancement": "minecraft:nether/find_fortress",
  "priority": true,
  "pages": [
    {
      "type": "patchouli:text",
      "text": "Sigils are magic symbols of power. They can be divided into two groups: active and passive sigils.$(br2)Active sigils need to be placed on usable blocks or brooms made from $(l:bewitchment:introduction/dragons_blood_trees)Dragon's Blood$().$(br2)Passive sigils can be placed anywhere and will apply their effect to everything around."
    },
    {
      "type": "patchouli:text",
      "text": "$(l:bewitchment:tools/taglock)Taglocks$() can be added to sigils to control who it affects. If a sigil is set to regard the $(l:bewitchment:tools/taglock)Taglocks$() as a whitelist, the sigil will only affect those in it. If it is set as a blacklist, the sigil won't affect anyone the $(l:bewitchment:tools/taglock)Taglock$() is from.$(br2)Use an $(l:bewitchment:tools/athame)Athame$() while sneaking to toggle between blacklist and whitelist.$(br2)It should be noted that all sigils are of limited duration."
    }
  ]
}
