{
  "name": "甲蟲",
  "icon": "mysticalworld:carapace",
  "category": "creatures",
  "flag": "roots:beetle",
  "pages": [
    {
      "type": "animal_spawn_info",
      "animal": "beetle",
      "breed": "使用西瓜繁殖;",
      "tame": "使用西瓜種子馴服。",
      "blurb": "空手潛行右擊，可以將甲蟲放在肩上。"
    },
    {
      "type": "entity",
      "name": "甲蟲",
      "entity": "mysticalworld:entity_beetle",
      "scale": "1.5",
      "offset": "-0.3",
      "text": "空手潛行右擊，可以將甲蟲放到地上。"
    }
  ]
}