{
  "name": "Beetle",
  "icon": "mysticalworld:carapace",
  "category": "creatures",
  "flag": "roots:beetle",
  "pages": [
    {
      "type": "animal_spawn_info",
      "animal": "beetle",
      "breed": "Breed: with melons.",
      "tame": "Taming: with melon seeds.",
      "blurb": "Sneak-right-clicking with an empty hand will allow you to place the beetle on your shoulder!"
    },
    {
      "type": "entity",
      "name": "Beetle",
      "entity": "mysticalworld:entity_beetle",
      "scale": "1.5",
      "offset": "-0.3",
      "text": "Sneak-right-click again with an empty hand to put them down."
    }
  ]
}