{
  "name": "Clam",
  "icon": "mysticalworld:pearl",
  "category": "creatures",
  "flag": "roots:clam",
  "pages": [
    {
      "type": "animal_spawn_info",
      "animal": "clam",
      "breed": "Breed: Not bred.",
      "tame": "Taming: Not tameable.",
      "blurb": "Pearls are a renewable resource with a $(l:items/pearleporter)pearleporter$()!"
    },
    {
      "type": "entity",
      "name": "Clam",
      "entity": "mysticalworld:entity_clam",
      "scale": "0.6",
      "offset": "0.4",
      "text": "Mature clams emit particles, and killing it will drop a $(l:items/pearl)pearl$() (or perhaps an ender pearl for special clams!)"
    }
  ]
}