{
  "name": "Deer",
  "icon": "mysticalworld:venison",
  "category": "creatures",
  "flag": "roots:deer",
  "pages": [
    {
      "type": "animal_spawn_info",
      "animal": "deer",
      "breed": "Breed: with wheat.",
      "tame": "Taming: Not tameable.",
      "blurb": ""
    },
    {
      "type": "entity",
      "name": "Deer",
      "entity": "mysticalworld:entity_deer",
      "scale": "0.6",
      "offset": "0.4",
      "text": "These deer are a docile mix of does and stags."
    }
  ]
}