{
  "name": "Endermini",
  "icon": "mysticalworld:unripe_pearl",
  "category": "creatures",
  "flag": "roots:endermini",
  "pages": [
    {
      "type": "animal_spawn_info",
      "animal": "endermini",
      "breed": "Breed: no.",
      "tame": "Taming: no.",
      "blurb": "These cute little creatures still don't like being looked at!"
    },
    {
      "type": "entity",
      "name": "Endermini",
      "entity": "mysticalworld:entity_endermini",
      "scale": "0.7",
      "offset": 0,
      "text": "These creatures often inhabit the End along with their larger siblings, the Endermen."
    }
  ]
}