{
  "name": "狐狸",
  "icon": "mysticalworld:pelt",
  "category": "creatures",
  "flag": "roots:fox",
  "pages": [
    {
      "type": "animal_spawn_info",
      "animal": "狐狸",
      "breed": "生育：使用蘋果",
      "tame": "馴服：使用蘋果",
      "blurb": ""
    },
    {
      "type": "entity",
      "name": "狐狸",
      "entity": "mysticalworld:entity_fox",
      "scale": "0.8",
      "offset": 0,
      "text": "While vicious chicken & rabbit killers, they become docile when tamed!"
    }
  ]
}