{
  "name": "Fox",
  "icon": "mysticalworld:pelt",
  "category": "creatures",
  "flag": "roots:fox",
  "pages": [
    {
      "type": "animal_spawn_info",
      "animal": "fox",
      "breed": "Breed: with apples.",
      "tame": "Taming: with apples.",
      "blurb": ""
    },
    {
      "type": "entity",
      "name": "Fox",
      "entity": "mysticalworld:entity_fox",
      "scale": "0.8",
      "offset": 0,
      "text": "While vicious chicken & rabbit killers, they become docile when tamed!"
    }
  ]
}