{
  "name": "Frog",
  "icon": "minecraft:slime_ball",
  "category": "creatures",
  "flag": "roots:frog",
  "pages": [
    {
      "type": "animal_spawn_info",
      "animal": "frog",
      "breed": "Breed: with brown mushrooms.",
      "tame": "Taming: Not tameable.",
      "blurb": ""
    },
    {
      "type": "entity",
      "name": "Frog",
      "entity": "mysticalworld:entity_frog",
      "scale": "1.5",
      "offset": "-0.3",
      "text": "These frogs occasionally drop a puddle of slime while hopping around!"
    }
  ]
}