{
  "name": "地獄芽精靈",
  "icon": "minecraft:nether_wart",
  "category": "creatures",
  "pages": [
    {
      "type": "animal_spawn_info",
      "animal": "hell_sprout",
      "breed": "用烤茄子進行繁殖",
      "tame": "不可馴服",
      "blurb": "漫步於地獄之中的友善生物，偶爾會見到它種植地獄疣。"
    },
    {
      "type": "entity",
      "name": "地獄芽精靈",
      "entity": "mysticalworld:entity_hell_sprout",
      "scale": 1,
      "offset": 0,
      "text": ""
    }
  ]
}