{
  "name": "Hell Sprout",
  "icon": "minecraft:nether_wart",
  "category": "creatures",
  "pages": [
    {
      "type": "animal_spawn_info",
      "animal": "hell_sprout",
      "breed": "Breed: with cooked aubergines.",
      "tame": "Taming: not tameable.",
      "blurb": "Found peacefully wandering the nether, occasionally planting nether wart."
    },
    {
      "type": "entity",
      "name": "Hell Sprout",
      "entity": "mysticalworld:entity_hell_sprout",
      "scale": 1,
      "offset": 0,
      "text": ""
    }
  ]
}