{
  "name": "Lava Cat",
  "icon": "minecraft:lava_bucket",
  "category": "creatures",
  "flag": "roots:lava_cat",
  "pages": [
    {
      "type": "animal_spawn_info",
      "animal": "lava_cat",
      "breed": "Breed: with blaze powder.",
      "tame": "Taming: with blaze rods.",
      "blurb": "Dousing with water will transform these felines into obsidian!"
    },
    {
      "type": "entity",
      "name": "Lava Cat",
      "entity": "mysticalworld:entity_lava_cat",
      "scale": "0.5",
      "offset": "-0.3",
      "text": "Likewise, a trip into lava will revert them."
    }
  ]
}