{
  "name": "芽精靈",
  "icon": "mysticalworld:aubergine",
  "category": "creatures",
  "pages": [
    {
      "type": "animal_spawn_info",
      "animal": "sprout",
      "breed": "需特殊方法繁殖;",
      "tame": "不可馴服",
      "blurb": "不同顏色的芽精靈會掉落不同的蔬菜！"
    },
    {
      "type": "entity",
      "name": "芽精靈",
      "entity": "mysticalworld:entity_sprout",
      "scale": 1,
      "offset": 0,
      "text": "這些可愛的小植物喜歡在森林裡漫步和舞蹈！"
    }
  ]
}