{
  "name": "Sprout",
  "icon": "mysticalworld:aubergine",
  "category": "creatures",
  "pages": [
    {
      "type": "animal_spawn_info",
      "animal": "sprout",
      "breed": "Breed: with aubergines.",
      "tame": "Taming: not tameable.",
      "blurb": "The drops depend on the colour of the sprout!"
    },
    {
      "type": "entity",
      "name": "Sprout",
      "entity": "mysticalworld:entity_sprout",
      "scale": 1,
      "offset": 0,
      "text": "These adorable root vegetables like long walks on the beach, wandering the forests, and are trying to learn how to dance!"
    }
  ]
}