{
  "name": "Squid",
  "icon": "minecraft:dye:0",
  "category": "creatures",
  "pages": [
    {
      "type": "animal_spawn_info",
      "animal": "squid",
      "breed": "Breed: not breedable",
      "tame": "Taming: not tameable.",
      "blurb": "Using a glass bottle on a squid will give you ink!"
    },
    {
      "type": "entity",
      "name": "Squid",
      "entity": "minecraft:squid",
      "scale": "0.5",
      "offset": "-0.65",
      "text": "Squid tentacles are also delicious when cooked!"
    }
  ]
}