{
  "category": "bewitchment:brewing",
  "name": "Corrosion",
  "icon": "minecraft:dragon_breath",
  "advancement": "bewitchment:hidden_unlocks/altars",
  "pages": [
    {
      "type": "text",
      "text": "The counterpart to $(l:bewitchment:brewing/hardening)Hardening$() will reduce armor by a flat amount."
    },
    {
      "type": "patchouli:spotlight",
      "title": "Corrosion",
      "item": "minecraft:dragon_breath",
      "text": "The armor decrease is proportional to the potion's strength."
    }
  ]
}
