{
  "category": "bewitchment:brewing",
  "name": "Deflection",
  "icon": "minecraft:phantom_membrane",
  "advancement": "bewitchment:hidden_unlocks/altars",
  "pages": [
    {
      "type": "text",
      "text": "Deflects Arrows from the target, making them return faster from where they were shot from."
    },
    {
      "type": "patchouli:spotlight",
      "title": "Deflection",
      "item": "minecraft:phantom_membrane",
      "text": "Arrows get faster the stronger the Deflection effect is."
    }
  ]
}
