{
  "category": "bewitchment:brewing",
  "name": "振奮",
  "icon": "bewitchment:elder_bark",
  "advancement": "bewitchment:hidden_unlocks/altars",
  "pages": [
    {
      "type": "text",
      "text": "This will fill the $(l:bewitchment:introduction/altars#internalme)Internal ME Buffer$() of whoever consumes it by a flat amount."
    },
    {
      "type": "patchouli:spotlight",
      "title": "振奮",
      "item": "bewitchment:elder_bark",
      "text": "Intensity will increase the amount of $(l:bewitchment:introduction/altars#internalme)ME$() gained."
    }
  ]
}
