{
  "category": "bewitchment:brewing",
  "name": "Leeching",
  "icon": "bewitchment:bottle_of_blood",
  "advancement": "bewitchment:hidden_unlocks/altars",
  "pages": [
    {
      "type": "text",
      "text": "Heals the target based on damage dealt."
    },
    {
      "type": "patchouli:spotlight",
      "title": "Leeching",
      "item": "bewitchment:bottle_of_blood",
      "text": "The higher the intensity, the more health is healed.$(br2)This effect will not work if you have $(l:bewitchment:brewing/mundane_brews#strength)Strength$(), $(l:bewitchment:brewing/mundane_brews#regeneration)Regeneration$(), or $(l:bewitchment:brewing/mundane_brews#resistance)Resistance.$()"
    }
  ]
}
