{
  "category": "bewitchment:brewing",
  "name": "Magic Sponge",
  "icon": "bewitchment:dragons_blood_resin",
  "advancement": "minecraft:nether/find_fortress",
  "pages": [
    {
      "type": "text",
      "text": "Magic Sponge will reduce damage from magic sources, and in turn refill the target's $(l:bewitchment:introduction/altars#internalme)Internal ME Buffer$() based on the damage."
    },
    {
      "type": "patchouli:spotlight",
      "title": "Magic Sponge",
      "item": "bewitchment:dragons_blood_resin",
      "text": "Higher intensity increases magic damage reduction."
    }
  ]
}
