{
  "category": "bewitchment:brewing",
  "name": "變形",
  "icon": "bewitchment:taglock{OwnerName:Aelpecyem}",
  "advancement": "bewitchment:hidden_unlocks/altars",
  "pages": [
    {
      "type": "patchouli:text",
      "text": "變形大概是有著最多變化的效果之一，玩家在變形效果下將轉變成$(l:bewitchment:tools/taglock)巫媒$()內目標生物的樣子。$(br2)這種效果也能做成飛濺藥水或其他，如同其他效果般。"
    },
    {
      "type": "patchouli:spotlight",
      "title": "變形",
      "item": "bewitchment:taglock{FromPlayer: 1b, OwnerUUID: [I; 1672005179, -1854323673, -2070260447, 778045631], OwnerName:\"Aelpecyem\"}",
      "text": "效果強度並不影響藥水的效用。$(br2)這種效果僅有使用$(l:bewitchment:tools/taglock)巫媒$()釀造藥水時才有效用。"
    }
  ]
}
