{
  "category": "bewitchment:brewing",
  "name": "Purity",
  "icon": "bewitchment:birch_bark",
  "advancement": "bewitchment:hidden_unlocks/altars",
  "pages": [
    {
      "type": "patchouli:text",
      "text": "藉著樺木的潔淨效用，純潔效果可以弱化負面效果。$(br2)每個等級的純潔效果都將與每個等級的負面效果互相抵銷等級。"
    },
    {
      "type": "patchouli:spotlight",
      "title": "純潔",
      "item": "bewitchment:birch_bark",
      "text": "講實際點，這代表了在等級更高的純潔效果中，能消除更多的負面效果。"
    }
  ]
}
