{
  "category": "bewitchment:brewing",
  "name": "偷竊",
  "icon": "minecraft:diamond",
  "advancement": "bewitchment:hidden_unlocks/altars",
  "pages": [
    {
      "type": "patchouli:text",
      "text": "這種效果將竊取任何附近實體的正面影響，並將其應用於您。環境效果就是一個例外。"
    },
    {
      "type": "patchouli:spotlight",
      "title": "偷竊",
      "item": "minecraft:diamond",
      "text": "竊來的效果時間會砍半。$(br2)此效果不與$(l:bewitchment:brewing/synchronized)同步$()效果相容。$(br2)等級越高，效果所能涵蓋的範圍越廣。"
    }
  ]
}
