{
  "category": "bewitchment:brewing",
  "name": "Thorns",
  "icon": "minecraft:cactus",
  "advancement": "bewitchment:hidden_unlocks/altars",
  "pages": [
    {
      "type": "text",
      "text": "The Thorns effect does as its name implies. Every entity that tries to damage the user will receive some damage."
    },
    {
      "type": "patchouli:spotlight",
      "title": "Thorns",
      "item": "minecraft:cactus",
      "text": "The damage received through Thorns is proportional to the effect's strength."
    }
  ]
}
