{
    "name": "How to build",
    "icon": "bigreactors:fluidizersolidinjector",
    "category": "bigreactors:fluidizer",
    "read_by_default": true,
    "sortnum": 2,
    "pages": [
        {
            "type": "text",
            "text": "The Fluidizer is a 3x3x3 (minimum size) machine build from Casing blocks and a mix of the other device parts.$(br)Glass can be used in place of Casing blocks in the all faces of the machine (but not on the frame).$(br2)Check each Fluidizer part page for restriction on where each part can be placed."
        },
        {
            "type": "zcmultiblock",
            "multiblock_id": "bigreactors:bookfluidizer"
        }
    ]
}