{
    "name": "Glass",
    "icon": "bigreactors:fluidizerglass",
    "category": "bigreactors:fluidizer-parts",
    "read_by_default": true,
    "sortnum": 2,
    "pages": [
        {
            "type": "spotlight",
            "item": "bigreactors:fluidizerglass",
            "link_recipe": true,
            "title": "Glass",
            "text": "Glass blocks are decorative blocks that can be used, instead of a Casing block, to show the interior of the Fluidizer."
        },
        {
            "type": "crafting-part_usage",
            "crafting.title1": "Glass",
            "crafting.recipe1": "bigreactors:fluidizer/glass",
            "usage.text": "$(l)Mandatory:$() no$(br)$(l)Valid positions:$() any face (not on frame)$(br)$(l)Graphical interface:$() no"
        }
    ]
}