{
    "name": "Output Port",
    "icon": "bigreactors:fluidizeroutputport",
    "category": "bigreactors:fluidizer-parts",
    "read_by_default": true,
    "sortnum": 8,
    "pages": [
        {
            "type": "spotlight",
            "item": "bigreactors:fluidizerpowerport",
            "link_recipe": true,
            "title": "Output Port",
            "text": "The Output Port allow you to extract the fluid fuel from the Fluidizer.$(br2)You can connect a pipe of sort to extract the fuel automatically."
        },
        {
            "type": "crafting-part_usage",
            "crafting.title1": "Output Port",
            "crafting.recipe1": "bigreactors:fluidizer/outputport",
            "usage.text": "$(l)Mandatory:$() at least one is required$(br)$(l)Valid positions:$() any face (not on frame)$(br)$(l)Graphical interface:$() no"
        }
    ]
}