{
    "name": "Power Port",
    "icon": "bigreactors:fluidizerpowerport",
    "category": "bigreactors:fluidizer-parts",
    "read_by_default": true,
    "sortnum": 6,
    "pages": [
        {
            "type": "spotlight",
            "item": "bigreactors:fluidizerpowerport",
            "link_recipe": true,
            "title": "Power Port",
            "text": "The Power Port allow you to provide the energy needed to power the Fluidizer.$(br2)Any Forge Energy compatible cable or generator can be connected to the Power Port."
        },
        {
            "type": "crafting-part_usage",
            "crafting.title1": "Power Port",
            "crafting.recipe1": "bigreactors:fluidizer/powerport",
            "usage.text": "$(l)Mandatory:$() at least one is required$(br)$(l)Valid positions:$() any face (not on frame)$(br)$(l)Graphical interface:$() no"
        }
    ]
}