{
    "name": "Fluid Injector",
    "icon": "bigreactors:fluidizerfluidinjector",
    "category": "bigreactors:fluidizer-parts",
    "read_by_default": true,
    "sortnum": 6,
    "pages": [
        {
            "type": "spotlight",
            "item": "bigreactors:fluidizerfluidinjector",
            "link_recipe": true,
            "title": "Fluid Injector",
            "text": "The Fluid Injector allow you to insert existing fluid fuels into the Fluidizer to mix them and create a new fuel."
        },
        {
            "type": "crafting-part_usage",
            "crafting.title1": "Fluid Injector",
            "crafting.recipe1": "bigreactors:fluidizer/fluidinjector",
            "usage.text": "$(l)Mandatory:$() see $(l:bigreactors:fluidizer/operational_mode)operational mode$(/l)$(br)$(l)Valid positions:$() any face (not on frame)$(br)$(l)Graphical interface:$() no"
        }
    ]
}