{
    "name": "Solid Injector",
    "icon": "bigreactors:fluidizersolidinjector",
    "category": "bigreactors:fluidizer-parts",
    "read_by_default": true,
    "sortnum": 5,
    "pages": [
        {
            "type": "spotlight",
            "item": "bigreactors:fluidizersolidinjector",
            "link_recipe": true,
            "title": "Solid Injector",
            "text": "The Solid Injector allow you to insert existing solid fuel sources (like ingots) into the Fluidizer to convert them to fluid or mix them and create a new fuel."
        },
        {
            "type": "crafting-part_usage",
            "crafting.title1": "Solid Injector",
            "crafting.recipe1": "bigreactors:fluidizer/solidinjector",
            "usage.text": "$(l)Mandatory:$() see $(l:bigreactors:fluidizer/operational_mode)operational mode$(/l)$(br)$(l)Valid positions:$() any face (not on frame)$(br)$(l)Graphical interface:$() yes"
        }
    ]
}