{
  "name": "果醬",
  "icon": "croptopia:grape_jam",
  "category": "croptopia:ingredients",
  "pages": [
    {
      "type": "crafting",
      "recipe": "croptopia:grape_jam",
      "text": "這些是在作物方城市中不同果醬的製作方法"
    },
    {
      "type": "crafting",
      "recipe": "croptopia:peach_jam",
      "recipe2": "croptopia:apricot_jam"
    },
    {
      "type": "crafting",
      "recipe": "croptopia:blackberry_jam",
      "recipe2": "croptopia:blueberry_jam"
    },
    {
      "type": "crafting",
      "recipe": "croptopia:cherry_jam",
      "recipe2": "croptopia:elderberry_jam"
    },
    {
      "type": "crafting",
      "recipe": "croptopia:raspberry_jam",
      "recipe2": "croptopia:strawberry_jam"
    }
  ]
}