{
  "name": "果醬",
  "icon": "croptopia:grape_jam",
  "category": "croptopia:ingredients",
  "pages": [
    {
      "type": "合成",
      "recipe": "croptopia:grape_jam",
      "text": "These are the recipes to craft the different jams in Croptopia."
    },
    {
      "type": "合成",
      "recipe": "croptopia:peach_jam",
      "recipe2": "croptopia:apricot_jam"
    },
    {
      "type": "合成",
      "recipe": "croptopia:blackberry_jam",
      "recipe2": "croptopia:blueberry_jam"
    },
    {
      "type": "合成",
      "recipe": "croptopia:cherry_jam",
      "recipe2": "croptopia:elderberry_jam"
    },
    {
      "type": "合成",
      "recipe": "croptopia:raspberry_jam",
      "recipe2": "croptopia:strawberry_jam"
    }
  ]
}