{
  "name": "果醬",
  "icon": "作物方城市:葡萄果醬",
  "category": "croptopia:ingredients",
  "pages": [
    {
      "type": "crafting",
      "recipe": "作物方城市:葡萄果醬",
      "text": "These are the recipes to craft the different jams in Croptopia."
    },
    {
      "type": "crafting",
      "recipe": "作物方城市:桃子果醬",
      "recipe2": "作物方城市:桃子果醬"
    },
    {
      "type": "crafting",
      "recipe": "作物方城市:黑莓果醬",
      "recipe2": "作物方城市:黑莓果醬"
    },
    {
      "type": "crafting",
      "recipe": "作物方城市:櫻桃果醬",
      "recipe2": "作物方城市:接骨木漿果果醬"
    },
    {
      "type": "crafting",
      "recipe": "作物方城市:覆盆子果醬",
      "recipe2": "作物方城市:草莓果醬"
    }
  ]
}