{
  "category": "bewitchment:contracts",
  "name": "Wrath",
  "icon": "bewitchment:demonic_contract",
  "advancement": "bewitchment:hidden_unlocks/demon_horn",
  "sortnum": 1,
  "pages": [
    {
      "type": "text",
      "text": "Sometimes getting hurt makes you angry, and with the $(l:bewitchment:contracts/concept_contracts)Contract$() of Wrath you can finally manifest that anger reasonably!$(br2)Signing this $(l:bewitchment:contracts/concept_contracts)Contract$() will increase your damage output with lower health."
    }
  ]
}
