{
  "name": "沙拉",
  "icon": "croptopia:cucumber_salad",
  "category": "croptopia:snacks",
  "pages": [
    {
      "type": "crafting",
      "recipe": "croptopia:cucumber_salad",
      "text": "Recipes for making different types of salads."
    },
    {
      "type": "crafting",
      "recipe": "croptopia:leafy_salad",
      "recipe2": "croptopia:fruit_salad"
    },
    {
      "type": "crafting",
      "recipe": "croptopia:veggie_salad",
      "recipe2": "croptopia:caesar_salad"
    }
  ]
}