{
  "name": "大廳",
  "icon": "bloodmagic:dungeon_seal",
  "category": "bloodmagic:dungeons",
  "extra_recipe_mappings": [
    [
      "bloodmagic:inversion_pillar",
      0
    ],
    [
      "bloodmagic:dungeon_seal",
      0
    ],
    [
      "bloodmagic:dungeon_controller",
      0
    ],
    [
      "bloodmagic:inversion_pillar_cap",
      0
    ],
    [
      "bloodmagic:dungeon_brick3",
      1
    ],
    [
      "bloodmagic:dungeon_brick2",
      1
    ],
    [
      "bloodmagic:dungeon_brick1",
      1
    ],
    [
      "bloodmagic:dungeon_brick_assorted",
      1
    ],
    [
      "bloodmagic:dungeon_stone",
      1
    ],
    [
      "bloodmagic:dungeon_eye",
      1
    ],
    [
      "bloodmagic:dungeon_polished",
      1
    ],
    [
      "bloodmagic:dungeon_tile",
      1
    ],
    [
      "bloodmagic:dungeon_tilespecial",
      1
    ],
    [
      "bloodmagic:dungeon_smallbrick",
      1
    ],
    [
      "bloodmagic:dungeon_brick_stairs",
      1
    ],
    [
      "bloodmagic:dungeon_polished_stairs",
      1
    ],
    [
      "bloodmagic:dungeon_pillar_center",
      1
    ],
    [
      "bloodmagic:dungeon_pillar_special",
      1
    ],
    [
      "bloodmagic:dungeon_pillar_cap",
      1
    ],
    [
      "bloodmagic:dungeon_brick_wall",
      1
    ],
    [
      "bloodmagic:dungeon_polished_wall",
      1
    ],
    [
      "bloodmagic:dungeon_brick_gate",
      1
    ],
    [
      "bloodmagic:dungeon_polished_gate",
      1
    ],
    [
      "bloodmagic:dungeon_brick_slab",
      1
    ],
    [
      "bloodmagic:dungeon_tile_slab",
      1
    ],
    [
      "bloodmagic:dungeon_regular_cracked_brick1",
      1
    ],
    [
      "bloodmagic:dungeon_cracked_brick1",
      1
    ],
    [
      "bloodmagic:dungeon_emitter",
      1
    ],
    [
      "bloodmagic:dungeon_alternator",
      1
    ],
    [
      "bloodmagic:spikes",
      1
    ],
    [
      "bloodmagic:dungeon_spike_trap",
      1
    ]
  ],
  "pages": [
    {
      "type": "text",
      "text": "在執行$(l:bloodmagic:rituals/ritual_list/ritual_simple_dungeon)隱域之緣$()儀式後，你會發現自己的眼前出現一個$(thing)反轉柱$()。右鍵點擊這個柱子會被傳送到大廳，這是你第一次進入$(thing)魔界$()。$(br)第一個房間有一些值得注意的東西：$(li)一個單獨的寶箱，包含一些基本的戰利品，如果幸運的話，還有一些$(l:bloodmagic:dungeons/simple_key)簡易鑰匙$()。"
    },
    {
      "type": "text",
      "text": "$(li)第二，你會看到許多道$(thing)門$()，每道門都被鎖上了。使用$(item)鑰匙$()來解鎖下一個房間。$(li)第三，$(item)反轉柱$()，你之前召喚出來的傳送器。[$(k:use)]點擊它回到你原本的世界。$(br2)如果您覺得您的基地需要增加一些活力與魅力的話，這裡還有大量的裝飾方塊。"
    },
    {
      "type": "text",
      "text": "你從這個大廳打開的任何其他房間都將包含一些戰利品、怪物、陷阱和可能一些未激活的儀式。擦亮眼睛！$(br2)一些你可能會發現的戰利品示例：$(li)\n附魔書$(li)\n附魔的武器和裝備$(li)$(l:bloodmagic:alchemy_table/anointments)各種塗物$()$(li )$(l:bloodmagic:demon_will/will_manipulation/demon_will)惡魔意志$()$(li)藥水材料"
    },
    {
      "type": "text",
      "text": "$(li)仙桃$(li)飽滿的仙桃$(li)仙桃油$(br2)所以探險時，記得留意寶藏和陷阱！"
    }
  ]
}