{
  "name": "The Antechamber",
  "icon": "bloodmagic:dungeon_seal",
  "category": "bloodmagic:dungeons",
  "extra_recipe_mappings": [
    [
      "bloodmagic:inversion_pillar",
      0
    ],
    [
      "bloodmagic:dungeon_seal",
      0
    ],
    [
      "bloodmagic:dungeon_controller",
      0
    ],
    [
      "bloodmagic:inversion_pillar_cap",
      0
    ],
    [
      "bloodmagic:dungeon_brick3",
      1
    ],
    [
      "bloodmagic:dungeon_brick2",
      1
    ],
    [
      "bloodmagic:dungeon_brick1",
      1
    ],
    [
      "bloodmagic:dungeon_brick_assorted",
      1
    ],
    [
      "bloodmagic:dungeon_stone",
      1
    ],
    [
      "bloodmagic:dungeon_eye",
      1
    ],
    [
      "bloodmagic:dungeon_polished",
      1
    ],
    [
      "bloodmagic:dungeon_tile",
      1
    ],
    [
      "bloodmagic:dungeon_tilespecial",
      1
    ],
    [
      "bloodmagic:dungeon_smallbrick",
      1
    ],
    [
      "bloodmagic:dungeon_brick_stairs",
      1
    ],
    [
      "bloodmagic:dungeon_polished_stairs",
      1
    ],
    [
      "bloodmagic:dungeon_pillar_center",
      1
    ],
    [
      "bloodmagic:dungeon_pillar_special",
      1
    ],
    [
      "bloodmagic:dungeon_pillar_cap",
      1
    ],
    [
      "bloodmagic:dungeon_brick_wall",
      1
    ],
    [
      "bloodmagic:dungeon_polished_wall",
      1
    ],
    [
      "bloodmagic:dungeon_brick_gate",
      1
    ],
    [
      "bloodmagic:dungeon_polished_gate",
      1
    ],
    [
      "bloodmagic:dungeon_brick_slab",
      1
    ],
    [
      "bloodmagic:dungeon_tile_slab",
      1
    ],
    [
      "bloodmagic:dungeon_regular_cracked_brick1",
      1
    ],
    [
      "bloodmagic:dungeon_cracked_brick1",
      1
    ],
    [
      "bloodmagic:dungeon_emitter",
      1
    ],
    [
      "bloodmagic:dungeon_alternator",
      1
    ],
    [
      "bloodmagic:spikes",
      1
    ],
    [
      "bloodmagic:dungeon_spike_trap",
      1
    ]
  ],
  "pages": [
    {
      "type": "text",
      "text": "Upon performing the $(l:bloodmagic:rituals/ritual_list/ritual_simple_dungeon)Edge of the Hidden Realm$() ritual, you will find yourself looking at an $(thing)Inversion Pillar$(). Right click this pillar to be transported to the Antechamber, your first foray into the $(thing)Demon Realm.$() $(br)There are a few things of note in this first room: $(li)A single treasure chest containing some basic loot and, if you are lucky, a few $(l:bloodmagic:dungeons/simple_key)Simple Keys$()."
    },
    {
      "type": "text",
      "text": "$(li)Secondly, a number of $(thing)Doorways$(), each locked with a $(thing)Dungeon Seal.$() Use a $(item)Key$() on these seals to unlock the next room. $(li)Thirdly, an $(item)Inversion Pillar$(), a mirror of the one you summoned previously. [$(k:use)] this to return to your world. $(br2)There's also a large number of decorative blocks here, should you feel your home base needs some pizazz."
    },
    {
      "type": "text",
      "text": "Any additional rooms you open from this antecamber will contain some combination of loot, monsters, traps and possibly some unactivated rituals. Keep your eyes peeled! $(br2)A few examples of loot that you might find: $(li)Enchanted Books $(li)Enchanted Weapons and Armour $(li)$(l:bloodmagic:alchemy_table/anointments)Various Anointments$() $(li)$(l:bloodmagic:demon_will/will_manipulation/demon_will)Demon Will$() $(li)Potion Ingredients"
    },
    {
      "type": "text",
      "text": "$(li)Tau Fruit $(li)Saturated Tau $(li)Tau Oil$(br2)So get hunting and keep an eye out for treasure and traps alike!"
    }
  ]
}