{
  "name": "Simple Keys",
  "icon": "bloodmagic:simplekey",
  "category": "bloodmagic:dungeons",
  "pages": [
    {
      "type": "text",
      "text": "Simple Keys are the primary way of navigating $(thing)Dungeons$(). They can be found inside dungeon chests within the Demon Realm, or they can be crafted."
    },
    {
      "type": "crafting_soulforge",
      "heading": "Simple Key",
      "recipe": "bloodmagic:soulforge/simple_key",
      "text": "$(italic)If it's so simple, why can't we just pick the lock?$()"
    }
  ]
}