{
  "name": "仙桃",
  "icon": "bloodmagic:weak_tau",
  "category": "bloodmagic:dungeons",
  "extra_recipe_mappings": [
    [
      "bloodmagic:weak_tau",
      0
    ]
  ],
  "pages": [
    {
      "type": "text",
      "text": "仙桃可以在$(l:bloodmagic:dungeons/lobby)簡易地下城$()中找到，找到後可以種植。 不幸的是，作為來自$(thing)魔界$()的物種，它的生命週期比不起眼的$(item)馬鈴薯$()要更複雜一些。$(br2)根據它的成長條件，仙桃將會成熟為兩個不同的品種。 一般情況下，它會長成普通的$(item)仙桃$()，可以將其轉化為$(item)仙桃油$()。"
    },
    {
      "type": "crafting_alchemy_table",
      "heading": "仙桃油",
      "recipe": "bloodmagic:alchemytable/tau_oil",
      "text": "$(italic)嘗起來就像血橙。$()"
    },
    {
      "type": "text",
      "text": "仙桃油目前有兩個主要用途。 它可以將任何$(l:bloodmagic:alchemy_table/anointments)塗物$()的持續時間延長四倍，或者可以用來製作$(item)進階切削油$()，其功能與$(l:bloodmagic:utility/alchemical_reaction_chamber#basic_cutting_fluid)基礎切削油$()相似，但持續時間延長八倍，並提供25%的速度提升。"
    },
    {
      "type": "spotlight",
      "item": "bloodmagic:strong_tau",
      "link_recipe": "true",
      "text": "然而，$(item)仙桃$()有另一種更具挑戰性的成長途徑。如果仙桃在有$(thing)生物$()（例如一頭牛）站在它上面的時候成熟，它會從此生物中吸取生命值來滿足它黑暗的飢餓。這樣，$(item)飽滿的仙桃$()就可以長出來了。"
    }
  ]
}