{
  "name": "Small Block Breaker",
  "icon": "engineersdecor:small_block_breaker",
  "category": "automation",
  "sortnum": 6040,
  "pages": [
    {
      "type": "spotlight",
      "title": "Small Block Breaker",
      "item": "engineersdecor:small_block_breaker",
      "text": "Destroys blocks in front of it using two counter-rotating, $(t:... description see Engineer's Tools mod ...)REDIA covered$() core drills.$(br2)It does not collect or store the dropped blocks, and needs more or less time depending on the hardness of the block to break. Providing RF power considerably accelerates that process."
    },
    {
      "type": "text",
      "text": "The dropped items are the same as if the block would be harvested with a pickaxe, axe, or shovel (without silk touch effect, fortune 0, etc).$(br)Applying a Redstone signal stops the breaker.$(br)You can place the device in horizontal directions, where sneak-clicking flips the placement direction. $(br2)$(o)[notice: The pack configuration may enforce that the device needs power. You can see that it is working when the drills rotate]$()"
    }
  ]
}
