{
  "name": "Flipped Rune",
  "icon": "lacrimis:rune/flip",
  "category": "lacrimis:cages",
  "advancement": "lacrimis:base/rune_tier1",
  "sortnum": 4,
  "pages": [
    {
      "type": "text",
      "text": "A helpful rune for utility is the flipped rune, a device to make a soul cage act upside down.$(br)Just place it on top of the center rune, and stand below it instead of on top.$(br)The cage blocks go on the bottom too."
    },
    {
      "type": "lacrimis:infusion",
      "recipe": "lacrimis:infusion/rune_flip",
      "text": "It can even be used to stack two rune cages on top of each other, and have them share some walls."
    }
  ]
}