{
  "name": "Tier III Soul Cage",
  "icon": "lacrimis:rune/tier2",
  "category": "lacrimis:cages",
  "advancement": "lacrimis:base/rune_tier3",
  "sortnum": 3,
  "pages": [
    {
      "type": "text",
      "text": "To make runes any more powerful, I needed the most powerful of ingredients. A single nether star is required to build a tier III soul cage. It is not to be undertaken lightly."
    },
    {
      "type": "lacrimis:infusion",
      "recipe": "lacrimis:infusion/rune_tier3"
    },
    {
      "type": "text",
      "text": "A tier III soul cage requires eleven tier II runes, a tier II duct connector, and seven tier III runes. $(br)Tier I or tier II core runes used in a tier III soul cage will only need half the tears to run"
    },
    {
      "type": "multiblock",
      "text": "Replace the center with any core rune.",
      "multiblock": {
        "pattern": [
          [
            " 456 ",
            "4DEF6",
            "3C0G7",
            "2BAH8",
            " 2P8 "
          ]
        ],
        "mapping": {
          "0": "lacrimis:rune/stone",
          "P": "lacrimis:rune/duct2[center=1]",
          "2": "lacrimis:rune/tier2[center=2]",
          "3": "lacrimis:rune/tier2[center=3]",
          "4": "lacrimis:rune/tier2[center=4]",
          "5": "lacrimis:rune/tier2[center=5]",
          "6": "lacrimis:rune/tier2[center=6]",
          "7": "lacrimis:rune/tier2[center=7]",
          "8": "lacrimis:rune/tier2[center=0]",
          "A": "lacrimis:rune/tier3[center=1]",
          "B": "lacrimis:rune/tier3[center=2]",
          "C": "lacrimis:rune/tier3[center=3]",
          "D": "lacrimis:rune/tier3[center=4]",
          "E": "lacrimis:rune/tier3[center=5]",
          "F": "lacrimis:rune/tier3[center=6]",
          "G": "lacrimis:rune/tier3[center=7]",
          "H": "lacrimis:rune/tier3[center=0]"
        }
      }
    }
  ]
}