{
  "category": "bewitchment:contracts",
  "name": "憤怒契約",
  "icon": "bewitchment:demonic_contract",
  "advancement": "bewitchment:hidden_unlocks/demon_horn",
  "sortnum": 1,
  "pages": [
    {
      "type": "patchouli:text",
      "text": "時不時的受傷總令人氣憤，但有了憤怒$(l:bewitchment:contracts/concept_contracts)契約$()的效力，終於有個好方法來發洩這些怒氣！$(br2)簽署$(l:bewitchment:contracts/concept_contracts)契約$()後，血量越低，攻擊傷害越高。"
    }
  ]
}
