{
    "name": "靈氣裝瓶",
    "icon": "naturesaura:aura_bottle{stored_type:'naturesaura:overworld'}",
    "category": "practices",
    "advancement": "naturesaura:wood_stand",
    "turnin": "naturesaura:aura_bottle_overworld",
    "pages": [
        {
            "type": "text",
            "text": "$(#419600)靈氣$()及其在世界上的存在，長期以來一直是研究人員的難題。在過去，他們常常使用$(item)瓶子$()來收集$(#419600)靈氣$()，並在它變得能夠肉眼可見時進行更詳細的分析。不久之後，來自無知平民的抱怨開始困擾他們：「其他科學家已經在使用瓶子了，這將引起問題」，他們說。"
        },
        {
            "type": "crafting",
            "text": "因此，為了排除所有語無倫次的胡扯，他們創造了$(item)瓶子和木塞$()：一個類似的，但略有不同的工具瓶，可以專門用來收集$(#419600)靈氣$()，只需要手持它對空氣右鍵。",
            "recipe": "naturesaura:bottle_two_the_rebottling"
        },
        {
            "type": "spotlight",
            "item": "naturesaura:aura_bottle{stored_type:'naturesaura:overworld'}",
            "link_recipe": true,
            "text": "當然，根據您目前所處的環境，所收集的$(#419600)靈氣$()的類型會略有不同。例如，在主世界中，$(#419600)靈氣$()可以以陽光的形式收集，而在地獄中，$(#419600)靈氣$()可以以鬼魂的形式收集，而在終末之界中，$(#419600)靈氣$()以過剩黑暗的形式存在。"
        },
        {
            "type": "text",
            "text": "此外，使用$(item)發射器$()可以很容易地自動收集$(#419600)靈氣$()：將空的$(item)瓶子和木塞$()放入其中將導致它們被打開，使它們在這個過程中充滿$(#419600)靈氣$()。由於之後它們不會再被發射器吸走，因此需要一個額外的工具，如$(item)漏斗$()。"
        }
    ]
}