{
    "name": "Ritual of the Forest",
    "icon": "naturesaura:wood_stand",
    "category": "practices",
    "advancement": "naturesaura:gold_leaf",
    "priority": true,
    "turnin": "naturesaura:wood_stand",
    "pages": [
        {
            "type": "text",
            "text": "When starting out as a magical botanist, it proves beneficial to use the powers of nature on a more direct level before delving directly into $(aura) itself. The $(item)Ritual of the Forest$() uses properties of $(l:practices/gold_trees)Gold Powder$() to encorporate the power of natural ingredients directly into a fresh, growing tree, devouring it in the process, but at the same time, transforming it into useful tools and items."
        },
        {
            "type": "text",
            "text": "To construct this $(thing)ritual$(), one has to place $(item)Gold Powder$() in the configuration shown on the next page, with some $(item)Wooden Stands$() around that which will hold the ingredients.$(br)Then, the correct $(item)Sapling$() must be placed in the middle, and, either through some kind of fertilizer, or through the inevitability of time, its growth will cause the ritual to start."
        },
        {
            "type": "multiblock",
            "multiblock_id": "naturesaura:tree_ritual",
            "text": "Preparing the $(item)Ritual of the Forest$(). It is not required to have all $(item)Wood Stands$() present."
        },
        {
            "type": "crafting",
            "text": "Creating $(item)Wooden Stands$()",
            "recipe": "naturesaura:wood_stand"
        },
        {
            "type": "text",
            "text": "Together with the ritual, knowledge of $(item)Tokens$() can be gained: Wooden figurines, depicting key emotions - created from trees infused with their respective symbols. These figurines contain a combination of the vast power of $(aura) itself and the power of the emotions they represent.$(p)Going forward, these $(item)Tokens$() will be a key construction ingredient."
        },
        {
            "type": "naturesaura:tree_ritual",
            "recipe": "naturesaura:token_joy",
            "text": "Creating the $(item)Token of Joy$(), infused with items that spark joy, found in nature, exploration and beauty"
        },
        {
            "type": "naturesaura:tree_ritual",
            "recipe": "naturesaura:token_fear",
            "text": "Creating the $(item)Token of Fear$(), infused with items representing transience, falling"
        },
        {
            "type": "naturesaura:tree_ritual",
            "recipe": "naturesaura:token_anger",
            "text": "Creating the $(item)Token of Anger$(), infused with dark components - explosiveness, fire, darkness"
        },
        {
            "type": "naturesaura:tree_ritual",
            "recipe": "naturesaura:token_sorrow",
            "text": "Creating the $(item)Token of Sorrow$(), infused with tears, fragility and death"
        }
    ]
}