{
    "name": "森林儀式",
    "icon": "naturesaura:wood_stand",
    "category": "practices",
    "advancement": "naturesaura:gold_leaf",
    "priority": true,
    "turnin": "naturesaura:wood_stand",
    "pages": [
        {
            "type": "text",
            "text": "當你剛成為魔法植物學家時，使用自然力量本身比使用$(#419600)靈氣$()的力量更加有益。$(item)森林儀式$()使用$(l:practices/gold_trees)金葉粉$()的屬性來驅使自然成分力量進入一顆新生的，正在生長的樹苗，並在這個過程中吞噬它，將其轉化為實用的工具與物品。"
        },
        {
            "type": "text",
            "text": "要建造此$(thing)儀式$()，需要如同下一頁展示那樣放置$(item)金葉粉$()，一些用以擺放合成材料的$(item)木墩$()也需要放置在周圍。$(br)隨後，正確的$(item)樹苗$()必須被放置在中間。最後，要嘛使用肥料，要嘛等待必然的時間，樹苗的生長會導致儀式的開始。"
        },
        {
            "type": "multiblock",
            "multiblock_id": "naturesaura:tree_ritual",
            "text": "準備$(item)森林儀式$()。它並不需要圖中所有的$(item)木墩$()。"
        },
        {
            "type": "crafting",
            "text": "合成$(item)木墩$()",
            "recipe": "naturesaura:wood_stand"
        },
        {
            "type": "text",
            "text": "與儀式一起，$(item)徽章$()的知識會被得到：木製小雕像，刻畫特定的情感——使用注入對應符號的樹製作。這些雕像包含$(#419600)靈氣$()本身的巨大能量和雕像代表的情感的結合。$(p)再向前進，這些$(item)徽章$()將會是一個關鍵的構造原料。"
        },
        {
            "type": "naturesaura:tree_ritual",
            "recipe": "naturesaura:token_joy",
            "text": "合成$(item)快樂徽章$()，充滿了在自然、探索和美麗中發現，能激發快樂的物品"
        },
        {
            "type": "naturesaura:tree_ritual",
            "recipe": "naturesaura:token_fear",
            "text": "合成$(item)恐懼徽章$()，充滿了代表無常、墮落的物品"
        },
        {
            "type": "naturesaura:tree_ritual",
            "recipe": "naturesaura:token_anger",
            "text": "合成$(item)憤怒徽章$()，充滿了黑暗的成分——爆炸性、火、黑暗"
        },
        {
            "type": "naturesaura:tree_ritual",
            "recipe": "naturesaura:token_sorrow",
            "text": "合成$(item)遺憾徽章$()，充滿了淚水、脆弱和死亡"
        }
    ]
}