{
    "name": "源石",
    "icon": "adventurez:source_stone",
    "category": "adventurez:item_category",
    "pages": [
        {
            "type": "spotlight",
            "item": "adventurez:source_stone",
            "text": "源石是由虛空之影掉落的。這是一塊傳說中的石頭，在古代由一位黑暗法師製作，他的名字早已被遺忘。右鍵會射出一顆虛空子彈。Shift + 右鍵將試圖通過障礙物對你進行相位。"
        },
        {
            "type": "empty",
            "draw_filler": false
        }
    ]
}