{
  "name": "圓環",
  "category": "rituals",
  "icon": "bewitchment:focal_chalk",
  "priority": true,
  "pages": [
    {
      "type": "multiblock",
      "name": "小型圓環",
      "text": "外層字元可以是所有類型的，除了金色",
      "multiblock": {
        "mapping": {
          "G": "bewitchment:glyph",
          "0": "bewitchment:glyph"
        },
        "pattern": [
          [
            "__GGG__",
            "_G___G_",
            "G_____G",
            "G__0__G",
            "G_____G",
            "_G___G_",
            "__GGG__"
          ]
        ]
      }
    },
    {
      "type": "multiblock",
      "name": "中型圓環",
      "text": "外層字元可以是所有類型的，除了金色",
      "multiblock": {
        "mapping": {
          "G": "bewitchment:glyph",
          "0": "bewitchment:glyph"
        },
        "pattern": [
          [
            "___GGGGG___",
            "__G_____G__",
            "_G_______G_",
            "G_________G",
            "G_________G",
            "G____0____G",
            "G_________G",
            "G_________G",
            "_G_______G_",
            "__G_____G__",
            "___GGGGG___"
          ]
        ]
      }
    },
    {
      "type": "multiblock",
      "name": "大型圓環",
      "text": "外層字元可以是所有類型的，除了金色",
      "multiblock": {
        "mapping": {
          "G": "bewitchment:glyph",
          "0": "bewitchment:glyph"
        },
        "pattern": [
          [
            "____GGGGGGG____",
            "___G_______G___",
            "__G_________G__",
            "_G___________G_",
            "G_____________G",
            "G_____________G",
            "G_____________G",
            "G______0______G",
            "G_____________G",
            "G_____________G",
            "G_____________G",
            "_G___________G_",
            "__G_________G__",
            "___G_______G___",
            "____GGGGGGG____"
          ]
        ]
      }
    }
  ]
}
