{
  "name": "Circle Drawing",
  "category": "rituals",
  "icon": "bewitchment:ritual_chalk",
  "pages": [
    {
      "type": "text",
      "text": "Instantly draws a circle according to the chalk type held in the off-hand, with the size dependent on the ingredients used"
    },
    {
      "type": "bewitchment:ritual",
      "recipe": "bewitchment:draw_small"
    },
    {
      "type": "bewitchment:ritual",
      "recipe": "bewitchment:draw_medium"
    },
    {
      "type": "bewitchment:ritual",
      "recipe": "bewitchment:draw_large"
    }
  ]
}
