{
  "name": "繪製圓環",
  "category": "rituals",
  "icon": "bewitchment:ritual_chalk",
  "pages": [
    {
      "type": "text",
      "text": "根據手持的粉筆類型立即繪製一個圓環，圓環的大小依賴於所使用的材料"
    },
    {
      "type": "bewitchment:ritual",
      "recipe": "bewitchment:draw_small"
    },
    {
      "type": "bewitchment:ritual",
      "recipe": "bewitchment:draw_medium"
    },
    {
      "type": "bewitchment:ritual",
      "recipe": "bewitchment:draw_large"
    }
  ]
}
