{
  "name": "詛咒淨化",
  "category": "rituals",
  "icon": "bewitchment:brazier",
  "pages": [
    {
      "type": "text",
      "text": "移除來自於其它惡魔女巫所施加的詛咒。次級儀式有50%的機率移除身上的某個詛咒，並且不能夠移除強力詛咒；而高級儀式有90%的機率生效，且能移除強力詛咒。"
    },
    {
      "type": "bewitchment:ritual",
      "recipe": "bewitchment:lesser_curse_cleansing"
    },
    {
      "type": "bewitchment:ritual",
      "recipe": "bewitchment:greater_curse_cleansing"
    }
  ]
}
