{
  "name": "Curse Cleansing",
  "category": "rituals",
  "icon": "bewitchment:brazier",
  "pages": [
    {
      "type": "text",
      "text": "Rid yourselves of curses from other devilish witches. The lesser ritual has a 50% chance to remove each curse and cannot remove greater curses while the greater ritual has a 90% success rate and capable of removing greater curses."
    },
    {
      "type": "bewitchment:ritual",
      "recipe": "bewitchment:lesser_curse_cleansing"
    },
    {
      "type": "bewitchment:ritual",
      "recipe": "bewitchment:greater_curse_cleansing"
    }
  ]
}
