{
  "name": "Rising Twigs",
  "category": "rituals",
  "icon": "bewitchment:broom",
  "pages": [
    {
      "type": "text",
      "text": "Transforms a mundane broom into its magical equivalent. Brooms, including the mundane one, can also be used to sweep up various dusts."
    },
    {
      "type": "crafting",
      "recipe": "bewitchment:broom"
    },
    {
      "type": "text",
      "title": "Cypress Broom",
      "text": "Cypress Brooms cost magic power from a Grimoire Magia to maintain flight. They also give resistance 2 when mounted."
    },
    {
      "type": "bewitchment:ritual",
      "recipe": "bewitchment:cypress_broom"
    },
    {
      "type": "text",
      "title": "Elder Broom",
      "text": "Elder Brooms cost magic power from a Grimoire Magia to maintain flight. They are the fastest of the brooms, but do not have any special properties."
    },
    {
      "type": "bewitchment:ritual",
      "recipe": "bewitchment:elder_broom"
    },
    {
      "type": "text",
      "title": "Juniper Broom",
      "text": "Juniper Brooms do not cost magic power to maintain flight, due to their magical nature. However, they are also quite slow."
    },
    {
      "type": "bewitchment:ritual",
      "recipe": "bewitchment:juniper_broom"
    },
    {
      "type": "text",
      "title": "Dragon's Blood Broom",
      "text": "A broom made from a dragon’s blood tree, a sigil can be applied to the broom, and its effects will be applied to you while in flight. Also flies a bit faster than a normal broom, but not as fast as an Elder broom"
    },
    {
      "type": "bewitchment:ritual",
      "recipe": "bewitchment:dragons_blood_broom"
    }
  ]
}
