{
  "name": "世界操縱",
  "category": "rituals",
  "icon": "minecraft:gold_ingot",
  "pages": [
    {
      "type": "text",
      "text": "各種允許女巫來改變當下世界具體情況的儀式"
    },
    {
      "type": "empty",
      "draw_filler": false
    },
    {
      "type": "text",
      "title": "焯日榮光",
      "text": "將世界轉為白天，只在晚上有效"
    },
    {
      "type": "bewitchment:ritual",
      "recipe": "bewitchment:solar_glory"
    },
    {
      "type": "text",
      "title": "皎月高懸",
      "text": "將世界轉為黑夜，只在白天有效"
    },
    {
      "type": "bewitchment:ritual",
      "recipe": "bewitchment:high_moon"
    },
    {
      "type": "text",
      "title": "時之沙",
      "text": "操縱時間來加快日夜循環"
    },
    {
      "type": "bewitchment:ritual",
      "recipe": "bewitchment:sands_of_time"
    },
    {
      "type": "text",
      "title": "天傾倒灌",
      "text": "引發一場傾盆大雨"
    },
    {
      "type": "bewitchment:ritual",
      "recipe": "bewitchment:deluge"
    },
    {
      "type": "text",
      "title": "Drought",
      "text": "Stops any rain"
    },
    {
      "type": "bewitchment:ritual",
      "recipe": "bewitchment:drought"
    }
  ]
}
