{
  "name": "海妖",
  "icon": "outvoted:barnacle_spawn_egg",
  "category": "outvoted:entity_category",
  "pages": [
    {
      "type": "entity",
      "entity": "outvoted:barnacle",
      "scale": "0.3",
      "text": "A terrifying monster that lurks in the deepest of oceans, waiting for its next victim"
    },
    {
      "type": "text",
      "text": "海妖，最初被稱為深海怪物，是深海中的一種恐怖動物，它只會在最深的海洋中生成，並且會追逐任何偶然闖入牠家的旅行者。 它可以捕捉船隻並抓住玩家將他們拉到海面下。 $(br2)掉落: $(l:items/barnacle_tooth)海妖尖牙$(/l)"
    }
  ]
}