{
  "name": "貓鼬",
  "icon": "outvoted:meerkat_spawn_egg",
  "category": "outvoted:entity_category",
  "pages": [
    {
      "type": "entity",
      "entity": "outvoted:meerkat",
      "scale": "1.0",
      "text": "Quick little critter that scouts out the desert sand. Not actually a cat."
    },
    {
      "type": "text",
      "text": "貓鼬是在沙漠中漫遊的小動物。 他們會攻擊敵對的怪物，並對節肢動物有著敏銳的眼光。 如果你獲得他們的信任，他們可能會帶你找到附近的寶藏……"
    }
  ]
}