{
  "name": "Meerkat",
  "icon": "outvoted:meerkat_spawn_egg",
  "category": "outvoted:entity_category",
  "pages": [
    {
      "type": "entity",
      "entity": "outvoted:meerkat",
      "scale": "1.0",
      "text": "Quick little critter that scouts out the desert sand. Not actually a cat."
    },
    {
      "type": "text",
      "text": "Meerkats are small creatures that roam around the desert. They will attack hostile monsters and have a keen eye for arthropods. If you gain their trust, they may lead you to nearby treasure..."
    }
  ]
}