{
  "name": "獄火行者",
  "icon": "outvoted:wildfire_spawn_egg",
  "category": "outvoted:entity_category",
  "pages": [
    {
      "type": "entity",
      "entity": "outvoted:wildfire",
      "scale": "0.9",
      "text": "加入模組的第一個生物，Wildfire是一個危險的地獄生物"
    },
    {
      "type": "text",
      "text": "The Wildfire is a blaze-like mob that patrols the Nether. It is an uncommon, \"random encounter\" spawn, and when it shows up it spawns several Blazes along with it. It is capable of shooting a line of fireballs at its enemies, and can put up its shields to block damage.$(br2)Drops: Blaze Rod, $(l:items/wildfire_piece)Shattered Blaze Piece$(/l), $(l:items/wildfire_helmet)Wildfire Helmet$(/l)"
    },
    {
      "type": "entity",
      "entity": "outvoted:wildfire{Variant:1}",
      "scale": "0.9",
      "text": "靈魂砂谷 獄火行者",
      "flag": "outvoted:wildfirevariant"
    },
    {
      "type": "實體",
      "entity": "minecraft:blaze{Variant:1}",
      "scale": "0.9",
      "text": "靈魂砂谷燃燒",
      "flag": "outvoted:wildfirevariant"
    }
  ]
}