{
  "name": "botania.entry.heiseiDream",
  "category": "botania:functional_flowers",
  "icon": "botania:heisei_dream",
  "entry_color": "aa00",
  "advancement": "botania:main/elf_lexicon_pickup",
  "pages": [
    {
      "type": "text",
      "text": "botania.page.heiseiDream0"
    },
    {
      "type": "botania:petal_apothecary",
      "text": "botania.page.heiseiDream1",
      "recipe": "botania:petal_apothecary/heisei_dream"
    }
  ],
  "extra_recipe_mappings": {
    "botania:floating_heisei_dream": 1
  }
}
