{
  "name": "botania.entry.fIntro",
  "category": "botania:functional_flowers",
  "icon": "minecraft:air",
  "priority": true,
  "advancement": "botania:main/mana_pool_pickup",
  "pages": [
    {
      "type": "text",
      "text": "botania.page.fIntro0"
    },
    {
      "type": "text",
      "text": "botania.page.fIntro1"
    },
    {
      "type": "text",
      "text": "botania.page.fIntro2"
    },
    {
      "type": "text",
      "text": "botania.page.fIntro3"
    },
    {
      "type": "crafting",
      "text": "botania.page.fIntro4",
      "recipe": "botania:redstone_root"
    }
  ]
}
