{
    "name": "資訊功能介面",
    "icon": "apotheosis:textures/gui/book/question_mark.png",
    "category": "apotheosis:enchanting/table",
    "flag": "apotheosis:enchanting",
    "pages": [
        {
            "type": "patchouli:text",
            "text": "附魔台有一個的介面能讓你了解可用的附魔。$(p)請在附魔台上放置一個物品，然後點擊右上角的問號。"
        },
        {
            "type": "patchouli:text",
            "text": "本章的目的是介紹這個介面，幫助你導航它。$(p)如果你對它有充分的了解，你就不會再對附魔困惑了。"
        },
        {
            "type": "patchouli:image",
            "title": "選項選擇",
            "images": [
                "apotheosis:textures/gui/book/slot_selector.png"
            ],
            "text": "在這裡可以選擇要查看的附魔選項。"
        },
        {
            "type": "patchouli:text",
            "text": "目前選擇的插槽將被突顯顯示，而不可用的插槽將呈灰色狀態.$(p)當您將游標懸停在插槽上時，將顯示該等級的$(4)最小值力量和$(9)最大值力量"
        },
        {
            "type": "patchouli:image",
            "title": "附魔視窗",
            "images": [
                "apotheosis:textures/gui/book/enchantments_window.png"
            ],
            "text": "這向你展示了可使用的附魔。"
        },
        {
            "type": "patchouli:text",
            "text": "根據當前物品和當前選擇的強度等級，一定的附魔選項將可用.$(p)這個視窗會顯示每個附魔的等級、稀有度以及被選中的機率.$(p)它還會顯示哪些附魔彼此之間是互斥的."
        },
        {
            "type": "patchouli:image",
            "title": "強度調整條",
            "images": [
                "apotheosis:textures/gui/book/power_slider.png"
            ],
            "text": "這讓你可以更改模擬的強度等級"
        },
        {
            "type": "patchouli:text",
            "text": "當您選擇一個插槽時，強度調整條會自動選擇強度範圍的中間位置作為強度等級.$(p)該強度範圍只能在當前插槽的$(4)最小強度$()和$(9)最大強度$()之間移動"
        },
        {
            "type": "patchouli:image",
            "title": "稀有度權重",
            "images": [
                "apotheosis:textures/gui/book/weights.png"
            ],
            "text": "這顯示了每個稀有度的權重。"
        },
        {
            "type": "patchouli:text",
            "text": "每個附魔都有一個稀有度，而每個稀有度都有一個權重.$(p)選擇一個附魔的機率=該附魔的個別權重/總權重（所有可用附魔的權重總和）.$(p)$(arcana)可以更改稀有度權重"
        }
    ]
}