{
    "name": "自然祭壇",
    "icon": "naturesaura:nature_altar",
    "category": "using",
    "advancement": "naturesaura:aura_bottle_overworld",
    "priority": true,
    "turnin": "naturesaura:infused_materials",
    "pages": [
        {
            "type": "text",
            "text": "早期收集$(#419600)靈氣$()的一種基本但有效的方法是$(item)自然祭壇$()。創建了接下來幾頁展示的設定後祭壇會開始慢慢地吸收周圍的$(#419600)靈氣$()。然而，它沒有足夠的強度來造成重大的破壞，即不會不停抽取$(#419600)靈氣$()直到周圍區枯竭。$(br)被收集的$(#419600)靈氣$()能被接下來幾頁展示的方法使用。"
        },
        {
            "type": "multiblock",
            "multiblock_id": "naturesaura:altar",
            "text": "如何搭建$(item)自然祭壇$()"
        },
        {
            "type": "naturesaura:tree_ritual",
            "text": "使用$(l:practices/tree_ritual)森林儀式$()合成$(item)自然祭壇$()。",
            "recipe": "naturesaura:nature_altar"
        },
        {
            "type": "crafting",
            "recipe": "naturesaura:gold_brick",
            "text": "合成$(item)金色石磚$()，一種用來搭建$(item)自然祭壇$()多方塊結構的建築材料"
        },
        {
            "type": "text",
            "text": "當$(l:collecting/altar)自然祭壇$()已經收集了足夠的$(#419600)靈氣$()時，它可以用某些物質注入物品，將其轉化為更為強力的材料。做法是將任意材料類物品放置在祭壇核心上，然後等待轉換完成。$(br2)接下來的頁面將列舉出植物學家經常需要的強力材料。"
        },
        {
            "type": "naturesaura:altar",
            "text": "製造$(item)灌注鐵錠$()，一種被$(#419600)靈氣$()的力量祝福的材料，可以被用於製造多種魔法性的$(thing)自然物品$()。$(br)注意：材料的方塊形式同樣可以被注入。",
            "recipe": "naturesaura:infused_iron"
        },
        {
            "type": "naturesaura:altar",
            "text": "製造$(item)灌注石$()，一種用$(#419600)靈氣$()灌注的塵世材料。",
            "recipe": "naturesaura:infused_stone"
        }
    ]
}