{
    "name": "Altar of Birthing",
    "icon": "naturesaura:animal_spawner",
    "category": "using",
    "advancement": "naturesaura:sky_ingot",
    "pages": [
        {
            "type": "text",
            "text": "Sometimes, the $(thing)creation$() of certain living creatures would be of use for any slightly gruesome botanist. For this, the $(item)Altar of Birthing$() can be used: It can create and spawn almost any $(thing)living creature$() at the cost of some ingredients that are related to that very creature and a bit of $(aura) from the environment."
        },
        {
            "type": "text",
            "text": "For it to work, it requires the right structure to be assembled as well as the usage of a $(item)Spirit of Birthing$() as follows: All ingredients, including the $(item)Spirit of Birthing$(), are required to be thrown down on the ground close to the $(item)Altar of Birthing$() and the process will begin automatically.$(p)The following pages outline the construction, the way to obtain the $(item)Spirit of Birthing$() and all of the possible creatures to be spawned."
        },
        {
            "type": "spotlight",
            "item": "naturesaura:birth_spirit",
            "link_recipe": true,
            "text": "The required $(item)Spirit of Birthing$() can be obtained easily by a person $(thing)breeding$() two passive animals together while there is a (slight) excess of $(aura) present in the surrounding area. For each new baby born, there is a chance of a few $(item)Spirits of Birthing$() to be created in the process."
        },
        {
            "type": "crafting",
            "recipe": "naturesaura:animal_spawner",
            "text": "Creating the $(item)Altar of Birthing$()"
        },
        {
            "type": "multiblock",
            "multiblock_id": "naturesaura:animal_spawner",
            "text": "This formation needs to be created around the $(item)Altar of Birthing$() for it to work as expected."
        },
        {
            "type": "naturesaura:animal_spawner",
            "recipe": "naturesaura:cow"
        },
        {
            "type": "naturesaura:animal_spawner",
            "recipe": "naturesaura:sheep_white",
            "text": "The color of the $(item)Wool$() used determines the color of the $(thing)Sheep$() created."
        },
        {
            "type": "naturesaura:animal_spawner",
            "recipe": "naturesaura:chicken"
        },
        {
            "type": "naturesaura:animal_spawner",
            "recipe": "naturesaura:pig"
        },
        {
            "type": "naturesaura:animal_spawner",
            "recipe": "naturesaura:blaze"
        },
        {
            "type": "naturesaura:animal_spawner",
            "recipe": "naturesaura:ghast"
        },
        {
            "type": "naturesaura:animal_spawner",
            "recipe": "naturesaura:ocelot"
        },
        {
            "type": "naturesaura:animal_spawner",
            "recipe": "naturesaura:mule"
        },
        {
            "type": "naturesaura:animal_spawner",
            "recipe": "naturesaura:bat"
        },
        {
            "type": "naturesaura:animal_spawner",
            "recipe": "naturesaura:endermite"
        },
        {
            "type": "naturesaura:animal_spawner",
            "recipe": "naturesaura:parrot"
        },
        {
            "type": "naturesaura:animal_spawner",
            "recipe": "naturesaura:slime"
        },
        {
            "type": "naturesaura:animal_spawner",
            "recipe": "naturesaura:spider"
        },
        {
            "type": "naturesaura:animal_spawner",
            "recipe": "naturesaura:skeleton"
        },
        {
            "type": "naturesaura:animal_spawner",
            "recipe": "naturesaura:enderman"
        },
        {
            "type": "naturesaura:animal_spawner",
            "recipe": "naturesaura:silverfish"
        },
        {
            "type": "naturesaura:animal_spawner",
            "recipe": "naturesaura:squid"
        },
        {
            "type": "naturesaura:animal_spawner",
            "recipe": "naturesaura:stray"
        },
        {
            "type": "naturesaura:animal_spawner",
            "recipe": "naturesaura:shulker"
        },
        {
            "type": "naturesaura:animal_spawner",
            "recipe": "naturesaura:husk"
        },
        {
            "type": "naturesaura:animal_spawner",
            "recipe": "naturesaura:llama"
        },
        {
            "type": "naturesaura:animal_spawner",
            "recipe": "naturesaura:rabbit"
        },
        {
            "type": "naturesaura:animal_spawner",
            "recipe": "naturesaura:magma_cube"
        },
        {
            "type": "naturesaura:animal_spawner",
            "recipe": "naturesaura:zombie_pigman"
        },
        {
            "type": "naturesaura:animal_spawner",
            "recipe": "naturesaura:polar_bear"
        },
        {
            "type": "naturesaura:animal_spawner",
            "recipe": "naturesaura:mooshroom"
        },
        {
            "type": "naturesaura:animal_spawner",
            "recipe": "naturesaura:guardian"
        },
        {
            "type": "naturesaura:animal_spawner",
            "recipe": "naturesaura:horse"
        },
        {
            "type": "naturesaura:animal_spawner",
            "recipe": "naturesaura:donkey"
        },
        {
            "type": "naturesaura:animal_spawner",
            "recipe": "naturesaura:cave_spider"
        },
        {
            "type": "naturesaura:animal_spawner",
            "recipe": "naturesaura:creeper"
        },
        {
            "type": "naturesaura:animal_spawner",
            "recipe": "naturesaura:witch"
        },
        {
            "type": "naturesaura:animal_spawner",
            "recipe": "naturesaura:wither_skeleton"
        },
        {
            "type": "naturesaura:animal_spawner",
            "recipe": "naturesaura:wolf"
        },
        {
            "type": "naturesaura:animal_spawner",
            "recipe": "naturesaura:zombie"
        }
    ]
}