{
    "name": "生育祭壇",
    "icon": "naturesaura:animal_spawner",
    "category": "using",
    "advancement": "naturesaura:sky_ingot",
    "pages": [
        {
            "type": "text",
            "text": "有時候，$(thing)創造$()特定生物的價值對於每一個稍微有點可怕的植物學家來說都是有用的。為此，可以使用$(item)生育祭壇$()：它可以創建和生成幾乎任何$(thing)生物$()，代價是一些與該生物相關的成分和環境中的$(#419600)靈氣$()。"
        },
        {
            "type": "text",
            "text": "為使其工作,它需要組裝以及正確的結構和$(item)生育之魂$()：所有材料,包括$()生育之魂$()，需要被扔在$(item)生育祭壇$()附近的地上，過程將自動開始。$(p)接下來的頁面會指出構造的擺放，取得$()生育之魂$()的方式和所有可能生成的生物。"
        },
        {
            "type": "spotlight",
            "item": "naturesaura:birth_spirit",
            "link_recipe": true,
            "text": "儀式所需的$(item)生育之魂$()可以很容易地由在周圍地區有(輕微)過量$(#419600)靈氣$()的情況下$(thing)繁殖$()兩個被動生物獲得。對於每一個新出生的幼年生物，都有機會在這個過程中創建一些$(item)生育之魂$()。"
        },
        {
            "type": "crafting",
            "recipe": "naturesaura:animal_spawner",
            "text": "合成$(item)生育祭壇$()"
        },
        {
            "type": "multiblock",
            "multiblock_id": "naturesaura:animal_spawner",
            "text": "要使祭壇工作，以上構造需要在$(item)生育祭壇$()周圍組成。"
        },
        {
            "type": "naturesaura:animal_spawner",
            "recipe": "naturesaura:cow"
        },
        {
            "type": "naturesaura:animal_spawner",
            "recipe": "naturesaura:sheep_white",
            "text": "$(item)羊毛$()的顏色決定了創造出$(thing)羊$()的顏色。"
        },
        {
            "type": "naturesaura:animal_spawner",
            "recipe": "naturesaura:chicken"
        },
        {
            "type": "naturesaura:animal_spawner",
            "recipe": "naturesaura:pig"
        },
        {
            "type": "naturesaura:animal_spawner",
            "recipe": "naturesaura:blaze"
        },
        {
            "type": "naturesaura:animal_spawner",
            "recipe": "naturesaura:ghast"
        },
        {
            "type": "naturesaura:animal_spawner",
            "recipe": "naturesaura:ocelot"
        },
        {
            "type": "naturesaura:animal_spawner",
            "recipe": "naturesaura:mule"
        },
        {
            "type": "naturesaura:animal_spawner",
            "recipe": "naturesaura:bat"
        },
        {
            "type": "naturesaura:animal_spawner",
            "recipe": "naturesaura:endermite"
        },
        {
            "type": "naturesaura:animal_spawner",
            "recipe": "naturesaura:parrot"
        },
        {
            "type": "naturesaura:animal_spawner",
            "recipe": "naturesaura:slime"
        },
        {
            "type": "naturesaura:animal_spawner",
            "recipe": "naturesaura:spider"
        },
        {
            "type": "naturesaura:animal_spawner",
            "recipe": "naturesaura:skeleton"
        },
        {
            "type": "naturesaura:animal_spawner",
            "recipe": "naturesaura:enderman"
        },
        {
            "type": "naturesaura:animal_spawner",
            "recipe": "naturesaura:silverfish"
        },
        {
            "type": "naturesaura:animal_spawner",
            "recipe": "naturesaura:squid"
        },
        {
            "type": "naturesaura:animal_spawner",
            "recipe": "naturesaura:stray"
        },
        {
            "type": "naturesaura:animal_spawner",
            "recipe": "naturesaura:shulker"
        },
        {
            "type": "naturesaura:animal_spawner",
            "recipe": "naturesaura:husk"
        },
        {
            "type": "naturesaura:animal_spawner",
            "recipe": "naturesaura:llama"
        },
        {
            "type": "naturesaura:animal_spawner",
            "recipe": "naturesaura:rabbit"
        },
        {
            "type": "naturesaura:animal_spawner",
            "recipe": "naturesaura:magma_cube"
        },
        {
            "type": "naturesaura:animal_spawner",
            "recipe": "naturesaura:zombie_pigman"
        },
        {
            "type": "naturesaura:animal_spawner",
            "recipe": "naturesaura:polar_bear"
        },
        {
            "type": "naturesaura:animal_spawner",
            "recipe": "naturesaura:mooshroom"
        },
        {
            "type": "naturesaura:animal_spawner",
            "recipe": "naturesaura:guardian"
        },
        {
            "type": "naturesaura:animal_spawner",
            "recipe": "naturesaura:horse"
        },
        {
            "type": "naturesaura:animal_spawner",
            "recipe": "naturesaura:donkey"
        },
        {
            "type": "naturesaura:animal_spawner",
            "recipe": "naturesaura:cave_spider"
        },
        {
            "type": "naturesaura:animal_spawner",
            "recipe": "naturesaura:creeper"
        },
        {
            "type": "naturesaura:animal_spawner",
            "recipe": "naturesaura:witch"
        },
        {
            "type": "naturesaura:animal_spawner",
            "recipe": "naturesaura:wither_skeleton"
        },
        {
            "type": "naturesaura:animal_spawner",
            "recipe": "naturesaura:wolf"
        },
        {
            "type": "naturesaura:animal_spawner",
            "recipe": "naturesaura:zombie"
        }
    ]
}