{
    "name": "世界之眼",
    "icon": "naturesaura:chunk_loader",
    "category": "using",
    "advancement": "naturesaura:aura_bottle_end",
    "flag": "naturesaura:chunk_loader",
    "pages": [
        {
            "type": "text",
            "text": "在我們所生活的世界中，有一個關鍵因素一直沒有得到充分的理解：在沒有人注視的地方，似乎什麼也沒有發生——時間本身似乎在停頓。這種自然現象有時會被證明是有問題的，尤其是涉及到長距離的自動運輸時。$(item)世界之眼$()將注視應該為您繼續$(thing)啟動$()的區域，而作為代價，需要少量的"
        },
        {
            "type": "text",
            "text": "$(#419600)靈氣$()來維持這一視線。要使用它，只需將它放置下來，並為它提供一個$(thing)紅石訊號$()——訊號越強，它工作半徑就會越高，最大值大約為30。由於這種觀察方式起作用的本質，範圍並不總是完全精確，這意味著有時將載入的區域比預期範圍$(thing)稍微大一些$()。"
        },
        {
            "type": "crafting",
            "text": "合成$(item)世界之眼$()$(p)$(italic)區塊的載入",
            "recipe": "naturesaura:chunk_loader"
        }
    ]
}