{
    "name": "粉碎催化器",
    "icon": "naturesaura:crushing_catalyst",
    "category": "using",
    "advancement": "naturesaura:infused_materials",
    "pages": [
        {
            "type": "text",
            "text": "$(l:collecting/altar)自然祭壇$()可以用來將$(#419600)靈氣$()灌注入物品，但也能用來將特定物品$(thing)粉碎$()成不同形狀。$(br)只需要合成$(item)粉碎催化器$()並將其放在祭壇周圍的四個更低的$(item)金色石磚$()上，然後如平時一樣放置原料。"
        },
        {
            "type": "naturesaura:tree_ritual",
            "text": "使用$(l:practices/tree_ritual)森林儀式$()合成$(item)粉碎催化器$()。",
            "recipe": "naturesaura:crushing_catalyst"
        },
        {
            "type": "naturesaura:altar",
            "text": "$粉碎(item)骨頭$()合成$(item)骨粉$()",
            "recipe": "naturesaura:bone"
        },
        {
            "type": "naturesaura:altar",
            "text": "從甘蔗中提取$(item)糖$()",
            "recipe": "naturesaura:sugar"
        },
        {
            "type": "naturesaura:altar",
            "text": "從地獄材料中得到$(item)烈焰粉$()",
            "recipe": "naturesaura:blaze"
        },
        {
            "type": "naturesaura:altar",
            "text": "粉碎$(item)螢光石$()合成$(item)螢光石粉$()",
            "recipe": "naturesaura:glowstone"
        },
        {
            "type": "naturesaura:altar",
            "text": "粉碎$(item)鵝卵石$()來獲得$(item)沙$()",
            "recipe": "naturesaura:sand"
        }
    ]
}