{
    "name": "靈氣力場創造器",
    "icon": "naturesaura:field_creator",
    "category": "using",
    "advancement": "naturesaura:sky_ingot",
    "pages": [
        {
            "type": "text",
            "text": "兩種人類主要活動之一便是$(thing)破壞$()方塊。這需要相當大的力量和努力，而且長時間這麼做相當累。$(br)$(item)靈氣力場創造器$()會創造一片有著移動$(#419600)靈氣$()的稠密力場，強力到足以$(thing)破壞$()力場內的方塊。"
        },
        {
            "type": "text",
            "text": "要想建立這樣一片力場，兩個$(item)靈氣力場創造器$()需要間隔一段距離放置。然後，潛行互動其中一個作為起始點，再不潛行互動另一個，使兩者間建立連接。$(br)一旦給任意一個創造器提供$(thing)紅石訊號$()，在短暫引導後，兩個創造器之間的力場會破壞其間的所有方塊，並掉落相應物品。"
        },
        {
            "type": "text",
            "text": "當然，破壞方塊與創建力場需要環境中的一定量$(#419600)靈氣$()。另外，持續力場需要不斷消耗少量靈氣。$(br)任何需要從$(thing)剪$()特定方塊中獲得物品的植物學家不需要擔心：放置一個內含$(item)剪刀$()的$(item)物品展示框$()到兩個$(item)靈氣力場創造器$()之一上會使兩者間能被剪的方塊被剪下來，其他的則普通地被破壞。"
        },
        {
            "type": "crafting",
            "text": "合成兩個$(item)靈氣力場創造器$()",
            "recipe": "naturesaura:field_creator"
        }
    ]
}