{
    "name": "外部火焰加熱器",
    "icon": "naturesaura:furnace_heater",
    "category": "using",
    "advancement": "naturesaura:infused_materials",
    "pages": [
        {
            "type": "text",
            "text": "某種情況下，人們會意識到$(item)熔爐$()的速度太慢，而且會消耗資源，無法有效地使用。$(br)$(item)外部火焰加熱器$()可以加速其所附著的$(item)熔爐$()，給它熔煉任何材料的必要熱能。需要注意的是，既然此過程會消耗$(#419600)靈氣$()，自然等級可能會降到負值，造成$(l:intro/aura)回報減少$()."
        },
        {
            "type": "naturesaura:tree_ritual",
            "text": "通過$(l:practices/tree_ritual)森林儀式$()創造$(item)外部火焰加熱器$()",
            "recipe": "naturesaura:furnace_heater"
        }
    ]
}