{
    "name": "增強型漏斗",
    "icon": "naturesaura:hopper_upgrade",
    "category": "using",
    "advancement": "naturesaura:infused_materials",
    "pages": [
        {
            "type": "text",
            "text": "通過$(item)漏斗$()收集物品十分有用，但有時候也會很不方便，尤其是有一大片區域需要收集物品。對此，$(item)增強型漏斗$()十分有用：只需將其放置在任何$(item)漏斗$()上方，它將會大大增加漏斗的拾取範圍大約$(thing)7$()格。$(br)每次收集到物品時，會耗費少量$(#419600)靈氣$()."
        },
        {
            "type": "crafting",
            "text": "合成$(item)增強型漏斗$()",
            "recipe": "naturesaura:hopper_upgrade"
        }
    ]
}