{
    "name": "微型建造器",
    "icon": "naturesaura:placer",
    "category": "using",
    "advancement": "naturesaura:infused_materials",
    "pages": [
        {
            "type": "text",
            "text": "很多工作需要人來完成，其中大部分是為了在世界中$(thing)放置$()方塊。在$(#419600)靈氣$()可以發揮作用的地方，這確實是對人員的一種浪費。$(item)微型建造器$()會消耗一些$(#419600)靈氣$()來放置你提供的任意方塊。$(p)建造器將會收集其頂部的$(item)物品容器$()內的物品來放置。"
        },
        {
            "type": "text",
            "text": "若要聲明方塊要被放置在什麼上面，你需要在建造器上放置$(item)物品展示框$()，並將目標方塊放入展示框。隨後建造器會將儲物箱中的方塊放置於大約$(thing)5格區域$()內。$(p)例如，將一個鵝卵石放置於物品展示課內，在儲物箱中放置一組木材，建造器將會在附近的任何鵝卵石上放置木材。$(p)通入紅石訊號會停止放置。"
        },
        {
            "type": "crafting",
            "text": "合成$(item)微型建造器$()",
            "recipe": "naturesaura:placer"
        },
        {
            "type": "crafting",
            "text": "$(item)農業模板$()可以讓建造器將各類物品放置在$(item)耕地$()上。只需像正常方塊那樣將模板放在展示框內。",
            "recipe": "naturesaura:farming_stencil"
        }
    ]
}