{
    "name": "靈氣充能台",
    "icon": "naturesaura:rf_converter",
    "category": "using",
    "advancement": "naturesaura:sky_ingot",
    "flag": "naturesaura:rf_converter",
    "pages": [
        {
            "type": "text",
            "text": "$(#419600)靈氣$()相當萬能而又有用，但這肯定不是唯一的$(thing)能量源$()。最近的歷史上，新的非自然能源被人們$(italic)鑄造（forged）$()了出來。有時，有這樣一個能量源供自己使用可能很有用。$(item)靈氣充能台$()直接將$(#419600)靈氣$()轉換為被大多數人稱為$(thing)紅石通量$()的能量，"
        },
        {
            "type": "text",
            "text": "對有些人來說是$(thing)Forge Energy$()，對其他人甚至是$(thing)水晶通量$()。$(br)要實現這一點，只需將$(item)靈氣充能台$()與下一頁所示的伴隨結構放在一起即可。然後，該區域內任何多餘的$(#419600)靈氣$()都會自動轉換成電能。$(#419600)靈氣$()越多，轉換過程就會越快。另外，裝備了$(l:items/eye)環境之眼$()，就會顯示設備中的能量。"
        },
        {
            "type": "multiblock",
            "multiblock_id": "naturesaura:rf_converter",
            "text": "$(item)靈氣充能台$()周圍的結構"
        },
        {
            "type": "crafting",
            "text": "合成$(item)靈氣充能台$()",
            "recipe": "naturesaura:rf_converter"
        }
    ]
}