{
    "name": "聖殿之燈",
    "icon": "naturesaura:spawn_lamp",
    "category": "using",
    "advancement": "naturesaura:aura_bottle_end",
    "pages": [
        {
            "type": "text",
            "text": "$(item)聖殿之燈$()，雖然這是一件很棒的裝飾品，但它還有另一個非常有用的功能:當提供$(thing)紅石訊號$()時，它將導致周圍48格內的任何怪物完全$(thing)停止生成$()，無論亮度如何。此外，紅石訊號的強度決定了範圍。每次怪物生成被停止時，都會消耗少量的$(#419600)靈氣$()。"
        },
        {
            "type": "crafting",
            "text": "合成$(item)聖殿之燈$()$(p)$(italic)Mobproofius Lampus$()",
            "recipe": "naturesaura:spawn_lamp"
        }
    ]
}