{
    "name": "移位日晷",
    "icon": "naturesaura:time_changer",
    "category": "using",
    "advancement": "naturesaura:aura_bottle_end",
    "pages": [
        {
            "type": "text",
            "text": "一些活動，特別是建築和狩獵怪物，只能在特定的時間很容易地完成。多年來，魔法植物學家們一直試圖找到一種方法來操縱$(thing)時間$()本身來取得私利。$(item)移位日晷$()能夠做到這一點。雖然設定起來相當昂貴，但是它能夠輕鬆地快進到$(item)白天或晚上的任何時間$()。"
        },
        {
            "type": "text",
            "text": "要設定它，所需要做的就是讓$(item)移位日晷$()上有一個$(item)物品框$()，其中包含$(item)時間之手$()。然後，框中時間之手的$(thing)旋轉角度$()將確定跳轉到的時間，指針指向頂部對應於午夜。要啟動時間跳躍，必須將一個普通的$(item)時鐘$()掉在離日晷非常近的地方。當然，這是以大量的$(#419600)靈氣$()為代價的——跳過的時間越多，消耗的靈氣就越多。"
        },
        {
            "type": "crafting",
            "text": "合成$(item)移位日晷$()",
            "recipe": "naturesaura:time_changer"
        },
        {
            "type": "naturesaura:offering",
            "text": "利用$(l:practices/offering)獻給眾神$()儀式合成$(item)時間之手$()",
            "recipe": "naturesaura:clock_hand"
        }
    ]
}