{
  "name": "啟動水晶",
  "icon": "bloodmagic:activationcrystalweak",
  "category": "bloodmagic:rituals",
  "pages": [
    {
      "type": "text",
      "text": "你的儀式需要的不僅僅是正確排列方塊和印記。 需要奉獻意志才能打開從你的靈魂網絡到儀式的通道，而$(item)啟動水晶$()會讓你能夠專注於啟動你的儀式。"
    },
    {
      "type": "crafting_altar",
      "heading": "[虛弱]啟動水晶",
      "recipe": "bloodmagic:weak_activation_crystal",
      "text": "只需在主儀式石上按下[$(k:use)]綁定啟動水晶即可啟動它所屬的儀式 - 假設它已適當組裝。",
      "anchor": "weak"
    }
  ]
}
