{
  "name": "儀式-入門",
  "icon": "bloodmagic:activationcrystalcreative",
  "category": "bloodmagic:rituals",
  "priority": "true",
  "pages": [
    {
      "type": "text",
      "text": "將$(l:bloodmagic:altar/blood_altar)血之祭壇$(/l)升至3級後，您就可以深入探索奇妙的儀式世界。$(br2)要進行儀式，您將需要以下物品：$(li)An $(l:bloodmagic:rituals/activation_crystals)啟動水晶$()。 在第3級時，只有$(item)虛弱啟動水晶$()可用。 $(li)每一個儀式都需要一個$(item)主儀式石$()作為其中心。"
    },
    {
      "type": "text",
      "text": "$(li)建立儀式需要足夠的儀式石。$(li)推薦使用$(l:bloodmagic:rituals/ritual_diviner)儀式推測杖$()。雖然不是必需的，但它會使儀式的構建變得更加容易。$(br2)建立儀式相對簡單。只需手拿儀式推測杖按 shift + 右鍵，直到它顯示所需儀式的名稱。打開背包將鼠標停在推測杖上並按住shift檢查所需的儀式石數量。"
    },
    {
      "type": "text",
      "text": "放下主儀式石，按住[$(k:use)]直到所有的儀式石都被放置並塗上正確的元素。 最後，手持啟動水晶在大主儀式石上按[$(k:use)]。 如果你做的一切都正確，你應該會收到一條訊息:「一股能量流經這個儀式！」。 這個儀式現在啟動了。"
    },
    {
      "type": "text",
      "text": "如果沒有發生這種情況，則可能有一些地方出了問題。 如果您收到的文字是:「你感到有股拉力，但是要完成儀式，你還是弱了點。」，說明你的$(thing)靈魂網絡$()中沒有足夠的$(blood)LP$()來激活該儀式。 $(br2)如果消息顯示:「你發現這些儀式石的擺放似乎有些問題……」，則說明符文的放置出現了問題。 檢查該區域是否有任何障礙物，然後嘗試再次啟動儀式。"
    },
    {
      "type": "text",
      "text": "請記住，有些儀式會在主儀式石的上方和下方延伸幾個方塊。 如果沒有出錯，請確保激啟動水晶已綁定到您的靈魂網絡 - 這可以通過按住[$(k:use)]來完成。$(br2)需要注意的是，水晶不一定要綁定到你的網絡——如果你能拿到其他玩家的水晶，你可以使用他們的$(blood)LP$()來激活儀式。 好好保護你的水晶！"
    },
    {
      "type": "text",
      "text": "最後一條註解； 所有儀式都能接收$(fire)紅石$()信號，因此在主儀式石的側面放置一個控制桿是停用它的好方法。 您可以將這些知識在$(l:bloodmagic:altar/redstone_automation)紅石自動化$()中的一資訊結合起來，以確保您的儀式在您的$(thing)靈魂網絡$()耗盡之前自動關閉。"
    }
  ]
}
