{
  "name": "儀式調整器",
  "icon": "bloodmagic:ritualtinkerer",
  "category": "bloodmagic:rituals",
  "priority": "true",
  "pages": [
    {
      "type": "text",
      "text": "$(item)儀式調整器$()是一個正在尋找可以從$(thing)儀式$()中獲得什麼的高階血魔法師所必備的工具。如背面所述，它具有三種主要模式。您可以通過按[$(k:sneak)]和[$(k:use)]在循環切換。"
    },
    {
      "type": "crafting",
      "recipe": "bloodmagic:ritual_reader"
    },
    {
      "type": "text",
      "text": "$(li)訊息：描述$(thing)儀式$()的功能，類似$(l:bloodmagic:rituals/ritual_diviner)儀式推測仗$()。$(li)設定意志消耗消耗：告訴$(thing)儀式$()要消耗哪種$(raw)惡魔意志$()（如果有的話）。通過在您的快捷欄中攜帶$(item)惡魔意志水晶$()來指定這一點，每種類型的$(raw)意志$()都有。關於$(raw)惡魔意志$()對$(thing)儀式$()的影響的更多信息可以在本書中各個$(thing)儀式$()的相應頁面上找到。"
    },
    {
      "type": "text",
      "text": "$(li)定義區域：指定$(thing)儀式$()該工作的區域，並顯示當前區域。如果想要指定多個區域，則要在$(item)主儀式石$()上按[$(k:sneak)]和[$(k:use)]來循環選取。一些$(thing)儀式$()可以擴展到遠遠超出其默認區域，但請記住，這將增加$(blood)LP$()消耗以此配合......"
    }
  ]
}
