{
  "name": "鞘翅",
  "icon": "minecraft:elytra",
  "category": "bloodmagic:alchemy_array/living_equipment/armor_upgrades",
  "pages": [
    {
      "type": "text",
      "text": "為你的束靈盔甲添加一件鞘翅。必須先製作出$(l:bloodmagic:alchemy_array/living_equipment/living_tomes)強化手冊$()。$(br2)這種鞘翅會消耗胸甲的耐久度，但速度是一般鞘翅的一半。$(br2)它看起來也很整潔。"
    },
    {
      "type": "bloodmagic:crafting_upgrade_array",
      "a.heading": "鞘翅手冊",
      "a.recipe": "bloodmagic:array/living_elytra_upgrade",
      "b.upgrade": "bloodmagic:elytra"
    }
  ]
}