{
  "name": "Tear Crucible",
  "icon": "lacrimis:crucible",
  "category": "lacrimis:basics",
  "advancement": "lacrimis:base/crucible",
  "sortnum": 2,
  "pages": [
    {
      "type": "text",
      "text": "The crucible is a device that can collect and hold these tears.$(br2)The gold lining seems to be able to contain the naturally corrosive substance..."
    },
    {
      "type": "crafting",
      "recipe": "lacrimis:crafting/crucible",
      "text": "Maybe I can create a new material by throwing mundane substances like iron into it?"
    },
    {
      "type": "text",
      "text": "Placing a crying obsidian over a crucible will fill it with tears.$(br2)Collecting tears from crying obsidian is rather slow, a more effective alternatives should exist.$(br2)$(#f00)WARNING:$(br)DO NOT SPILL THE TEARS$()"
    },
    {
      "type": "multiblock",
      "name": "Tear Collection",
      "multiblock": {
        "pattern": [
          [
            "C"
          ],
          [
            " "
          ],
          [
            "0"
          ],
          [
            " "
          ]
        ],
        "mapping": {
          "C": "minecraft:crying_obsidian",
          "0": "lacrimis:crucible"
        }
      },
      "text": "The gap between the crying obsidian and the crucible can be up to 4 blocks."
    }
  ]
}