{
  "name": "Tear Soaked Iron",
  "icon": "lacrimis:tear_ingot",
  "category": "lacrimis:basics",
  "advancement": "lacrimis:base/tear_ingot",
  "sortnum": 5,
  "pages": [
    {
      "type": "text",
      "text": "This metal seems to almost \"hold\" the tears within it and they seem to react differently than if they weren't infused into the iron."
    },
    {
      "type": "lacrimis:crucible",
      "recipe": "lacrimis:crucible/tear_ingot",
      "text": "I wonder if I can make armor or tools out of this?"
    }
  ]
}