{
  "name": "Tear Lantern",
  "icon": "lacrimis:tear_lantern",
  "category": "lacrimis:basics",
  "advancement": "lacrimis:base/tear_lantern",
  "sortnum": 6,
  "pages": [
    {
      "type": "text",
      "text": "Throwing a lantern into the crucible creates an interesting infusion, a nice light source with some new properties."
    },
    {
      "type": "lacrimis:crucible",
      "recipe": "lacrimis:crucible/tear_lantern"
    },
    {
      "type": "text",
      "text": "Placing the lantern underneath crying obsidian seems to much more effectively focus the drops, gathering tears faster and more efficiently.$(br2)In addition, it seems to work from a greater distance, and not just directly above the crucible."
    },
    {
      "type": "multiblock",
      "name": "Tear Collection",
      "multiblock": {
        "pattern": [
          [
            "C"
          ],
          [
            "L"
          ],
          [
            " "
          ],
          [
            "0"
          ],
          [
            " "
          ]
        ],
        "mapping": {
          "C": "minecraft:crying_obsidian",
          "L": "lacrimis:tear_lantern",
          "0": "lacrimis:crucible"
        }
      }
    }
  ]
}