{
  "name": "鍊金術士裝備",
  "category": "spinning_wheel",
  "icon": "bewitchment:alchemist_hat",
  "pages": [
    {
      "type": "text",
      "text": "使用女巫縫線以及浸有元素魔法精華的銀色羊毛縫製到普通長袍上，這件長跑能夠提升穿戴者的釀造熟練度 (指的是在釜鍋內的釀造)，減少釀造時間，並減少穿戴者所受的負面效果時長。"
    },
    {
      "type": "bewitchment:spinning_wheel_recipe",
      "recipe": "bewitchment:alchemist_hat"
    },
    {
      "type": "bewitchment:spinning_wheel_recipe",
      "recipe": "bewitchment:alchemist_hood"
    },
    {
      "type": "bewitchment:spinning_wheel_recipe",
      "recipe": "bewitchment:alchemist_robes"
    },
    {
      "type": "bewitchment:spinning_wheel_recipe",
      "recipe": "bewitchment:alchemist_pants"
    }
  ]
}