{
  "name": "Alchemist's Attire",
  "category": "spinning_wheel",
  "icon": "bewitchment:alchemist_hat",
  "pages": [
    {
      "type": "text",
      "text": "By using Witch’s Stitches and stitching silver wool impregnated with elemental fumes onto normal robes, it increases the wearer’s proficiency with brews (extra brew in cauldron), both boosting their own brews, and decreasing negative effects from potions inflicted on the wearer."
    },
    {
      "type": "bewitchment:spinning_wheel_recipe",
      "recipe": "bewitchment:alchemist_hat"
    },
    {
      "type": "bewitchment:spinning_wheel_recipe",
      "recipe": "bewitchment:alchemist_hood"
    },
    {
      "type": "bewitchment:spinning_wheel_recipe",
      "recipe": "bewitchment:alchemist_robes"
    },
    {
      "type": "bewitchment:spinning_wheel_recipe",
      "recipe": "bewitchment:alchemist_pants"
    }
  ]
}