{
  "name": "Hedgewitch Robes",
  "category": "spinning_wheel",
  "icon": "bewitchment:green_witch_hat",
  "pages": [
    {
      "type": "text",
      "text": "Created by carefully sowing blue wool and live plants to the traditional robes using Pure Filament, it imbues the robes with life and boosts the wearer when in nature, and allows them to better sympathise with spirits of nature and grants knowledge of plants, such as being able to get increased crops."
    },
    {
      "type": "bewitchment:spinning_wheel_recipe",
      "recipe": "bewitchment:green_witch_hat"
    },
    {
      "type": "bewitchment:spinning_wheel_recipe",
      "recipe": "bewitchment:green_witch_hood"
    },
    {
      "type": "bewitchment:spinning_wheel_recipe",
      "recipe": "bewitchment:green_witch_robes"
    },
    {
      "type": "bewitchment:spinning_wheel_recipe",
      "recipe": "bewitchment:green_witch_pants"
    }
  ]
}