{
  "name": "Magic String",
  "category": "spinning_wheel",
  "icon": "bewitchment:spirit_string",
  "priority": true,
  "pages": [
    {
      "type": "text",
      "text": "Strings bind things, everyone knows that. However, magical strings can bind other things together, including binding souls and even the essence of dimensions."
    },
    {
      "type": "bewitchment:spinning_wheel_recipe",
      "recipe": "bewitchment:cobweb",
      "text": "Those spiders don’t got anything on you"
    },
    {
      "type": "bewitchment:spinning_wheel_recipe",
      "recipe": "bewitchment:witches_stitching",
      "text": "You got to pick up every stitch, must be the season of the Witch"
    },
    {
      "type": "bewitchment:spinning_wheel_recipe",
      "recipe": "bewitchment:golden_thread",
      "text": "A shining golden thread"
    },
    {
      "type": "bewitchment:spinning_wheel_recipe",
      "recipe": "bewitchment:pure_filament",
      "text": "A shining silver thread, blessed and purified"
    },
    {
      "type": "bewitchment:spinning_wheel_recipe",
      "recipe": "bewitchment:spirit_string",
      "text": "A string infused with spirits"
    }
  ]
}
