{
  "name": "Cypress",
  "category": "trees",
  "icon": "bewitchment:cypress_sapling",
  "pages": [
    {
      "type": "text",
      "title": "Cypress",
      "text": "A tall and dark tree found in coniferous settings, such as Taigas. This tree is associated with death and the afterlife, and is vital to creating the Ebb of Death fume. Despite this, brooms made from its wood give the rider temporary resistance when in flight."
    },
    {
      "type": "image",
      "images": [
        "bewitchment:textures/gui/patchouli/cypress.png"
      ],
      "border": true
    }
  ]
}
