{
  "name": "龍血木",
  "category": "trees",
  "icon": "bewitchment:juniper_sapling",
  "pages": [
    {
      "type": "text",
      "title": "龍血木",
      "text": "一種稀少的樹木，以其樹脂而聞名，它有著許多用途，但最常見的用途是參與符文製作。這種樹在自然環境下已經找不到了，但是某些鍊金術士會以家養的形式種植這種樹，他們或許會給其所信任的人一些樹苗。用伯萊恩新月小刀剝去一個成熟的原木，會使得原木流出似血殷紅的樹脂。用這種木頭做成的掃帚很快，速度僅次於接骨木。"
    },
    {
      "type": "image",
      "images": [
        "bewitchment:textures/gui/patchouli/dragonsblood.png"
      ],
      "border": true,
      "text": "雖然速度略遜一籌，但是你可以將符文附著掃帚其上，掃帚上的符文效果會施加到騎手身上。"
    }
  ]
}
