{
  "name": "Elder",
  "category": "trees",
  "icon": "bewitchment:elder_sapling",
  "pages": [
    {
      "type": "text",
      "title": "Elder",
      "text": "接骨木是一種在茂密的森林中常見的樹，包括常見的森林和樺木森林。這棵樹與智慧有關，樹苗產生智慧液滴。用這棵樹的木頭製作的掃帚是最快的。這棵樹也會結出一些甜美多汁的漿果，你的父親曾經聞到過它們散發出來的甜香。"
    },
    {
      "type": "image",
      "images": [
        "bewitchment:textures/gui/patchouli/elder.png"
      ],
      "border": true
    }
  ]
}
