{
  "name": "Elder",
  "category": "trees",
  "icon": "bewitchment:elder_sapling",
  "pages": [
    {
      "type": "text",
      "title": "Elder",
      "text": "Elder is a tree that is commonly seen in lush forests, including common Forests and Birch Forests. This tree is associated with wisdom and its saplings produce the Drop of Wisdom fume. Magic brooms made from this tree's wood are among the fastest. This tree also produces juicy berries, which your father smelt of."
    },
    {
      "type": "image",
      "images": [
        "bewitchment:textures/gui/patchouli/elder.png"
      ],
      "border": true
    }
  ]
}
