{
  "name": "龍血木",
  "category": "trees",
  "icon": "bewitchment:juniper_sapling",
  "pages": [
    {
      "type": "text",
      "title": "Juniper",
      "text": "一種主要在幹極度乾旱區發現的樹，最常見的是在薩瓦納草原。這棵樹以其強大的魔力而聞名，從幼樹中提取的提取物被用來製作液化魔力。這種木質的掃把具有天生的魔力，不需要額外提供魔力。它產生小的藍色莓狀球果是一種流行的香料。"
    },
    {
      "type": "image",
      "images": [
        "bewitchment:textures/gui/patchouli/juniper.png"
      ],
      "border": true
    }
  ]
}
