{
  "name": "Charred Wood",
  "icon": "mysticalworld:charred_log",
  "category": "blocks",
  "pages": [
    {
      "type": "spotlight",
      "link_recipe": true,
      "item": "mysticalworld:charred_log",
      "text": "Found in the world where wood has been burned or trees have perhaps been struck by lightning, these logs serve a mainly decorative purpose.$(br2)They can be additionally charred using a flint and steel, which is damaged (not consumed) in the process. You can also use a fire charge, which is consumed."
    },
    {
      "type": "crafting",
      "recipe": "mysticalworld:charred_wood_eight",
      "recipe2": "mysticalworld:charred_wood"
    },
    {
      "type": "crafting",
      "link_recipe": true,
      "recipe": "mysticalworld:charred_planks",
      "text": "Logs can be converted into planks in the standard fashion."
    },
    {
      "type": "crafting",
      "link_recipe": true,
      "recipe": "mysticalworld:charred_stairs",
      "recipe2": "mysticalworld:charred_slab",
      "text": "Planks can be converted into a variety of decorative blocks."
    },
    {
      "type": "crafting",
      "recipe": "mysticalworld:charred_wall",
      "recipe2": "mysticalworld:charred_fence",
      "link_recipe": true
    },
    {
      "type": "crafting",
      "link_recipe": true,
      "recipe": "mysticalworld:charred_fence_gate",
      "recipe2": "mysticalworld:charred_button"
    },
    {
      "type": "crafting",
      "link_recipe": true,
      "recipe": "mysticalworld:charred_pressure_plate"
    },
    {
      "type": "smelting",
      "recipe": "mysticalworld:charred_log"
    }
  ]
}
