{
  "name": "Mud Blocks",
  "icon": "mysticalworld:wet_mud_block",
  "category": "blocks",
  "pages": [
    {
      "type": "spotlight",
      "item": "mysticalworld:wet_mud_block",
      "link_recipe": true,
      "text": "Once crafted, these can be dried out in a furnace."
    },
    {
      "type": "crafting",
      "recipe": "mysticalworld:wet_mud_block",
      "recipe2": "mysticalworld:wet_mud_brick",
      "link_recipe": true,
      "title": "Wet Mud Blocks",
      "text": "Wet bricks are also craftable."
    },
    {
      "type": "smelting",
      "recipe": "mysticalworld:wet_mud_block",
      "recipe2": "mysticalworld:wet_mud_brick",
      "link_recipe": true,
      "title": "Quicker Crafting",
      "text": "You can smelt mud blocks & bricks in a furnace to convert them to ."
    }
  ]
}