{
  "name": "Mud Block Utility",
  "icon": "mysticalworld:mud_block_pressure_plate",
  "category": "blocks",
  "pages": [
    {
      "type": "spotlight",
      "item": "mysticalworld:mud_block_pressure_plate",
      "link_recipe": true,
      "text": "Pressure plates can be crafted of both mud block and mud bricks. As rock-based pressure plates, these primarily react to mobs."
    },
    {
      "type": "crafting",
      "recipe": "mysticalworld:mud_block_pressure_plate",
      "recipe2": "mysticalworld:mud_brick_pressure_plate",
      "link_recipe": true,
      "title": "Pressure plates"
    },
    {
      "type": "spotlight",
      "item": "mysticalworld:mud_block_button",
      "link_recipe": true,
      "text": "Buttons can be crafted out of both mud bricks and mud blocks."
    },
    {
      "type": "crafting",
      "recipe": "mysticalworld:mud_block_button",
      "recipe2": "mysticalworld:mud_brick_button",
      "link_recipe": true,
      "title": "Buttons"
    }
  ]
}