{
  "name": "Mud Block Decorations",
  "icon": "mysticalworld:mud_block_stairs",
  "category": "blocks",
  "pages": [
    {
      "type": "spotlight",
      "item": "mysticalworld:mud_block_stairs",
      "link_recipe": true,
      "text": "Stairs can be crafted out of both dried mud blocks and dried mud bricks."
    },
    {
      "type": "crafting",
      "recipe": "mysticalworld:mud_block_stairs",
      "recipe2": "mysticalworld:mud_brick_stairs",
      "link_recipe": true,
      "title": "Stairs"
    },
    {
      "type": "spotlight",
      "item": "mysticalworld:mud_block_slab",
      "link_recipe": true,
      "text": "Slabs can be crafted out of both dried mud blocks and dried mud bricks."
    },
    {
      "type": "crafting",
      "recipe": "mysticalworld:mud_block_slab",
      "recipe2": "mysticalworld:mud_brick_slab",
      "link_recipe": true,
      "title": "Slabs"
    },
    {
      "type": "spotlight",
      "item": "mysticalworld:mud_block_wall",
      "link_recipe": true,
      "text": "Walls can be crafted out of both dried mud blocks and dried mud bricks."
    },
    {
      "type": "crafting",
      "recipe": "mysticalworld:mud_block_wall",
      "recipe2": "mysticalworld:mud_brick_wall",
      "link_recipe": true,
      "title": "Walls"
    },
    {
      "type": "spotlight",
      "item": "mysticalworld:mud_block_fence",
      "link_recipe": true,
      "text": "Fences can be crafted out of both dried mud blocks and dried mud bricks."
    },
    {
      "type": "crafting",
      "recipe": "mysticalworld:mud_block_fence",
      "recipe2": "mysticalworld:mud_brick_fence",
      "link_recipe": true,
      "title": "Fences"
    },
    {
      "type": "spotlight",
      "item": "mysticalworld:mud_block_fence_gate",
      "link_recipe": true,
      "text": "Fence gates can be crafted out of both dried mud blocks and dried mud bricks."
    },
    {
      "type": "crafting",
      "recipe": "mysticalworld:mud_block_fence_gate",
      "recipe2": "mysticalworld:mud_brick_fence_gate",
      "link_recipe": true,
      "title": "Fences"
    }
  ]
}