{
  "name": "用泥磚做紅石元件！",
  "icon": "mysticalworld:mud_block_pressure_plate",
  "category": "blocks",
  "pages": [
    {
      "type": "spotlight",
      "item": "mysticalworld:mud_block_pressure_plate",
      "link_recipe": true,
      "text": "用無機鹽泥塊和泥磚都可以合成對應的壓力板。$(br2)他們與石壓力板一樣只在被生物踩踏時啟動。"
    },
    {
      "type": "crafting",
      "recipe": "mysticalworld:mud_block_pressure_plate",
      "recipe2": "mysticalworld:mud_brick_pressure_plate",
      "link_recipe": true,
      "title": "壓力板"
    },
    {
      "type": "spotlight",
      "item": "mysticalworld:mud_block_button",
      "link_recipe": true,
      "text": "用無機鹽泥塊和泥磚都可以合成對應的按鈕。"
    },
    {
      "type": "crafting",
      "recipe": "mysticalworld:mud_block_button",
      "recipe2": "mysticalworld:mud_brick_button",
      "link_recipe": true,
      "title": "按鈕"
    }
  ]
}