{
  "name": "Pearl Block Decorations",
  "icon": "mysticalworld:pearl_stairs",
  "category": "blocks",
  "pages": [
    {
      "type": "crafting",
      "recipe": "mysticalworld:pearl_block",
      "recipe2": "mysticalworld:pearl_from_pearl_block",
      "link_recipe": true,
      "text": "Pearl blocks require 9 pearls to craft, but can be uncrafted."
    },
    {
      "type": "crafting",
      "recipe": "mysticalworld:pearl_stairs",
      "recipe2": "mysticalworld:pearl_slab",
      "link_recipe": true,
      "title": "階梯 & 半磚"
    },
    {
      "type": "crafting",
      "recipe": "mysticalworld:pearl_wall",
      "recipe2": "mysticalworld:pearl_fence",
      "link_recipe": true,
      "title": "Walls & Fences"
    },
    {
      "type": "crafting",
      "recipe": "mysticalworld:pearl_fence_gate",
      "link_recipe": true,
      "title": "Fence Gates"
    }
  ]
}