{
  "name": "Air Canister",
  "icon": "pneumaticcraft:air_canister",
  "category": "components",
  "advancement": "pneumaticcraft:pressure_tube",
  "pages": [
    {
      "type": "text",
      "text": "The $(item)Air Canister/$ is a crafting component for any $(l:base_concepts/pressure)pressurizable/$ item or tool. It can also be charged and discharged in a $(l:machines/charging_station)Charging Station/$. The $(item)Air Canister/$ has a volume of 3000mL and can be charged to 10 bar (it won't explode).$(p)Any pneumatic items crafted with an $(item)Air Canister/$ will retain the canister's air."
    },
    {
      "type": "crafting",
      "text": "Creating an Air Canister",
      "recipe": "pneumaticcraft:air_canister"
    }
  ]
}
