{
  "name": "潤滑油",
  "icon": "forge:bucketfilled{FluidName:'lubricant',Amount:1000}",
  "category": "components",
  "advancement": "pneumaticcraft:tp_plant",
  "pages": [
    {
      "type": "text",
      "text": "$(item)潤滑油/$是合成$(l:base_concepts/upgrades#speed)速度升級/$的必須品。$(p)在$(l:manufacturing/thermopneumatic_processing_plant)熱氣動加工機/$中用$(item)柴油/$和$(item)紅石/$合成。"
    },
    {
      "type": "spotlight",
      "item": "forge:bucketfilled{FluidName:'lubricant',Amount:1000}",
      "text": "$(italic)滑溜溜的/$"
    }
  ]
}
