{
  "name": "Lubricant",
  "icon": "forge:bucketfilled{FluidName:'lubricant',Amount:1000}",
  "category": "components",
  "advancement": "pneumaticcraft:tp_plant",
  "pages": [
    {
      "type": "text",
      "text": "$(item)Lubricant/$ is required for crafting $(l:base_concepts/upgrades#speed)Speed Upgrades/$.$(p)It is created in a $(l:manufacturing/thermopneumatic_processing_plant)Thermopneumatic Processing Plant/$ with $(item)Diesel/$ and $(item)Redstone/$."
    },
    {
      "type": "spotlight",
      "item": "forge:bucketfilled{FluidName:'lubricant',Amount:1000}",
      "text": "$(italic)Slippery stuff/$"
    }
  ]
}
