{
  "name": "Network Components",
  "icon": "pneumaticcraft:network_component:0",
  "category": "components",
  "advancement": "pneumaticcraft:plastic",
  "pages": [
    {
      "type": "text",
      "text": "These components are used primarily to set up a $(l:programming/security_station)Security Station/$, but some are also used as crafting components, and the $(l:components/network_components#network_storage)Network Storage/$ and $(l:components/network_components#network_api)Network API/$ can be used to store $(l:tools/drone)Drone/$ programs."
    },
    {
      "type": "crafting",
      "anchor": "diagnostic",
      "text": "The $(item)Diagnostic Subroutine/$ is a required component in a $(l:machines/security_station)Security Station/$.$(br)It is responsible for tracing $(l:machines/security_station#hacking)hack attempts/$ back to the hacker.  If all $(item)Diagnostic Subroutines/$ are hacked, your $(item)Security Station/$ has been compromised.",
      "recipe": "pneumaticcraft:network_component_v4"
    },
    {
      "type": "crafting",
      "anchor": "io_port",
      "text": "The $(item)Network IO Port/$  is a required component in a $(l:machines/security_station)Security Station/$.$(br)This is the entry point for hack attempts on your $(item)Security Station/$.",
      "recipe": "pneumaticcraft:network_component_v2"
    },
    {
      "type": "crafting",
      "anchor": "registry",
      "text": "The $(item)Network Registry/$  is a required component in a $(l:machines/security_station)Security Station/$.$(br)This is a target for hackers; if $(italic)all/$ Registries are hacked, your $(item)Security Station/$ has been compromised.",
      "recipe": "pneumaticcraft:network_component_v3"
    },
    {
      "type": "crafting",
      "anchor": "node",
      "text": "The $(item)Network Node/$ is a generic component in a $(l:machines/security_station)Security Station/$, used to form pathways between the required components.",
      "recipe": "pneumaticcraft:network_component"
    },
    {
      "type": "crafting",
      "anchor": "network_api",
      "text": "The $(item)Network API/$ can be used to store $(l:tools/drone)Drone/$ programs. It requires $(l:programming/puzzle_pieces)Puzzle Pieces/$ to program, and can be used to run programs in the $(l:programming/programmable_controller)Programmable Controller/$ or by the $(l:programming/external_program)External Program/$ widget.",
      "recipe": "pneumaticcraft:network_component_v5"
    },
    {
      "type": "crafting",
      "anchor": "network_storage",
      "text": "The $(item)Network Data Storage/$ can be used to store $(l:tools/drone)Drone/$ programs. It does $(italic)not/$ require $(l:programming/puzzle_pieces)Puzzle Pieces/$ to program, so cannot be used to run programs; however it is useful if you wish to store a library of programs, or to trade programs with other players.",
      "recipe": "pneumaticcraft:network_component_v6"
    }
  ]
}
