{
  "name": "網路組件",
  "icon": "pneumaticcraft:network_component:0",
  "category": "components",
  "advancement": "pneumaticcraft:plastic",
  "pages": [
    {
      "type": "text",
      "text": "這些組件主要用於設定$(l:programming/security_station)安全站/$，但有些可被用作合成原料，而$(l:components/network_components#network_storage)網路儲存/$和$(l:components/network_components#network_api)網路 API/$ 可以用於儲存$(l:tools/drone)無人機/$程序。"
    },
    {
      "type": "crafting",
      "anchor": "diagnostic",
      "text": "$(item)診斷子程序/$是$(l:machines/security_station)安全站/$中的必需組件。$(br)其負責追蹤入侵者的$(l:machines/security_station#hacking)入侵嘗試/$。若所有$(item)診斷子程序/$皆被入侵，$(item)安全站/$的防護將失效。",
      "recipe": "pneumaticcraft:network_component_v4"
    },
    {
      "type": "crafting",
      "anchor": "io_port",
      "text": "$(item)網路 IO 介面/$是$(l:machines/security_station)安全站/$中的必需組件。$(br)其是對$(item)安全站/$的入侵嘗試的入口點。",
      "recipe": "pneumaticcraft:network_component_v2"
    },
    {
      "type": "crafting",
      "anchor": "registry",
      "text": "$(item)網路註冊表/$是$(l:machines/security_station)安全站/$中的必需組件。$(br)其是入侵者入侵的目標之一；若$(italic)所有/$網路註冊表皆被入侵，$(item)安全站/$的防護將失效。",
      "recipe": "pneumaticcraft:network_component_v3"
    },
    {
      "type": "crafting",
      "anchor": "node",
      "text": "$(item)網路節點/$是$(l:machines/security_station)安全站/$中的普通組件，用作必需組件間的連接。",
      "recipe": "pneumaticcraft:network_component"
    },
    {
      "type": "crafting",
      "anchor": "network_api",
      "text": "$(item)網路 API/$可以用於儲存$(l:tools/drone)無人機/$程序。對其編程需要$(l:programming/puzzle_pieces)編程拼圖/$，因而可以在$(l:programming/programmable_controller)可編程控制器/$或$(l:programming/external_program)外部程序/$拼圖中作為可用程序被執行。",
      "recipe": "pneumaticcraft:network_component_v5"
    },
    {
      "type": "crafting",
      "anchor": "network_storage",
      "text": "$(item)網路數據儲存/$可被用於儲存$(l:tools/drone)無人機/$程序。對其編程$(italic)不/$需要$(l:programming/puzzle_pieces)編程拼圖/$。因而不能作為可用程序被執行；但其適合用作程序庫，或者也可用於與其餘玩家交換程序。",
      "recipe": "pneumaticcraft:network_component_v6"
    }
  ]
}
