{
  "name": "核彈病毒",
  "icon": "pneumaticcraft:nuke_virus",
  "category": "components",
  "advancement": "pneumaticcraft:root",
  "pages": [
    {
      "type": "text",
      "text": "這是一個特殊組件，僅用於入侵$(l:machines/security_station)安全站/$。該物品無法被合成，僅可作為儲物箱戰利品，或（少見地）作為村民交易。"
    },
    {
      "type": "spotlight",
      "item": "pneumaticcraft:nuke_virus",
      "text": "入侵安全站時，對一個網路節點使用$(thing)核彈病毒/$將會使該節點癱瘓，從而立刻入侵該節點。"
    }
  ]
}
