{
  "name": "Nuke Virus",
  "icon": "pneumaticcraft:nuke_virus",
  "category": "components",
  "advancement": "pneumaticcraft:root",
  "pages": [
    {
      "type": "text",
      "text": "This is a special component, only used when trying to hack $(l:machines/security_station)Security Stations/$. It is not craftable and can only be found in dungeon loot, or (rarely) as a villager trade."
    },
    {
      "type": "spotlight",
      "item": "pneumaticcraft:nuke_virus",
      "text": "Applying a $(thing)Nuke Virus/$ to a node while hacking will nuke the node, hacking it instantly."
    }
  ]
}
