{
    "name": "Allthemodium Carrot",
    "icon": "allthemodium:allthemodium_carrot",
    "category": "allthemodium:food",
    "pages": [
        {
            "type": "crafting",
            "recipe": "allthemodium:main/allthemodium_carrot",
            "title": "Allthemodium Carrot"
        },
        {
            "type": "text",
            "text": "The Allthemodium carrot gives 40 hunger and 320 saturation. The carrot has the following effects:$(li)Fast to Eat$(li)Can Always Eat$(li)Absorption X for 30 Sec$(li)Regeneration X for 30 Sec"
        }
    ]
}