{
  "name": "Quantum Tier",
  "category": "modern_industrialization:endgame",
  "icon": "modern_industrialization:quantum_upgrade",
  "pages": [
    {
      "type": "spotlight",
      "item": "modern_industrialization:singularity",
      "text": "What happens when scientists try to build a miniature black hole in their lab?$(br2)The Singularity is the answer: this immensely powerful ball of matter has very useful quantum physics applications with the proper stabilizing materials."
    },
    {
      "type": "spotlight",
      "item": "modern_industrialization:quantum_upgrade",
      "text": "The Quantum Upgrade is the most powerful machine upgrade ever. Have a look for yourself."
    },
    {
      "type": "spotlight",
      "item": "modern_industrialization:quantum_sword",
      "text": "The Quantum Sword uses the raw power of the Schrödinger equation to instantly vaporize any foe (or friend!) you hit with it."
    },
    {
      "type": "spotlight",
      "item": "modern_industrialization:quantum_chestplate",
      "text": "Through the gravitational effect of the Heisenberg uncertainty principle, the full Quantum Armor set makes you immune to all damage and grants you creative flight. Each new piece of armour increases by 25% the likelihood of nullifying any damage taken. "
    },
    {
      "type": "spotlight",
      "item": "modern_industrialization:quantum_barrel",
      "text": "The Quantum Barrel is the ultimate barrel tier: it can hold 2,147,483,647 stacks of a single item!"
    },
    {
      "type": "spotlight",
      "item": "modern_industrialization:quantum_tank",
      "text": "The Quantum Tank is the most powerful tank tier: it can hold 2,147,483,647 buckets of a single fluid!"
    }
  ],
  "sortnum": 301
}