{
  "name": "量子層級",
  "category": "modern_industrialization:endgame",
  "icon": "modern_industrialization:quantum_upgrade",
  "pages": [
    {
      "type": "spotlight",
      "item": "modern_industrialization:singularity",
      "text": "當科學家試圖在他們的實驗室中建造一個微型黑洞時會發生什麼？$(br2)奇異點就是答案：這個極其強大的物質球具有非常有用的量子物理學應用，具有適當的穩定材料。"
    },
    {
      "type": "spotlight",
      "item": "modern_industrialization:quantum_upgrade",
      "text": "量子升級是有史以來最強大的機器升級。自己看看吧。"
    },
    {
      "type": "spotlight",
      "item": "modern_industrialization:quantum_sword",
      "text": "量子劍使用薛丁格方程式的原始力量立即蒸發你用它擊中的任何敵人（或朋友）。"
    },
    {
      "type": "spotlight",
      "item": "modern_industrialization:quantum_chestplate",
      "text": "通過海森堡不確定性原理的引力效應，全套量子裝甲使您免疫所有傷害並賦予您創造模式的飛行能力。每一件新的盔甲都會增加 25% 抵消受到的任何傷害的可能性。"
    },
    {
      "type": "spotlight",
      "item": "modern_industrialization:quantum_barrel",
      "text": "量子桶是終極桶層級：它可以容納 2,147,483,647 堆疊的單件物品！"
    },
    {
      "type": "spotlight",
      "item": "modern_industrialization:quantum_tank",
      "text": "量子儲罐是最強大的儲罐層級：它可以容納 2,147,483,647 桶單一液體！"
    }
  ],
  "sortnum": 301
}