{
  "name": "Blood Magic Addon",
  "description": "This chapter will contain all of the information you need to use the $(item)Blood Magic Addon$()$(br)$(dmlbm)$(br2)This $(item)Mod$() helps you produce $(item)Life Essence$() without having a $(item)Well of Suffering$().$(br2)Keeping a bunch of mobs loaded to run your $(item)Well$() costs a lot of $(item)Server resources$(). This is a lag-free alternative.",
  "icon": "deepmoblearningbm:digital_agonizer",
  "sortnum": 4,
  "flag": "mod:deepmoblearningbm"
}