{
  "name": "Small Solar Panel",
  "icon": "engineersdecor:small_solar_panel",
  "category": "power",
  "sortnum": 8010,
  "pages": [
    {
      "type": "spotlight",
      "title": "Small Solar Panel",
      "item": "engineersdecor:small_solar_panel",
      "text": "Like the name suggests, this device transforms sunlight to RF power.$(br)The monocrystalline Redstone layer of the panel has an effeciency of 22%, so the output power is small.$(br)Its main application range lies in generating auxiliary power for remote places, where cabeling is too expensive or problematic."
    },
    {
      "type": "text",
      "text": "The panel has an internal capacitor with charge pump. When exposed to the sun, this capacitor will start to charge up. The power output is enabled after it is at least 20% charged, and will remain active until the capacitor is empty again. Hence, the output of the panel pulsed.$(br)To use the panel efficiently, place a capacitor or battery underneath it. To increase the total power production you need to place a whole solar field with power transfer infrastructure."
    },
    {
      "type": "text",
      "text": "Peak production is at noon. From dawn to dusk the power curve is nonlinearly rising and falling. Further efficiency factors are weather and local light conditions.$(br2)The output power over 24h is comparable to a Thermo-Electric Generator.$(br2)In summary, it is free power that also can be bumped up a bit, but you have to invest in the infrastructure, and you"
    },
    {
      "type": "text",
      "text": "need to be careful to have reserves for bad weather. For heavy machinery more reliable power sources like $(o)Diesel Generators$() are recommended."
    }
  ]
}
