{
  "name": "活性化合物表",
  "icon": "煉金術:化合物:54",
  "category": "化合物_類別",
  "pages": [
    {
      "type": "spotlight",
      "item": "煉金術:化合物:54",
      "title": "氰化鉀",
      "text": "劇毒，不可食用!"
    },
    {
      "type": "spotlight",
      "item": "煉金術:化合物:21",
      "title": "賽洛西賓",
      "text": "給予使用者夜視、緩速及對大自然細節的欣賞力"
    },
    {
      "type": "spotlight",
      "item": "煉金術:化合物:58",
      "title": "青黴素",
      "text": "使用後清除所有狀態效果，並回復少量生命值"
    },
    {
      "type": "spotlight",
      "item": "煉金術:化合物:55",
      "title": "腎上腺素",
      "text": "使用後可獲得夜視及加速效果"
    },
    {
      "type": "spotlight",
      "item": "煉金術:化合物:59",
      "title": "咖啡因",
      "text": "如同腎上腺素，使用後可獲得夜視及加速效果"
    },
    {
      "type": "spotlight",
      "item": "煉金術:化合物:56",
      "title": "古柯鹼",
      "text": "使用後可以跳得很高，跑步疾如獵豹"
    },
    {
      "type": "spotlight",
      "item": "煉金術:化合物:57",
      "title": "乙醯水楊酸",
      "text": "使用後可治療2.5顆心"
    }
  ]
}