{
  "name": "數據模型",
  "icon": "deepmoblearning:data_model_guardian",
  "category": "0_introduction",
  "sortnum": 2,
  "pages": [
    {
      "type": "recipelookup",
      "recipe": "deepmoblearning:data_model_blank",
      "text": "你可以使用你之前製作的$(br)$(l:0_introduction/0_introduction#sooted_redstone)炭灰紅石$()製作一個$(item)空白數據模型$()。"
    },
    {
      "type": "spotlight",
      "item": "deepmoblearning:data_model_guardian",
      "anchor": "data_models",
      "text": "所有$(item)數據模型$()都是從\"$(8)Faulty$()\"等級開始的，你必須使用$(item)數據模型$()獲得更多的$(item)數據$()，才能提升它的等級。$(br2)當你的$(item)等級$()上升後，你可以從戰鬥中獲得更多的$(item)數據$()。$(br2)$(item)數據模型$()能夠放在$(l:1_machines/0_simulation_chamber)模擬室$()中。"
    },
    {
      "type": "text",
      "text": "$(item)數據模型$()根據怪物的$(item)棲息地$()分成不同$(item)種類$()。$(br2)基礎$(item)棲息地$()為: $(a)Overworldian[主世界]$(), $(c)Hellish[地獄]$()和$(d)Extraterrestrial[終界]$()。$(br2)$(item)數據模型$()的種類將決定$(l:1_machines/0_simulation_chamber)模擬室$()能夠產出什麼種類的$(l:1_machines/1_matter#living)物質$()和$(l:1_machines/1_matter#pristine)原始物質$()。"
    },
    {
      "type": "recipelookup",
      "recipe": "deepmoblearning:data_model_zombie",
      "recipe2": "deepmoblearning:data_model_skeleton",
      "title": "殭屍",
      "title2": "骷髏"
    },
    {
      "type": "recipelookup",
      "recipe": "deepmoblearning:data_model_creeper",
      "recipe2": "deepmoblearning:data_model_spider",
      "title": "苦力怕",
      "title2": "蜘蛛"
    },
    {
      "type": "recipelookup",
      "recipe": "deepmoblearning:data_model_slime",
      "recipe2": "deepmoblearning:data_model_witch",
      "title": "史萊姆",
      "title2": "女巫"
    },
    {
      "type": "recipelookup",
      "recipe": "deepmoblearning:data_model_blaze",
      "recipe2": "deepmoblearning:data_model_ghast",
      "title": "烈焰使者",
      "title2": "地獄幽靈"
    },
    {
      "type": "recipelookup",
      "recipe": "deepmoblearning:data_model_wither_skeleton",
      "recipe2": "deepmoblearning:data_model_enderman",
      "title": "凋零骷髏",
      "title2": "終界使者"
    },
    {
      "type": "recipelookup",
      "recipe": "deepmoblearning:data_model_wither",
      "recipe2": "deepmoblearning:data_model_dragon",
      "title": "凋零",
      "title2": "終界龍"
    },
    {
      "type": "recipelookup",
      "recipe": "deepmoblearning:data_model_shulker",
      "recipe2": "deepmoblearning:data_model_guardian",
      "title": "界伏蚌",
      "title2": "深海守衛"
    },
    {
      "type": "recipelookup",
      "recipe": "deepmoblearning:data_model_thermal_elemental",
      "title": "熱力元素生物",
      "flag": "mod:thermalfoundation"
    },
    {
      "type": "recipelookup",
      "recipe": "deepmoblearning:data_model_twilight_forest",
      "recipe2": "deepmoblearning:data_model_twilight_swamp",
      "title": "暮光森林",
      "title2": "暮光沼澤",
      "flag": "mod:twilightforest"
    },
    {
      "type": "recipelookup",
      "recipe": "deepmoblearning:data_model_twilight_darkwood",
      "recipe2": "deepmoblearning:data_model_twilight_glacier",
      "title": "暮光黑樹",
      "title2": "暮光冰川",
      "flag": "mod:twilightforest"
    },
    {
      "type": "recipelookup",
      "recipe": "deepmoblearning:data_model_mo_android",
      "title": "機械人",
      "flag": "mod:matteroverdrive"
    },
    {
      "type": "recipelookup",
      "recipe": "deepmoblearning:data_model_tinker_slime",
      "title": "藍史萊姆",
      "flag": "mod:tconstruct"
    }
  ]
}