{
  "name": "Data Models",
  "icon": "deepmoblearning:data_model_guardian",
  "category": "0_introduction",
  "sortnum": 2,
  "pages": [
    {
      "type": "recipelookup",
      "recipe": "deepmoblearning:data_model_blank",
      "text": "You can craft a $(item)Blank Data Model$() with some of that$(br)$(l:0_introduction/0_introduction#sooted_redstone)Soot-covered Redstone$() you made earlier."
    },
    {
      "type": "spotlight",
      "item": "deepmoblearning:data_model_guardian",
      "anchor": "data_models",
      "text": "All of the $(item)Data Models$() start at the \"$(8)Faulty$()\" tier, this tier goes up as the $(item)Data Models$() gather more $(item)Data$().$(br2)As you $(item)Tier$() up you will gain more $(item)Data$() from the mobs you defeat.$(br2)$(item)Data Models$() can be put inside a $(l:1_machines/0_simulation_chamber)Simulation chamber$()"
    },
    {
      "type": "text",
      "text": "$(item)Data Models$() are split into $(item)Types$() depending on their $(item)Habitat$().$(br2)The basic $(item)Habitats$() are: $(a)Overworldian$(), $(c)Hellish$() and $(d)Extraterrestrial$().$(br2)The type of the $(item)Data Model$() will determine what kind of $(l:1_machines/1_matter#living)Living Matter$() and $(l:1_machines/1_matter#pristine)Pristine Matter$() the $(l:1_machines/0_simulation_chamber)Simulation Chamber$() will produce."
    },
    {
      "type": "recipelookup",
      "recipe": "deepmoblearning:data_model_zombie",
      "recipe2": "deepmoblearning:data_model_skeleton",
      "title": "Zombie",
      "title2": "Skeleton"
    },
    {
      "type": "recipelookup",
      "recipe": "deepmoblearning:data_model_creeper",
      "recipe2": "deepmoblearning:data_model_spider",
      "title": "Creeper",
      "title2": "Spider"
    },
    {
      "type": "recipelookup",
      "recipe": "deepmoblearning:data_model_slime",
      "recipe2": "deepmoblearning:data_model_witch",
      "title": "Slime",
      "title2": "Witch"
    },
    {
      "type": "recipelookup",
      "recipe": "deepmoblearning:data_model_blaze",
      "recipe2": "deepmoblearning:data_model_ghast",
      "title": "Blaze",
      "title2": "Ghast"
    },
    {
      "type": "recipelookup",
      "recipe": "deepmoblearning:data_model_wither_skeleton",
      "recipe2": "deepmoblearning:data_model_enderman",
      "title": "Wither Skeleton",
      "title2": "Enderman"
    },
    {
      "type": "recipelookup",
      "recipe": "deepmoblearning:data_model_wither",
      "recipe2": "deepmoblearning:data_model_dragon",
      "title": "Wither",
      "title2": "Dragon"
    },
    {
      "type": "recipelookup",
      "recipe": "deepmoblearning:data_model_shulker",
      "recipe2": "deepmoblearning:data_model_guardian",
      "title": "Shulker",
      "title2": "Guardian"
    },
    {
      "type": "recipelookup",
      "recipe": "deepmoblearning:data_model_thermal_elemental",
      "title": "Thermal Elemental",
      "flag": "mod:thermalfoundation"
    },
    {
      "type": "recipelookup",
      "recipe": "deepmoblearning:data_model_twilight_forest",
      "recipe2": "deepmoblearning:data_model_twilight_swamp",
      "title": "Twilight Forest",
      "title2": "Twilight Swamp",
      "flag": "mod:twilightforest"
    },
    {
      "type": "recipelookup",
      "recipe": "deepmoblearning:data_model_twilight_darkwood",
      "recipe2": "deepmoblearning:data_model_twilight_glacier",
      "title": "Twilight Darkwood",
      "title2": "Twilight Glacier",
      "flag": "mod:twilightforest"
    },
    {
      "type": "recipelookup",
      "recipe": "deepmoblearning:data_model_mo_android",
      "title": "Rogue Android",
      "flag": "mod:matteroverdrive"
    },
    {
      "type": "recipelookup",
      "recipe": "deepmoblearning:data_model_tinker_slime",
      "title": "Blue Slime",
      "flag": "mod:tconstruct"
    }
  ]
}