{
    "name": "靈氣寶藏",
    "icon": "naturesaura:aura_trove",
    "category": "items",
    "advancement": "naturesaura:sky_ingot",
    "pages": [
        {
            "type": "text",
            "text": "一旦$(#419600)靈氣$()的需求超過了$(l:items/aura_cache)靈氣快取$()的上限以至於要經常補充靈氣，可以尋求$(item)靈氣寶藏$()的幫助——更高級版本的$(item)靈氣快取$()，有著三倍儲存容量。"
        },
        {
            "type": "crafting",
            "text": "合成$(item)靈氣寶藏$()",
            "recipe": "naturesaura:aura_trove"
        }
    ]
}