{
    "name": "終界目鏡",
    "icon": "naturesaura:ender_access",
    "category": "items",
    "advancement": "naturesaura:aura_bottle_end",
    "pages": [
        {
            "type": "text",
            "text": "$(item)終界目鏡$()是，簡單來說，攜帶版的$(l:using/ender_crate)終界板條箱$()。在用同樣的方式給予$(thing)終界名$()後，手持右擊就能當場打開內部儲存。要使用這一物品，$(l:items/aura_cache)靈氣快取$()需要被用於提供$(#419600)靈氣$()。"
        },
        {
            "type": "crafting",
            "text": "合成$(item)終界目鏡$()",
            "recipe": "naturesaura:ender_access"
        }
    ]
}