{
    "name": "Environmental Eye",
    "icon": "naturesaura:eye",
    "category": "items",
    "advancement": "naturesaura:wood_stand",
    "turnin": "naturesaura:eye",
    "priority": true,
    "pages": [
        {
            "type": "text",
            "text": "When working with $(aura), by nature, it will be hard to grasp just how much there is in any given area or storage device. The $(item)Environmental Eye$() has the powers to display this information to botanists though: Once created, merely holding it anywhere in one's hotbar will display several pieces of information:"
        },
        {
            "type": "text",
            "text": "A bar will display the amount stored in $(aura)-bearing blocks, with a full bar meaning that the block has reached its storage capacity.$(br)An additional bar at the top left of one's field of view will display the saturation of $(aura) around one's current location, with the bar being half full meaning that the $(aura) is at its expected default level. The eye's limited power, however, means that, when $(aura) exceeds any end of the visible bar, it will not be able to tell you just how much there is."
        },
        {
            "type": "naturesaura:tree_ritual",
            "text": "Creating the $(item)Environmental Eye$() using the $(l:practices/tree_ritual)Ritual of the Forest$()",
            "recipe": "naturesaura:eye"
        }
    ]
}