{
    "name": "環境之眼",
    "icon": "naturesaura:eye",
    "category": "items",
    "advancement": "naturesaura:wood_stand",
    "turnin": "naturesaura:eye",
    "priority": true,
    "pages": [
        {
            "type": "text",
            "text": "當使用$(#419600)靈氣$()時，你自然會想知道區域內還存有多少靈氣。$(item)環境之眼$()有著顯示植物學家所想的能力：一旦被合成，只需將其放置在快捷欄或飾品欄中即可顯示諸多訊息："
        },
        {
            "type": "text",
            "text": "一個進度條會顯示$(#419600)靈氣$()儲存方塊的儲量，進度條的總長為其容量。$(br)另一個進度條會顯示目前區域內$(#419600)靈氣$()的飽食度，進度條的一半為$(#419600)靈氣$()的初始含量。然而環境之眼的能力有限，當$(#419600)靈氣$()含量高於或低於進度條範圍，將無法得知確切含量。"
        },
        {
            "type": "naturesaura:tree_ritual",
            "text": "用$(l:practices/tree_ritual)森林儀式$()創造$(item)環境之眼$()",
            "recipe": "naturesaura:eye"
        }
    ]
}