{
    "name": "Environmental Ocular",
    "icon": "naturesaura:eye_improved",
    "category": "items",
    "advancement": "naturesaura:end_flower",
    "pages": [
        {
            "type": "text",
            "text": "The $(l:items/eye)Environmental Eye$() is very useful in theory; however, a lot of magical botanists struggle with its limited range of gauging $(aura) in the environment around them. A simple solution to this problem is the $(item)Environmental Ocular$().$(br)While working similarly to the $(item)Environmental Eye$(), the main difference is its much bigger gauge for $(aura) in the area: It is $(thing)twice as large$()."
        },
        {
            "type": "text",
            "text": "It needs be noted that the extended bar only shows if $(aura) levels are high or low enough.$(p)Secondly, the $(item)Environmental Ocular$() has the ability to display all $(thing)Aura Imbalance$() effects that are currently occuring in the place the user is standing. They are displayed in the form of icons next to the aura bar. To find out which icon represents which effect, the $(thing)Aura Imbalance$() section of this book can be used."
        },
        {
            "type": "text",
            "text": "If an effect icon is crossed out, it's either an effect that requires $(l:effects/effect_powder)Effect Powder$() and there is none present, or it's an effect that is currently being inhibited by its corresponding powder.$(br)An additional perk is that, while the $(item)Environmental Eye$() needs to be held in the hotbar, the $(item)Environmental Ocular$() can be anywhere in the user's inventory to work.$(br)All other properties of the $(item)Environmental Eye$() carry over to the $(item)Environmental Ocular$() as expected."
        },
        {
            "type": "naturesaura:tree_ritual",
            "text": "Creating the $(item)Environmental Ocular$() using the $(l:practices/tree_ritual)Ritual of the Forest$()",
            "recipe": "naturesaura:eye_improved"
        }
    ]
}