{
    "name": "環境目鏡",
    "icon": "naturesaura:eye_improved",
    "category": "items",
    "advancement": "naturesaura:end_flower",
    "pages": [
        {
            "type": "text",
            "text": "$(l:items/eye)環境之眼$()理論上非常有用，然而許多魔法植物學家不喜歡其對周邊$(#419600)靈氣$()的測量範圍限制。一個簡單的解決方案是$(item)環境目鏡$()。$(br)目鏡的工作方式與$(item)環境之眼$()類似，主要不同是更大的$(#419600)靈氣$()測量範圍：$(thing)兩倍$()。"
        },
        {
            "type": "text",
            "text": "有幾點需注意：第一，額外的靈氣條只在$(#419600)靈氣$()等級足夠高或低的時候出現。$(p)第二，$(item)環境目鏡$()能展示使用者站立位置的所有$(thing)靈氣失衡$()效應。這會在靈氣條旁邊顯示出圖示。想知道圖示和效應的對應關係，可以參考$(thing)靈氣失衡$()一節。"
        },
        {
            "type": "text",
            "text": "如果一個效應圖示被打叉，它要嘛是需要缺失的$(l:effects/effect_powder)效應粉$()，要嘛正被對應粉末抑制。$(br)一個額外的好處是，$(item)環境之眼$()需要放在快捷欄裡，而$(item)環境目鏡$()只需要放在物品欄裡。$(br)其他$(item)環境之眼$()的屬性都繼承到了$(item)環境目鏡$()上。"
        },
        {
            "type": "naturesaura:tree_ritual",
            "text": "使用$(l:practices/tree_ritual)森林儀式$()合成$(item)環境目鏡$()",
            "recipe": "naturesaura:eye_improved"
        }
    ]
}