{
    "name": "植物學家的盔甲",
    "icon": "naturesaura:infused_iron_chest",
    "category": "items",
    "advancement": "naturesaura:infused_materials",
    "pages": [
        {
            "type": "text",
            "text": "在他們的$(l:items/infused_iron_tools)工具$()之外，植物學家也能從盔甲中得到保護，特別是$(item)植物學家的盔甲$()。除了擁有鐵盔甲級別的保護力外，盔甲還能通過持有$(l:items/aura_cache)靈氣快取$()時潛行來恢復耐久，類似對應的工具。除此之外，穿齊整套盔甲還有$(thing)套裝獎勵$()。"
        },
        {
            "type": "text",
            "text": "當生物攻擊穿戴者時，它會短暫得到$(item)凋零$()效果，以類似尖刺附魔的方式傷害它。$(br)除此之外，穿整套時使用$(l:items/shockwave_creator)憤怒護身符$()也會使得被衝擊到的生物短暫得到凋零效果。"
        },
        {
            "type": "crafting",
            "recipe": "naturesaura:infused_helmet",
            "recipe2": "naturesaura:infused_chest"
        },
        {
            "type": "crafting",
            "recipe": "naturesaura:infused_pants",
            "recipe2": "naturesaura:infused_shoes"
        }
    ]
}