{
    "name": "Botanist's Armor",
    "icon": "naturesaura:infused_iron_chest",
    "category": "items",
    "advancement": "naturesaura:infused_materials",
    "pages": [
        {
            "type": "text",
            "text": "Additionally to their $(l:items/infused_iron_tools)tools$(), a botanist can gain protection through armor, specifically $(item)Botanist's Armor$(). Along with being about as protective as iron armor, it can have its lost durability recharged by sneaking while posessing an $(l:items/aura_cache)Aura Cache$(), similarly to the tools of the same kind. Additionally, however, the armor also has a $(thing)set bonus$() which is applied when the full armor set is worn at once."
        },
        {
            "type": "text",
            "text": "Then, when a mob attacks the wearer, it will be inflicted with a short $(item)Withering$() effect, hurting it in a similar way to the Thorns enchantment.$(br)Additionally, using an $(l:items/shockwave_creator)Amulet of Wrath$() while the full set is equipped will also inflict the Withering effect onto any mobs that are hit by its effect for a short amount of time."
        },
        {
            "type": "crafting",
            "recipe": "naturesaura:infused_helmet",
            "recipe2": "naturesaura:infused_chest"
        },
        {
            "type": "crafting",
            "recipe": "naturesaura:infused_pants",
            "recipe2": "naturesaura:infused_shoes"
        }
    ]
}