{
    "name": "植物學家工具",
    "icon": "naturesaura:infused_iron_pickaxe",
    "category": "items",
    "advancement": "naturesaura:infused_materials",
    "pages": [
        {
            "type": "text",
            "text": "使用$(l:using/altar)灌注鐵錠$()的內在力量，你不止能製造出屬性與$(item)鐵$()制工具相似的工具，它們還包含著你不太會預料到的額外功能。$(br)接下來幾頁將會介紹如何製造這些工具與如何使用它們的特殊性質。"
        },
        {
            "type": "text",
            "text": "首先，當攜帶$(l:naturesaura:items/aura_cache)靈氣快取$()時，工具可以使用其中儲存的$(#419600)靈氣$()來恢復耐久，顯著延長其生命週期。你只需手持工具潛行，一隻手中的工具將會恢復耐久。"
        },
        {
            "type": "crafting",
            "text": "$(item)植物學家之鎬$()，當與方塊互動時，會將其轉化為$(thing)青苔$()變體，前提是這個方塊有此變體。",
            "recipe": "naturesaura:infused_pickaxe"
        },
        {
            "type": "crafting",
            "text": "$(item)植物學家之斧$()在移除$(thing)樹葉$()上有很大優勢，比常規工具快很多。",
            "recipe": "naturesaura:infused_axe"
        },
        {
            "type": "crafting",
            "text": "$(item)植物學家之鏟$()可在互動時讓$(thing)草$()長在在泥土上, 同時可在草地上製造更大範圍的$(thing)草徑$()",
            "recipe": "naturesaura:infused_shovel"
        },
        {
            "type": "crafting",
            "text": "$(item)植物學家之鋤$()在草或泥土上被使用時，會幫助種植者獲得各類$(thing)種子$()。",
            "recipe": "naturesaura:infused_hoe"
        },
        {
            "type": "crafting",
            "text": "$(item)植物學家之劍$()是對付怪物的極佳方式：它會向你擊中的生物附加數秒的$(thing)減速效果$()，使它們更容易被擊中。",
            "recipe": "naturesaura:infused_sword"
        }
    ]
}