{
  "name": "botanianeedsit.entry.mana_capacitors",
  "category": "魔力",
  "icon": "botanianeedsit:mana_capacitor_manasteel",
  "pages": [
    {
      "type": "text",
      "text": "botanianeedsit.page.mana_capacitors.0"
    },
    {
      "type": "crafting",
      "recipe": "botanianeedsit:mana_capacitor_manasteel"
    },
    {
      "type": "crafting",
      "recipe": "botanianeedsit:mana_capacitor_elementium"
    },
    {
      "type": "crafting",
      "recipe": "botanianeedsit:mana_capacitor_terrasteel"
    }
  ]
}