{
  "category": "bewitchment:rituals",
  "name": "Drought",
  "icon": "minecraft:dead_bush",
  "advancement": "bewitchment:hidden_unlocks/chalk",
  "pages": [
    {
      "type": "patchouli:text",
      "text": "The $(l:bewitchment:rituals/rituals)Ritual$() of Drought makes the air dry, stopping all rain.$(br2)It has a duration similar to its counterpart, $(l:bewitchment:rituals/deluge)Deluge$()."
    },
    {
      "type": "bewitchment:ritual",
      "recipe": "bewitchment:rituals/drought"
    }
  ]
}
