{
  "category": "bewitchment:rituals",
  "name": "Hurricane",
  "icon": "minecraft:feather",
  "advancement": "bewitchment:hidden_unlocks/chalk",
  "pages": [
    {
      "type": "patchouli:text",
      "text": "By magically creating a magic wind, this $(l:bewitchment:rituals/rituals)Ritual$() removes any nearby plants and leaves.$(br2)It will also launch any entities caught in the gust very high into the air."
    },
    {
      "type": "bewitchment:ritual",
      "recipe": "bewitchment:rituals/hurricane"
    }
  ]
}
