{
  "category": "bewitchment:rituals",
  "name": "Smite",
  "icon": "minecraft:redstone",
  "advancement": "bewitchment:hidden_unlocks/chalk",
  "pages": [
    {
      "type": "patchouli:text",
      "text": "Smite summons a lightning bolt at the effective position of the $(l:bewitchment:rituals/rituals)Ritual$().$(br2)This works really well with $(l:bewitchment:tools/waystone)Waystones$()."
    },
    {
      "type": "bewitchment:ritual",
      "recipe": "bewitchment:rituals/smite"
    }
  ]
}
