{
  "name": "item.ars_nouveau.potion_flask",
  "icon": "ars_nouveau:potion_flask",
  "category": "equipment",
  "pages": [
    {
      "type": "text",
      "text": "ars_nouveau.page.potion_flask"
    },
    {
      "type": "apparatus_recipe",
      "recipe": "ars_nouveau:potion_flask"
    },
    {
      "type": "text",
      "text": "ars_nouveau.page.potion_flask_extend_time"
    },
    {
      "type": "apparatus_recipe",
      "recipe": "ars_nouveau:potion_flask_extend_time"
    },
    {
      "type": "text",
      "text": "ars_nouveau.page.potion_flask_amplify"
    },
    {
      "type": "apparatus_recipe",
      "recipe": "ars_nouveau:potion_flask_amplify"
    }
  ]
}