{
  "name": "block.ars_nouveau.basic_spell_turret",
  "icon": "ars_nouveau:basic_spell_turret",
  "category": "automation",
  "pages": [
    {
      "type": "text",
      "text": "ars_nouveau.page.spell_turret"
    },
    {
      "type": "crafting",
      "recipe": "ars_nouveau:basic_spell_turret"
    },
    {
      "type": "text",
      "text": "ars_nouveau.page.spell_turret2"
    },
    {
      "type": "apparatus_recipe",
      "recipe": "ars_nouveau:spell_turret"
    },
    {
      "type": "text",
      "text": "ars_nouveau.page.spell_turret3"
    },
    {
      "type": "apparatus_recipe",
      "recipe": "ars_nouveau:timer_spell_turret"
    },
    {
      "type": "text",
      "text": "ars_nouveau.page.spell_turret4"
    }
  ]
}