{
  "name": "block.ars_nouveau.summoning_crystal",
  "icon": "ars_nouveau:summoning_crystal",
  "category": "automation",
  "pages": [
    {
      "type": "text",
      "text": "ars_nouveau.page.summoning_crystal"
    },
    {
      "type": "apparatus_recipe",
      "recipe": "ars_nouveau:summoning_crystal"
    },
    {
      "type": "text",
      "text": "ars_nouveau.page2.summoning_crystal"
    },
    {
      "type": "relations",
      "entries": [
        "machines/scribes_table",
        "apparatus/whelp_charm"
      ]
    }
  ]
}