{
  "name": "item.ars_nouveau.wixie_charm",
  "icon": "ars_nouveau:wixie_charm",
  "category": "automation",
  "pages": [
    {
      "type": "text",
      "text": "ars_nouveau.page.wixie_charm"
    },
    {
      "type": "apparatus_recipe",
      "recipe": "ars_nouveau:wixie_charm"
    },
    {
      "type": "entity",
      "offset": "-0.25",
      "entity": "ars_nouveau:wixie",
      "text": "ars_nouveau.page2.wixie_charm"
    },
    {
      "type": "text",
      "title": "Item Crafting",
      "text": "ars_nouveau.page3.wixie_charm"
    },
    {
      "type": "text",
      "title": "Potion Crafting",
      "text": "ars_nouveau.page4.wixie_charm"
    },
    {
      "type": "text",
      "text": "ars_nouveau.page5.wixie_charm"
    },
    {
      "type": "relations",
      "entries": [
        "machines/potion_jar",
        "automation/dominion_wand"
      ]
    }
  ]
}