{
   "name": "「魂櫻之長刀」",
   "icon": "flammpfeil.slashblade:slashbladenamed{ModelName: \"named/roukan/model\", TextureName: \"named/roukan/texture\"}",
   "category": "category_4",
   "pages": [
      {
         "type": "text",
         "text": "太陰曆，第三輪迴，月與冬與水之年，我和一些共同學習鍛造的同胞注意到魂櫻的力量，並開始嘗試利用魂櫻之鋼鍛造刀刃。$(br2)結果是可喜的，魂櫻蘊含的靈力之旺盛足以歡喜。$(br2)以魂櫻鍛造而成的脅差，具有著消滅幽靈的力量，將不死就地成佛……"
      },
      {
         "type": "text",
         "text": "此刀被交付給半靈族——魂魄家的家主，根據交付地點被命名為「白樓劍」$(br2)後來，魂魄家的傳人接過此劍，又詢問我等能否鍛造一振長刀為其所用。$(br2)在魂魄家以及西行寺家的共同要求與大天狗的指令之下，召集了我等天狗刀匠與其他族群的刀匠，甚至還有人類，一同開始鍛造「魂櫻之長刀」"
      },
      {
         "type": "text",
         "text": "我不記得當時都有多少人與妖參與。事實上，人數太多……$(br2)更殘酷的現實是，我們失敗的次數不可計量……$(br2)而次品中也不缺乏優秀的作品，但無法被他們所賞識……$(br2)最終，以高濃度的魂櫻之氣凝結的魂櫻之鋼和各種靈力的附著，一振長刀在試斬時斬下了曾一度認為無法被斬斷的物質……"
      },
      {
         "type": "text",
         "text": "「魂櫻之長刀」被鍛造出來，被命名為「樓觀劍」。$(br2)它承載著太多的東西，甚至是人類和妖怪的性命……$(br2)換取來的是多少人世俗的讚賞？又是多少利慾薰心的刀匠的粗劣模仿？$(br2)出現了太多仿製品，甚至是次品的仿製品……$(br2)「觀樓劍」……這是他們為這些偽物取的名字……"
      },
      {
         "type": "text",
         "text": "可曾記得魂櫻的起源？$(br2)自從人類與邪魔的戰爭開始之後，落櫻便代表著一方生命的終結……魂櫻因此而生……$(br2)魂櫻說到底，也就是那些死去的靈魂……$(br2)而無論是人類還是妖怪，都只是沉溺於互相廝殺之中……$(br2)我等刀匠不過是給予他們廝殺的力量，但這就是所謂正義……"
      },
      {
         "type": "text",
         "text": "在「魂櫻之長刀」完成之日，我定下決心：以魂櫻的力量為我族增加實力……$(br2)為了與他們的對決……"
      },
      {
         "type": "crafting",
         "recipe": "lastsmith:flammpfeil.slashblade.named.kanrou_fake",
         "recipe2": "lastsmith:flammpfeil.slashblade.named.kanrou"
      },
      {
         "type": "crafting",
         "recipe": "lastsmith:flammpfeil.slashblade.named.roukan"
      },
      {
         "type": "crafting",
         "recipe": "lastsmith:flammpfeil.slashblade.named.hakurou_fake"
      },
      {
         "type": "crafting",
         "recipe": "lastsmith:flammpfeil.slashblade.named.hakurou"
      }
   ],
   "advancement": "lastsmith:bewitched_blade",
   "sortnum": 13
}
