{
   "name": "「散華」",
   "icon": "flammpfeil.slashblade:slashbladenamed{ModelName: \"named/sange/sange\", TextureName: \"named/sange/sange\"}",
   "category": "category_4",
   "pages": [
      {
         "type": "text",
         "text": "稀世名匠鍛造之名刀。$(br)散落於世間之華美，名曰「散華」。$(br2)在凋零之內，不斷為其提供靈力的刀刃……$(br2)眾星之力纏繞其身……"
      },
      {
         "type": "entity",
         "entity": "minecraft:wither",
         "scale": 1,
         "text": "召喚凋零……斬殺之……"
      }
   ],
   "advancement": "lastsmith:bewitched_blade",
   "sortnum": 1
}
