{
   "name": "「竹光」的故事",
   "icon": "flammpfeil.slashblade:slashbladenamed{ModelName: \"named/yamato\",TextureName: \"named/bamboolight/bamboo_top\"}",
   "category": "category_4",
   "pages": [
      {
         "type": "text",
         "text": "葦原地區竹林生長茂盛，更有一片竹林被稱為「迷途竹林」。$(br2)所以葦原人利用當地的竹林，製作出各種竹刀，其中大量生產的便是竹光刀。$(br2)其中有多少精品與多少劣品，不可計量……"
      },
      {
         "type": "text",
         "text": "上品的竹光刀也算是價格昂貴，即便是今日的葦原地區也是如此。$(br2)這是自然，上品的竹光絲毫不遜於製作一般的鋼刃，甚至更加堅韌。$(br2)這就是竹，堅韌而又不失銳利。"
      },
      {
         "type": "text",
         "text": "我曾聽過一個傳說：一名手持竹光的隱居者住在高山之上，當來犯他的人出現之時，竹光出鞘便斬退來犯之人……$(br2)這個傳說其實是真事，但知道內幕的人只有一個：我自己。住在山中的竹刀隱者是我的友人。$(br2)我注意過他的竹刀，它散發著不同尋常的靈力……"
      },
      {
         "type": "crafting",
         "recipe": "lastsmith:flammpfeil.slashblade.named.bamboolight_top",
         "recipe2": "lastsmith:flammpfeil.slashblade.named.bamboolight_recluse"
      }
   ],
   "advancement": "lastsmith:bewitched_blade",
   "sortnum": 9
}
