{
   "name": "「不死斬」",
   "icon": "flammpfeil.slashblade:slashbladenamed{ModelName: \"named/sekiro/fushigiri\",TextureName: \"named/sekiro/fushigiri\"}",
   "category": "category_4",
   "pages": [
      {
         "type": "text",
         "text": "神話記載，龍神曾給予一些生靈源於自身的力量……$(br2)龍神的不死之力則留給了人類，稱之為龍胤；而疾風之力則留給了我等天狗一族……$(br2)太陰曆，輪迴之始，起始之年，龍神悄然離去並創造了屏障，使得人類與妖怪分隔開來，就這樣過去了一個輪迴……"
      },
      {
         "type": "text",
         "text": "而據傳說，龍神的離去正是因為斬殺不死之刃——不死斬的誕生……$(br2)「拜淚」一名，據稱就是取得龍神之淚而得名……$(br2)足以傷害到龍神的赤色大太刀……$(br2)據傳還有第二振，名曰「開門」……$(br2)為何這種力量會在人類的手中……"
      },
      {
         "type": "text",
         "text": "龍胤的不死之力如此恐怖，而斬斷不死的能力卻掌握在持有不死之力者的手中……$(br2)我更是親眼看見，在赤色大太刀之下那悲慘的景象……$(br2)而如今，它和「楔丸」都在我的手中……$(br2)有一股引力指引著我拔出這振刀，但我並沒有這樣做……"
      },
      {
         "type": "crafting",
         "recipe": "lastsmith:flammpfeil.slashblade.named.fushikiri"
      }
   ],
   "advancement": "lastsmith:bewitched_blade",
   "sortnum": 14
}
