{
   "name": "「夜叉」",
   "icon": "flammpfeil.slashblade:slashbladenamed{ModelName: \"named/yasha/yashaTrue\", TextureName: \"named/yasha/yasha\"}",
   "category": "category_4",
   "pages": [
      {
         "type": "text",
         "text": "有著微弱的眾星之力的仿作。$(br2)原是稀世名匠的傳奇之作，被眾多刀匠所仿製。$(br2)牛頭人們其實也帶著這些仿作……$(br)它們並非武者……"
      },
      {
         "type": "entity",
         "entity": "twilightforest:minotaur",
         "scale": 1,
         "text": "在永恆的暮光之森中，殺死牛頭人……"
      },
      {
         "type": "text",
         "text": "「夜叉」鬼哭是擁有眾星之力的名刀。$(br2)原本的鞘已經丟失，只有其白鞘得以保存。$(br2)直刀的大成之作，掌握在Minoshroom的手裡……$(br2)名刀在此物手中就是玷汙……"
      },
      {
         "type": "entity",
         "entity": "twilightforest:minoshroom",
         "scale": 1,
         "text": "在永恆的暮光之森中，殺死米諾菇……"
      }
   ],
   "advancement": "lastsmith:bewitched_blade",
   "sortnum": 5
}
