{
   "name": "「神威刀」",
   "icon": "flammpfeil.slashblade:slashbladenamed{ModelName: \"named/kamuy/kamuy\",TextureName: \"named/kamuy/fire\"}",
   "category": "category_4",
   "pages": [
      {
         "type": "text",
         "text": "在很久很久以前，有一隊維護著世界均衡的組織……$(br2)他們保存著三振具有神之力量的刀刃，統稱為神威刀……$(br2)這個組織在太陰曆起始之年時候被全滅，而三振神威刀也因此不知下落……"
      },
      {
         "type": "text",
         "text": "而根據進一步的考據，實際上神威刀不止有三振，有很多沒有注入神之力的「素體神威刀」……$(br2)後來我查閱資料，得到了仿製這些「素體神威刀」的資料和注入神之力的方法。$(br2)並不能與真品相提並論，但是真品早已不知在何處了……"
      },
      {
         "type": "crafting",
         "recipe": "flammpfeil.slashblade:flammpfeil.slashblade.named.kamuy.base",
         "recipe2": "flammpfeil.slashblade:flammpfeil.slashblade.named.kamuy.fire"
      },
      {
         "type": "crafting",
         "recipe": "flammpfeil.slashblade:flammpfeil.slashblade.named.kamuy.water",
         "recipe2": "flammpfeil.slashblade:flammpfeil.slashblade.named.kamuy.lightning"
      }
   ],
   "advancement": "lastsmith:bewitched_blade",
   "flag": "mod:slashblade_addon",
   "sortnum": 15
}
