{
   "name": "驅魔之刃與「櫻之流」劍術",
   "icon": "flammpfeil.slashblade:slashbladenamed{ModelName: \"named/sakura/model\", TextureName: \"named/sakura/texture\"}",
   "category": "category_4",
   "pages": [
      {
         "type": "text",
         "text": "太陰曆，第一輪迴，日與夏與火之年……$(br)那是我等妖怪未踏出妖怪之山，人類沒有侵擾我們安寧的時候……$(br2)在葦原，人類曾與邪魔一族發生了一場慘烈的戰爭……$(br)邪魔的首領，手持著邪魔刃「修羅」，帶領邪魔攻打了人類村落……$(br)人類的驅魔人，手持著驅魔刃與邪魔交戰持久……"
      },
      {
         "type": "text",
         "text": "那不僅僅是人類與邪魔的戰爭。根據史料記載，有的驅魔人甚至一瞬倒戈把利刃刺向了同胞的心臟……$(br2)戰鬥的激烈程度雖然在現在看來不算激烈，在當時已經關乎種族的命運……$(br2)根據記載，人類當時還能戰鬥的，只有持有驅魔刃「櫻」，驅魔刃「杏」的兩人而已……$(br)而剩餘驅魔刃的持有者，或倒戈或戰死，甚至還能知曉名字的人也屈指可數……"
      },
      {
         "type": "text",
         "text": "持有「櫻」之刃的少女劍士——美影，獨自一人擊退了無數的邪魔，踏入邪魔之城斬殺了邪魔首領「修羅」……$(br2)然而，她卻在歸鄉之後，當眾自刎而死……$(br2)我不知道是因為什麼，更沒有相關的其他記載。但是自那時起，邪魔的力量開始侵染著斬殺過生靈的刀刃……"
      },
      {
         "type": "text",
         "text": "有一個說法是，邪魔源自於人類……$(br)如果當真如此，那麼這些邪魔侵染的刀刃也只是惡靈作祟罷了……$(br2)我等妖怪的靈力，是這些作祟的惡靈所不能想像的。$(br2)所以這些妖刀，對我等而言不過是持有著更強勁的力量的刀刃罷了。"
      },
      {
         "type": "text",
         "text": "「櫻之流」劍術是驅魔人操縱驅魔之刃的劍術流派，也是我等妖怪為靈活運用妖刀所學習的劍術。$(br)其精髓，是借助刀的靈力釋放出強力的一擊以擊倒邪魔。$(br2)現在被我們常用的兩種劍技，「初傳」與「落櫻」，是櫻之流的基礎。$(br2)據稱，有一種難以被駕馭的劍技「空間震」，不僅僅是需要劍士的強大，對刀靈力的需求也是相當之高……"
      },
      {
         "type": "crafting",
         "recipe": "lastsmith:flammpfeil.slashblade.named.sakura",
         "text": "根據史料的記載，我試著還原出它們原本的模樣，終究只是仿製……"
      },
      {
         "type": "crafting",
         "recipe": "lastsmith:flammpfeil.slashblade.named.ginkgo",
         "text": "根據史料的記載，我試著還原出它們原本的模樣，終究只是仿製……"
      },
      {
         "type": "crafting",
         "recipe": "lastsmith:flammpfeil.slashblade.named.yukikage",
         "text": "根據史料的記載，我試著還原出它們原本的模樣，終究只是仿製……"
      },
      {
         "type": "crafting",
         "recipe": "lastsmith:flammpfeil.slashblade.named.kataware",
         "text": "根據史料的記載，我試著還原出它們原本的模樣，終究只是仿製……"
      },
      {
         "type": "crafting",
         "recipe": "lastsmith:flammpfeil.slashblade.named.shura",
         "text": "根據史料的記載，我試著還原出它們原本的模樣，終究只是仿製……$(br2)需要無上利刃的歷史……"
      }
   ],
   "advancement": "lastsmith:bewitched_blade",
   "sortnum": 6
}
