{
    "name": "荒古之樹",
    "icon": "naturesaura:ancient_leaves",
    "category": "creating",
    "advancement": "naturesaura:wood_stand",
    "pages": [
        {
            "type": "text",
            "text": "恢復一個區域內$(#419600)靈氣$()的基礎方法是種植$(item)荒古之樹$()。 當$(item)荒古樹苗$()被種下後，它將像正常的樹一樣生長，但它的樹葉會讓區域內的$(#419600)靈氣$()緩慢恢復至標準量。$(br)然而，此過程中，這棵樹的狀態每況愈下：其樹葉中的$(#419600)靈氣$()流向世界的同時，樹葉會枯死，最終僅剩樹幹。"
        },
        {
            "type": "naturesaura:tree_ritual",
            "text": "用$(l:practices/tree_ritual)森林儀式$()創造$(item)荒古樹苗$()",
            "recipe": "naturesaura:ancient_sapling"
        },
        {
            "type": "crafting",
            "recipe": "naturesaura:ancient_planks",
            "recipe2": "naturesaura:ancient_stick"
        }
    ]
}