{
    "name": "遺忘玫瑰",
    "icon": "naturesaura:end_flower",
    "category": "creating",
    "advancement": "naturesaura:end_flower",
    "pages": [
        {
            "type": "text",
            "text": "$(thing)終界龍$()被認為是相當兇暴的怪物。它在守衛$(thing)終末之界$()這點上比其他任何生物都做得好，但它是可以被打敗的。打敗終界龍不僅代表著龍的後代和屠龍者的榮譽，更代表著$(item)遺忘玫瑰$()。龍死後，玫瑰將開始在終界島的地面上發芽，準備好被任何植物學家收集並放置在任何維度。"
        },
        {
            "type": "spotlight",
            "item": "naturesaura:end_flower",
            "text": "這種花含有大量的$(#419600)靈氣$()，這些$(#419600)靈氣$()可以被一種有趣的方式收穫：在花的旁邊掉落的$(item)終界之眼$()會被花消耗掉，此時花會開始釋放$(#419600)靈氣$()到環境中。這個過程無法被停止，過程中花朵也無法被收穫。",
            "link_recipe": true
        }
    ]
}