{
    "name": "植物吸收器",
    "icon": "naturesaura:flower_generator",
    "category": "creating",
    "advancement": "naturesaura:infused_materials",
    "pages": [
        {
            "type": "text",
            "text": "眾所周知，很大一部分自然$(#419600)靈氣$()的已知表現形式是$(item)花$()。依照該原理，使用$(item)植物吸收器$()並將其放置在世界中，將會消耗附近的小型花朵並將它們轉化為$(#419600)靈氣$()。"
        },
        {
            "type": "text",
            "text": "需要提醒的是，不斷提供同一種類的花將會使其失去吸收此種類花朵$(#419600)靈氣$()的能力。$(br)這說明，如果你想讓植物吸收器工作的更有效率，你需要依次為其提供$(thing)不同種類$()的花。$(br)為達到最大吸收效率，需要六個以上種類的花朵。"
        },
        {
            "type": "crafting",
            "recipe": "naturesaura:flower_generator",
            "text": "合成$(item)植物吸收器$()"
        }
    ]
}