{
    "name": "Canopy Diminisher",
    "icon": "naturesaura:oak_generator",
    "category": "creating",
    "advancement": "naturesaura:infused_materials",
    "pages": [
        {
            "type": "text",
            "text": "Surely, at one point in their lives, any person dealing with trees was faced with this well-known issue: An $(item)Oak Sapling$() grows into a $(thing)big tree$() which is hard to look at, to manage and to chop down.$(br)The $(item)Canopy Diminisher$() is a block that serves two purposes in and of itself:$(br)Placing it close to an area that oak trees are growing in, at most about 10 blocks away from them, will cause only"
        },
        {
            "type": "text",
            "text": "normal-sized oaks to grow.$(br)In the process, the additional natural energy of any saplings that were growing into big trees gets turned into a quite substantial amount of $(aura) that will be fed into the environment.$(p)Quite obviously, a great way to make use of this is for an automatic $(thing)tree farm$()."
        },
        {
            "type": "crafting",
            "recipe": "naturesaura:oak_generator",
            "text": "Creating the $(item)Canopy Diminisher$()"
        }
    ]
}