{
    "name": "在生產靈氣時",
    "icon": "naturesaura:gold_leaf",
    "category": "creating",
    "advancement": "naturesaura:wood_stand",
    "priority": true,
    "pages": [
        {
            "type": "text",
            "text": "$(thing)生成$()$(#419600)靈氣$()是任何利用$(#419600)靈氣$()的魔法植物學家很快會需要進行的實踐。在深入討論這個問題之前，應當注意到，有幾種$(thing)設備$()的唯一目標是創造$(#419600)靈氣$()，其中大部分設備讀者都能在接下來的內容中發現。預設情況下其中大部分設備都沒有足夠的$(thing)生成強度$()來生產超過$(l:items/eye)環境之眼$()測量上限的$(#419600)靈氣$()。"
        },
        {
            "type": "text",
            "text": "一旦區域中$(#419600)靈氣$()的數量接近這個範圍，這些生成設備會轉變為不同的行為，有的會完全關閉，其他的會繼續原來的行為但不產生任何$(#419600)靈氣$()。當然，它們能用$(l:devices/aura_detector)靈氣探測器$()或類似的東西手動關閉。$(p)後期，這種行為能用$(l:creating/generator_limit_remover)創造催化器$()改變。"
        }
    ]
}