{
    "name": "射擊標記",
    "icon": "naturesaura:projectile_generator",
    "category": "creating",
    "advancement": "naturesaura:sky_ingot",
    "pages": [
        {
            "type": "text",
            "text": "射出的$(thing)投射物$()中含有的力量，在某些情況下，強到能貫穿生物，甚至能將其瞬間移動。然而，這力量也能用於創造$(#419600)靈氣$()：$(item)射擊標記$()將射中它的任何投射物轉換為$(#419600)靈氣$()並散布到環境中。"
        },
        {
            "type": "text",
            "text": "在這點上，不同種類的投射物產出不同數量的靈氣——一個$(item)雪球$()比起一個$(item)終界珍珠$()會少很多。$(p)使用過程中有一件事需要警告：彈射物需要從北面開始的四個面依次$(thing)按順序$()射入。射中未啟動面的彈射物不會產生任何的$(#419600)靈氣$()。"
        },
        {
            "type": "crafting",
            "recipe": "naturesaura:projectile_generator",
            "text": "合成$(item)射擊標記$()"
        }
    ]
}