{
    "name": "Shooting Mark",
    "icon": "naturesaura:projectile_generator",
    "category": "creating",
    "advancement": "naturesaura:sky_ingot",
    "pages": [
        {
            "type": "text",
            "text": "The strength of any shot $(thing)projectiles$() is, in some instances, strong enough to pierce living beings and even move them around by way of teleportation. However, this power can be used to create $(aura) as well: The $(item)Shooting Mark$() converts the energy of any projectiles shot at it into $(aura) that it spreads into the environment."
        },
        {
            "type": "text",
            "text": "For this, different kinds of projectiles produce different amounts - a $(item)snowball$() is much less rich in energy than, say, an $(item)ender pearl$().$(p)There is a caveat, however: Projectiles need to be shot at the four sides $(thing)in order$(), starting on the north face. Projectiles that hit on any non-active side will not cause any $(aura) to be produced."
        },
        {
            "type": "crafting",
            "recipe": "naturesaura:projectile_generator",
            "text": "Creating the $(item)Shooting Mark$()"
        }
    ]
}