{
  "name": "菌絲反應器",
  "icon": "industrialforegoing:mycelial_reactor",
  "category": "generators",
  "sortnum": 2,
  "read_by_default": true,
  "pages": [
    {
      "type": "text",
      "text": "Using the $(6)Mycelial Network$() (A subspace domain containing a living vegetative mass of fungus called the mycelium) this reactor can detect the other $(6)mycelial generators$() and generate massive amounts of FE. $(br2)For this to happen, once instance of each generator needs to be working at the same time."
    },
    {
      "type": "text",
      "text": "Maybe new technologies can be discovered in the future using this network."
    }
  ]
}