{
  "name": "煉金矩陣基礎知識",
  "icon": "bloodmagic:arcaneashes",
  "category": "bloodmagic:alchemy_array/functional_array",
  "extra_recipe_mappings": [
    [
      "bloodmagic:arcaneashes",
      1
    ]
  ],
  "pages": [
    {
      "type": "text",
      "text": "$(item)奧術粉灰$()是煉金矩陣創建中至關重要的要素。 $(item)奧術粉灰$()可以使用一些初期獲得的道具在 $(l:血魔法:alchemy_table/alchemy_table)煉金術桌($())中製作。"
    },
    {
      "type": "crafting_alchemy_table",
      "heading": "奧術粉灰",
      "recipe": "bloodmagic:alchemytable/arcane_ash"
    },
    {
      "type": "text",
      "text": "想要創建煉金矩陣，只需持 $(item)奧術粉灰$()右擊地面頂部（雖然任何實心方塊面都有效） - 這將消耗$(item)奧術粉灰$() 20 分之 1 個耐久度，並繪製一個簡單的煉金矩陣，沒有添加物是沒有任何效果的。$(bl2)當你點下煉金矩陣時，它會拿走一個你手上的物品，並在矩陣中保留它。並且，這個物品將用於決定煉金矩陣的效果。"
    },
    {
      "type": "image",
      "images": [
        "bloodmagic:images/entries/alchemy_array/simple_array.png",
        "bloodmagic:images/entries/alchemy_array/divination_array_1.png",
        "bloodmagic:images/entries/alchemy_array/divination_array_2.png"
      ],
      "title": "煉金矩陣",
      "border": true,
      "text": "鍊金矩陣展示: 未添加；只添加基底；\n已放入基底與催化劑。"
    },
    {
      "type": "text",
      "text": "每次鍊金都需要兩個項目：一個基礎和一個催化劑。 \n基礎是你在繪製矩陣之後放入的第一樣物品，而第二樣為催化劑。\n當你放入時，矩陣的外觀會改變，如果它是有效的，則矩陣將在你放入催化劑後開始啟動。\n$(br2)儘管目前只實現了幾個陣列，但最終您將擁有從簡單的$(l:bloodmagic:alchemy_array/crafting_array)創造矩陣$(/l)一路到甚至能夠傳送的矩陣。"
    },
    {
      "type": "text",
      "text": "Although only a few arrays are currently implemented, eventually you will have arrays that range from simple $(l:bloodmagic:alchemy_array/functional_arrays/crafting_array)crafting arrays$(/l) to even teleportation arrays."
    }
  ]
}
