{
  "name": "Movement Array",
  "icon": "minecraft:feather",
  "category": "bloodmagic:alchemy_array/functional_array",
  "pages": [
    {
      "type": "text",
      "text": "「位移矩陣」是往特定方向的一對矩陣，用於將玩家、生物、物品等朝指定方向移動。 一個會水平投擲物品，而另一個會垂直投擲。"
    },
    {
      "type": "2x_functional_array",
      "a.heading": "推進矩陣",
      "a.recipe": "bloodmagic:array/movement",
      "a.image": "movementarray.png",
      "b.heading": "上升矩陣",
      "b.recipe": "bloodmagic:array/updraft",
      "b.image": "updraftarray.png"
    }
  ]
}
