{
    "name": "block.ars_nouveau.volcanic_accumulator",
    "icon": "ars_nouveau:volcanic_accumulator",
    "category": "source",
    "pages": [
        {
            "type": "text",
            "text": "ars_nouveau.page1.volcanic_sourcelink"
        },
        {
            "type": "text",
            "title": "Active Generation",
            "text": "ars_nouveau.page2.volcanic_sourcelink"
        },
        {
            "type": "text",
            "title": "Heat",
            "text": "ars_nouveau.page3.volcanic_sourcelink"
        },
        {
            "type": "crafting",
            "recipe": "ars_nouveau:volcanic_accumulator",
            "recipe2": "ars_nouveau:lava_lily"
        },
        {
            "type": "text",
            "text": "ars_nouveau.page4.volcanic_sourcelink"
        }
    ]
}