{
  "name": "附魔物品過濾器",
  "icon": "bloodmagic:itemrouterfilterenchant",
  "category": "bloodmagic:demon_will/item_routing",
  "pages": [
    {
      "type": "text",
      "text": "$(item)附魔物品過濾器$()允許您通過可能（或可能沒有）擁有任何$(thing)附魔$()對物品進行分類。它的操作類似於$(l:bloodmagic:demon_will/item_routing/standard_item_filter)標準物品過濾器$()，特別是在傳輸數量和允許/拒絕功能方面，但有一些額外的按鈕。"
    },
    {
      "type": "crafting_alchemy_table",
      "heading": "標準物品過濾器",
      "recipe": "bloodmagic:alchemytable/enchant_router_filter",
      "text": "任何附魔書都適用於這個合成表。"
    },
    {
      "type": "image",
      "images": [
        "bloodmagic:images/entries/routing/enchant_item_filter_gui.png"
      ],
      "title": "附魔過濾器介面",
      "border": true,
      "text": "請注意「允許」按鈕右側的兩個新按鈕。"
    },
    {
      "type": "text",
      "text": "The first button allows you to select whether to match $(thing)Every Enchantment$() on an enchanted item, $(thing)Any Enchantment$(), or $(thing)one particular enchantment$(). The second button allows you to specify whether to pay attention to the level or not. (E.G. 'Protection III' versus 'Protection'). $(br2)If you insert $(thing)an unenchanted item$() into the filter, you can effectively Allow or Deny $(thing)any sort of enchantment$() to be inserted into or removed from the specified inventory."
    }
  ]
}
