{
  "name": "模組物品過濾器",
  "icon": "bloodmagic:itemrouterfiltermoditems",
  "category": "bloodmagic:demon_will/item_routing",
  "pages": [
    {
      "type": "text",
      "text": "$(item)模組物品過濾器$()允許您從不同的模組中選擇最多 9 個項目。與$(l:bloodmagic:demon_will/item_routing/standard_item_filter)標準物品過濾器$()類似，它有一個傳輸數量控制器和一個允許/拒絕功能。將數量留空默認為“全部”。$(br2)您放入此過濾器中的每個物品，$(thing)將匹配來自同一模組$()的任何物品。"
    },
    {
      "type": "crafting_alchemy_table",
      "heading": "模組物品過濾器",
      "recipe": "bloodmagic:alchemytable/mod_router_filter",
      "text": "這讓您拒絕/允許一整個模組物品。 方便地將你所有的$(blood)血魔法$()物品分類到他們自己的超級特殊箱子中。"
    }
  ]
}
