{
  "name": "標籤物品過濾器",
  "icon": "bloodmagic:itemrouterfilteroredict",
  "category": "bloodmagic:demon_will/item_routing",
  "pages": [
    {
      "type": "text",
      "text": "$(item)標籤物品過濾器$()允許您從不同的模組中選擇最多 9 個物品並按照與與其關聯的(thing)標籤$()進行過濾。與$(l:bloodmagic:demon_will/item_routing/standard_item_filter)標準物品過濾器$()類似，它有一個傳輸數量控制器和一個允許/拒絕功能。將數量留空默認為“全部”。$(br2)您放入此過濾器的每個物品，將基於$(thing)一個特定標籤$()或是$(thing)數個標籤$()來匹配物品。"
    },
    {
      "type": "crafting_alchemy_table",
      "heading": "標籤物品過濾器",
      "recipe": "bloodmagic:alchemytable/tag_router_filter",
      "text": "這讓您可以拒絕/允許特定類型的物品，因此您可以指定所有帶有$(thing)forge:ores$()標籤的物品都發送到您的熔爐。"
    },
    {
      "type": "image",
      "images": [
        "bloodmagic:images/entries/routing/tag_item_filter_gui.png",
        "bloodmagic:images/entries/routing/tag_item_filter_mouseover.png"
      ],
      "title": "標籤物品過濾器介面",
      "border": true,
      "text": "已配置過濾器的介面和鼠標懸停文本。"
    }
  ]
}
