{
    "name": "Magical Armor",
    "icon": "ars_nouveau:novice_robes",
    "category": "equipment",
    "pages": [
        {
            "type": "text",
            "text": "ars_nouveau.page1.armor"
        },
        {
            "type": "crafting",
            "recipe": "ars_nouveau:mana_fiber",
            "recipe2": "ars_nouveau:novice_hood"
        },
        {
            "type": "crafting",
            "recipe": "ars_nouveau:novice_robes",
            "recipe2": "ars_nouveau:novice_leggings"
        },
        {
            "type": "crafting",
            "recipe": "ars_nouveau:novice_boots",
            "recipe2": "ars_nouveau:blaze_fiber"
        },
        {
            "type": "crafting",
            "recipe": "ars_nouveau:apprentice_hood",
            "recipe2": "ars_nouveau:apprentice_robes"
        },
        {
            "type": "crafting",
            "recipe": "ars_nouveau:apprentice_leggings",
            "recipe2": "ars_nouveau:apprentice_boots"
        },
        {
            "type": "crafting",
            "recipe": "ars_nouveau:end_fiber",
            "recipe2": "ars_nouveau:archmage_hood"
        },
        {
            "type": "crafting",
            "recipe": "ars_nouveau:archmage_robes",
            "recipe2": "ars_nouveau:archmage_leggings"
        },
        {
            "type": "crafting",
            "recipe": "ars_nouveau:archmage_boots"
        },
        {
            "type": "relations",
            "entries": [
                "apparatus/mana_bloom_crop"
            ]
        }
    ]
}