{
    "name": "Spell Books",
    "icon": "ars_nouveau:archmage_spell_book",
    "category": "equipment",
    "pages": [
        {
            "type": "text",
            "text": "ars_nouveau.page1.books"
        },
        {
            "type": "crafting",
            "recipe": "ars_nouveau:novice_spell_book",
            "recipe2": "ars_nouveau:apprentice_spell_book_upgrade"
        },
        {
            "type": "crafting",
            "recipe": "ars_nouveau:archmage_spell_book_upgrade"
        }
    ]
}