{
  "category": "bewitchment:tools",
  "name": "Besmirched Armor",
  "icon": "bewitchment:besmirched_robes",
  "advancement": "bewitchment:hidden_unlocks/witch_cauldron",
  "pages": [
    {
      "type": "patchouli:text",
      "text": "This profane clothing fits perfectly into the collection gothique. $(l:bewitchment:creatures/demon)Demons$() of any kind are unable to discern the wearer from their kin, enabling them to trade.$(br2)Carpets of this cloth are perfect for $(l:bewitchment:introduction/altars)Altars$()."
    },
    {
      "type": "patchouli:crafting",
      "recipe": "bewitchment:besmirched_hat",
      "recipe2": "bewitchment:besmirched_hood"
    },
    {
      "type": "patchouli:crafting",
      "recipe": "bewitchment:besmirched_robes",
      "recipe2": "bewitchment:besmirched_pants"
    },
    {
      "type": "patchouli:crafting",
      "recipe": "bewitchment:besmirched_wool",
      "recipe2": "bewitchment:besmirched_carpet"
    }
  ]
}
