{
  "category": "bewitchment:tools",
  "name": "Brambles",
  "icon": "bewitchment:thick_bramble",
  "advancement": "bewitchment:hidden_unlocks/witch_cauldron",
  "pages": [
    {
      "type": "text",
      "text": "Brambles are witchy weeds, artificially created with the help of $(l:bewitchment:brewing/elemental_oils)Elemental Oil$().$(br2)Each bramble has a unique effect connected to its element."
    },
    {
      "type": "crafting",
      "recipe": "bewitchment:glowing_bramble",
      "text": "Glowing Bramble emits light and prevents mob spawning in a 24 block radius."
    },
    {
      "type": "crafting",
      "recipe": "bewitchment:ender_bramble",
      "text": "Ender Bramble will teleport anything that collides with it to a random location within a 64 block radius."
    },
    {
      "type": "crafting",
      "recipe": "bewitchment:fruiting_bramble",
      "text": "Fruiting Bramble will grow Witchberries, which can be used to craft $(l:bewitchment:introduction/altars#internalme)ME$()-restoring goodies."
    },
    {
      "type": "crafting",
      "recipe": "bewitchment:scorched_bramble",
      "text": "Scorched Bramble will set entities on fire. It can also be used as a relatively decent fuel."
    },
    {
      "type": "patchouli:crafting",
      "recipe": "bewitchment:thick_bramble",
      "text": "Due to its incredible thickness, Thick Bramble can only be passed while sneaking."
    },
    {
      "type": "patchouli:crafting",
      "recipe": "bewitchment:fleeting_bramble",
      "text": "Fleeting Bramble will launch anything that enters it into the air, unless it's sneaking."
    },
    {
      "type": "patchouli:crafting",
      "recipe": "bewitchment:witchberry_pie",
      "recipe2": "bewitchment:witchberry_cookie"
    }
  ]
}
