{
  "category": "bewitchment:tools",
  "name": "火盆",
  "icon": "bewitchment:brazier",
  "advancement": "minecraft:nether/find_fortress",
  "pages": [
    {
      "type": "text",
      "text": "The Brazier is an essential tool for $(l:bewitchment:curses/conducting_curses)Curses$(). other than that, it can be used for $(l:bewitchment:tools/brazier#incense)Incense$().$(br2)A Brazier can take up to four items. To start using it, you need to light it using a Flint and Steel."
    },
    {
      "type": "crafting",
      "recipe": "bewitchment:brazier",
      "text": "For convenience, Braziers can also be attached to ceilings."
    },
    {
      "type": "patchouli:text",
      "title": "Incenses",
      "anchor": "incense",
      "text": "Incenses are a simple usage method of the brazier. Incense can apply extended status effects after waking up.$(br2)Simply light a nearby brazier with the needed ingredients and go to sleep."
    },
    {
      "type": "bewitchment:incense_compressed",
      "recipe1": "bewitchment:incenses/light",
      "recipe2": "bewitchment:incenses/dark"
    },
    {
      "type": "bewitchment:incense_compressed",
      "recipe1": "bewitchment:incenses/water",
      "recipe2": "bewitchment:incenses/fire"
    },
    {
      "type": "bewitchment:incense_compressed",
      "recipe1": "bewitchment:incenses/earth",
      "recipe2": "bewitchment:incenses/air"
    },
    {
      "type": "bewitchment:incense",
      "advancement": "bewitchment:hidden_unlocks/demon_heart",
      "recipe": "bewitchment:incenses/mortal_coil",
      "anchor": "mortal_coil",
      "text": "The Mortal Coil Incense is used for rather profane rites.$(br2)$(o)You may not want to prepare this before going to bed$()."
    }
  ]
}
