{
  "category": "bewitchment:tools",
  "name": "地獄飾品",
  "icon": "bewitchment:hellish_bauble",
  "advancement": "bewitchment:hidden_unlocks/demon_horn",
  "pages": [
    {
      "type": "patchouli:text",
      "text": "Through the power of fire, the Hellish Bauble renders the wearer immune to fire once ignited using some $(l:bewitchment:introduction/altars#internalme)ME$().$(br2)Being made out of Netherite, this item is completely fireproof."
    },
    {
      "type": "patchouli:crafting",
      "recipe": "bewitchment:hellish_bauble"
    }
  ]
}
