{
  "category": "bewitchment:tools",
  "name": "Horned Spear",
  "icon": "bewitchment:horned_spear",
  "advancement": "bewitchment:hidden_unlocks/horned_spear",
  "pages": [
    {
      "type": "text",
      "text": "This spear is the hunting weapon of $(l:bewitchment:creatures/herne)Herne$().$(br2)Much like a Trident, it can be thrown towards a target, and will always return to whoever threw it.$(br2)The Horned Spear can be repaired using Netherite Ingots."
    },
    {
      "type": "patchouli:spotlight",
      "item": "bewitchment:horned_spear"
    }
  ]
}
