{
  "category": "bewitchment:tools",
  "name": "Zephyr Harness",
  "icon": "bewitchment:zephyr_harness",
  "advancement": "bewitchment:hidden_unlocks/altars",
  "pages": [
    {
      "type": "patchouli:text",
      "text": "The Zephyr Harness makes its wearer unstoppable like the strongest wind, completely negating most forms of knockback.$(br2)Other than that, the harness allows its wearer to hurl entities into the air when punching them with only their fist. This, however, consumes $(l:bewitchment:introduction/altars#internalme)ME$()."
    },
    {
      "type": "patchouli:crafting",
      "recipe": "bewitchment:zephyr_harness"
    }
  ]
}
