{
   "name": "銀紙竹光",
   "icon": "flammpfeil.slashblade:slashbladeSilverBambooLight",
   "category": "category_2",
   "pages": [
      {
         "type": "text",
         "text": "竹光刀的完成品，被稱為「銀紙竹光」。$(br)鐵箔或銀箔之類的銀白色金屬箔用雞蛋清貼合在刀刃上，加以塗裝。$(br2)外行人在第一眼看到之前，都會認為這是鋼刃，足以說明竹光刀技藝之精湛。"
      },
      {
         "type": "crafting",
         "recipe": "flammpfeil.slashblade:silverlight",
         "recipe2": "flammpfeil.slashblade:silverlight2"
      },
      {
         "type": "spotlight",
         "item": "flammpfeil.slashblade:slashbladeWrapper",
         "text": "斬斷100份活物之後，斷裂的刀會化作萬變之鞘。$(br2)製作重要刀裝具的必要之器。"
      },
      {
         "type": "relations",
         "entries": [
            "lastsmith:category_2/page_1",
            "lastsmith:category_2/page_3",
            "lastsmith:category_2/page_5",
            "lastsmith:category_2/page_6"
         ]
      }
   ],
   "advancement": "lastsmith:slashblade_bamboolight",
   "sortnum": 3
}
