{
   "name": "竹光",
   "icon": "flammpfeil.slashblade:slashbladeBambooLight",
   "category": "category_2",
   "pages": [
      {
         "type": "text",
         "text": "竹光刀的技藝是葦名地區的傳統工藝。$(br)葦名缺少鐵礦資源，所以通常來說竹刀成了該地區最常見的刀劍了。$(br2)即便是竹，也有著鋒利的刃。切裂表皮並不成問題。"
      },
      {
         "type": "crafting",
         "recipe": "lastsmith:blade_bamboo",
         "recipe2": "lastsmith:bamboo_saya"
      },
      {
         "type": "crafting",
         "recipe": "flammpfeil.slashblade:bamboolight",
         "text": "These are only the fundamental steps. This Blade can be much more deeply processed."
      },
      {
         "type": "relations",
         "entries": [
            "lastsmith:category_2/page_1",
            "lastsmith:category_2/page_4",
            "lastsmith:category_2/page_6"
         ]
      }
   ],
   "advancement": "lastsmith:root",
   "sortnum": 2
}
