{
   "name": "「白鞘」",
   "icon": "flammpfeil.slashblade:slashbladeWhite",
   "category": "category_2",
   "pages": [
      {
         "type": "text",
         "text": "這裡是一些量產刀劍時候所使用的廉價配方。$(br)為了戰爭，刀劍的需求量日益增多。我們這些刀匠的工作也繁忙於這些廉價武器的供應。$(br2)可笑的「劍士」們，只知道如何互相廝殺。"
      },
      {
         "type": "crafting",
         "recipe": "lastsmith:blade_unfinished",
         "recipe2": "lastsmith:blade_2_unfinished"
      },
      {
         "type": "crafting",
         "recipe": "lastsmith:blade_3_unfinished",
         "recipe2": "lastsmith:blade_unfinished2"
      },
      {
         "type": "crafting",
         "recipe": "lastsmith:blade_2_unfinished2",
         "recipe2": "lastsmith:blade_3_unfinished2"
      },
      {
         "type": "crafting",
         "recipe": "lastsmith:yakibatsuchi",
         "recipe2": "lastsmith:blade_unfinished3"
      },
      {
         "type": "crafting",
         "recipe": "lastsmith:blade_2_unfinished3",
         "recipe2": "lastsmith:blade_3_unfinished3"
      },
      {
         "type": "smelting",
         "recipe": "lastsmith:blade:9",
         "recipe2": "lastsmith:blade:10"
      },
      {
         "type": "smelting",
         "recipe": "lastsmith:blade:11"
      },
      {
         "type": "crafting",
         "recipe": "lastsmith:blade",
         "recipe2": "lastsmith:blade_2"
      },
      {
         "type": "spotlight",
         "item": "lastsmith:heatted_blade:0",
         "text": "在鍋釜裡右鍵進行冷卻，會聽到呲的聲響。"
      },
      {
         "type": "spotlight",
         "item": "lastsmith:heatted_blade:1",
         "text": "在鍋釜裡右鍵進行冷卻，會聽到呲的聲響。"
      },
      {
         "type": "spotlight",
         "item": "lastsmith:heatted_blade:2",
         "text": "Cool the blade in a Cauldron by right-clicking. You will hear sizzles."
      },
      {
         "type": "crafting",
         "recipe": "lastsmith:blade",
         "recipe2": "lastsmith:blade_2"
      },
      {
         "type": "crafting",
         "recipe": "lastsmith:blade_3",
         "recipe2": "flammpfeil.slashblade:white"
      },
      {
         "type": "crafting",
         "recipe": "flammpfeil.slashblade:white2",
         "recipe2": "flammpfeil.slashblade:white3"
      },
      {
         "type": "relations",
         "entries": [
            "lastsmith:category_2/page_1",
            "lastsmith:category_2/page_5",
            "lastsmith:category_2/page_6"
         ]
      }
   ],
   "advancement": "lastsmith:root",
   "sortnum": 1
}
