{
    "name": "Basic Materials",
    "icon": "pneumaticcraft:ingot_iron_compressed",
    "category": "base_concepts",
    "pages": [
        {
            "type": "text",
            "text": "$(pncr) does not generate any extra ores in the ground. To get started, you just need $(item)Iron Ingots/$, which you will convert into $(item)Compressed Iron Ingots$(), used in many recipes throughout the mod.$(p)To do this, throw your $(item)Iron Ingots/$ on the ground, and cause a nearby explosion. $(item)TNT/$ will do the trick, but any other explosion works too."
        },
        {
            "type": "image",
            "images": [
                "pneumaticcraft:textures/patchouli/compressed_iron.png"
            ],
            "text": "$(italic)      Step back/$"
        },
        {
            "type": "spotlight",
            "anchor": "compressed_iron_ingot",
            "item": "pneumaticcraft:ingot_iron_compressed",
            "text": "Warning: as a side effect of the explosion you will lose around 20% of your ingots. To avoid this, you can also craft $(item)Compressed Iron Ingots/$ in a $(l:manufacturing/pressure_chamber)Pressure Chamber/$. However, to be able to craft the $(thing)Pressure Chamber/$ itself you'll need some $(item)Compressed Iron Ingots/$, so a little initial loss is unavoidable."
        },
        {
            "type": "pneumaticcraft:pressure_chamber",
            "item": "pneumaticcraft:ingot_iron_compressed"
        },
        {
            "type": "crafting",
            "anchor": "compressed_iron_block",
            "recipe": "pneumaticcraft:compressed_iron_block",
            "text": "The $(item)Block of Compressed Iron/$ is an excellent $(l:base_concepts/heat)Heat Conductor/$ and can be used to provide more faces to attach $(l:machines/heat_sink)Heat Sinks/$ to heat-producing machines."
        },
        {
            "type": "pneumaticcraft:pressure_chamber",
            "item": "pneumaticcraft:compressed_iron_block"
        }
    ]
}