{
  "name": "入門",
  "icon": "pneumaticcraft:textures/gui/gui_no_problem.png",
  "category": "base_concepts",
  "priority": "是",
  "pages": [
    {
      "type": "text",
      "text": "$(li)Get some $(thing)iron/$; ingots or blocks.  You'll want around one stack of iron to start with.$(li)Throw it on the ground, and blow it up. Yes, really.$(li)Collect the resulting $(thing)Compressed Iron/$ (there'll be a bit less than the iron you dropped).$(li)Make some $(l:tubes/pressure_tubes)Pressure Tubes/$.$(li)Build a $(l:manufacturing/pressure_chamber)Pressure Chamber/$."
    },
    {
      "type": "text",
      "text": "From here on, more sections of this manual will unlock, based on $(thing)Advancements/$ you receive for progressing through $(pncr). Check back on the Advancements page for the mod for guidance on what you should be making next (you'll also get a bit of $(thing)Experience/$ for unlocking some Advancements, so that's nice)."
    }
  ]
}