{
  "name": "GUI Concepts",
  "icon": "minecraft:paper",
  "category": "base_concepts",
  "pages": [
    {
      "type": "text",
      "text": "Most machines in $(pncr) have a GUI with several $(thing)side tabs/$. Some tabs are common to most or all machines, while some are unique to certain machines. Here is a list of some common tabs:"
    },
    {
      "type": "text",
      "text": "$(li)$(bold)Redstone behaviour/$: In here you can select how a machine responds to redstone or when it should emit redstone.$(li)$(bold)Information /$: The info tab shows (static) information about what the machine is used for.$(li)$(bold)Upgrades /$: In here you can read about the upgrades this machine accepts, and what they do in the machine's context."
    },
    {
      "type": "text",
      "text": "$(li)$(bold)Pressure Status/$: Here you can find current pressure the machine is under and the volume of the machine.$(li)$(bold)Problems /$: If the machine doesn't work, this tab will point you in the right direction about what's wrong."
    },
    {
      "type": "image",
      "text": "A GUI showing 3 side tabs: Pressure Status, Problems (none here) and a machine-specific Assembly Controller Status",
      "images": [
        "pneumaticcraft:textures/wiki/gui_tabs.png"
      ],
      "border": "false"
    }
  ]
}