{
  "name": "Heat",
  "icon": "minecraft:blaze_powder",
  "category": "base_concepts",
  "pages": [
    {
      "type": "text",
      "text": "$(pncr) adds a $(thing)heat/$ system. It spreads from block to block similarly to how heat spreads in real-life. It has some similarities with how $(base_concepts/pressure)pressure disperses/$ too:$(li)Heat disperses from hotter objects to colder objects.$(li)Blocks will only spread heat to adjacent blocks that support the concept of heat (see $(l:base_concepts/heat_sources)Heat Sources/$)."
    },
    {
      "type": "text",
      "text": "$(li)The bigger the temperature difference, the faster the heat dispersal.$(li)Different objects have a different $(thing)thermal resistance/$. $(item)Torches/$ and $(item)Air/$ have a high resistance, while $(l:base_concepts/basic_materials#compressed_iron_block)Compressed Iron Blocks/$ have a very low resistance. $(thing)Thermal resistance/$ determines how fast heat can spread from one object to another."
    },
    {
      "type": "text",
      "text": "$(li)Different objects have a different $(thing)thermal capacity/$. The higher the capacity, the slower the temperature will rise for the given heat gain. Similarly, the slower the temperature will drop for the given heat loss. In other words, it takes more $(thing)heat/$ to raise the $(thing)temperature/$ of a higher-capacity block, but its temperature will also drop more slowly when it loses heat."
    },
    {
      "type": "text",
      "title": "Insulation",
      "anchor": "insulation",
      "text": "Machines will lose heat to the air if left exposed; this is particularly noticeable with the $(l:manufacturing/refinery)Refinery/$, which has many exposed faces, but is also true of any heat-conducting block, including $(l:base_concepts/basic_materials#compressed_iron_block)Compressed Iron Blocks/$.$(p)To avoid this heat loss, ensure that no faces are exposed to air blocks; any non-conducting block will do. It doesn't have to be a full block, either - $(item)Trapdoors/$ and $(item)slabs/$ will work fine."
    },
    {
      "type": "text",
      "title": "Heat Sources",
      "text": "Some machines in $(pncr) produce Heat that needs to be dissipated, and some require Heat to run.$(p)Therefore, you will need to $(l:base_concepts/heat_sources)find ways/$ to manipulate the temperature of these machines..."
    },
    {
      "type": "spotlight",
      "flag": "mod:toughasnails",
      "title": "Tough As Nails",
      "item": "toughasnails:thermometer",
      "text": "Since $(l:https://minecraft.curseforge.com/projects/tough-as-nails)Tough As Nails/$ is installed, you should take extra care around hot or cold $(pncr) machines and blocks, since they will have an effect on your temperature!$(p)Blocks that are $(l:base_concepts/heat#insulation)insulated/$ will have a less pronounced heating or cooling effect."
    }
  ]
}
