{
  "name": "Oil",
  "icon": "forge:bucketfilled{FluidName:'oil',Amount:1000}",
  "category": "base_concepts",
  "pages": [
    {
      "type": "text",
      "text": "In $(pncr), the only world generation is $(thing)Oil/$. It's generated similarly to water lakes; the difference is that Oil lakes are far more likely to spawn deep underground than on the surface. Because of this, assistance from tools like a $(l:tools/seismic_sensor)Seismic Sensor/$ is highly recommended."
    },
    {
      "type": "text",
      "text": "Oil has two purposes: to be $(l:manufacturing/refinery)refined/$ into high-quality fuels which can be used in $(l:compressors/liquid_compressor)Liquid Compressors/$, and for making $(l:components/plastic)Plastic/$ and $(l:components/lubricant)Lubricant/$.$(p)$(item)Plastic/$ is used in many recipes in $(pncr), and $(item)Lubricant/$ is required for making $(l:base_concepts/upgrades#speed)Speed Upgrades/$."
    },
    {
      "type": "text",
      "text": "Once you've found some Oil, you'll need to extract and transport it. The recommended $(pncr) way to extract oil is with a $(l:machines/gas_lift)Gas Lift/$, although fluid pumps from other mods can also be used. If you're pumping far from your base, one early game solution for transport is a simple $(l:machines/liquid_hopper)Liquid Hopper/$, which can hold up to 16,000mB of fluid and keeps its contents when broken. (Even the Gas Lift can be used for this purpose since it also keeps its fluid contents)."
    },
    {
      "type": "image",
      "images": [
        "pneumaticcraft:textures/patchouli/oil_pumping.png"
      ],
      "text": "$(italic)Pumping Oil with a Gas Lift and auto-ejecting into a Liquid Hopper/$"
    },
    {
      "type": "text",
      "title": "Mod Integration",
      "text": "$(pncr) is of course not the only mod to add $(thing)Oil/$; several other mods do too (including $(thing)BuildCraft/$ and $(thing)Immersive Petroleum/$).$(p)Depending on your worldgen settings, $(pncr) Oil might not be available; however, the $(l:manufacturing/refinery)Refinery/$ is capable of handling the \"oil\" fluid from other mods."
    }
  ]
}