{
  "name": "石油",
  "icon": "forge:bucketfilled{FluidName:'oil',Amount:1000}",
  "category": "base_concepts",
  "pages": [
    {
      "type": "text",
      "text": "$(pncr)所加入的世界生成只有一項：$(thing)石油/$。其生成與池塘類似；不同之處是石油在低處的生成機率遠高於在高處。因此，建議使用$(l:tools/seismic_sensor)地下石油探測器/$等輔助工具。"
    },
    {
      "type": "text",
      "text": "原油有兩個用途：$(l:manufacturing/refinery)精煉/$為高品質燃料，供$(l:compressors/liquid_compressor)流體壓縮機/$使用；製造$(l:components/plastic)塑膠/$和$(l:components/lubricant)潤滑油/$。$(p)$(item)塑膠/$在$(pncr)中的許多配方中用到，而$(item)潤滑油/$是製造$(l:base_concepts/upgrades#speed)速度升級/$的必需原料。"
    },
    {
      "type": "text",
      "text": "勘測到石油後，需要將其抽取並運出。$(pncr)中抽取石油的建議做法是使用$(l:machines/gas_lift)氣舉/$，儘管其餘模組的泵取手段也可使用。若泵取點遠離基地，早期的一個運輸辦法是使用$(l:machines/liquid_hopper)流體漏斗/$，介於其可以承載至多 16000 mB 的流體，並在破壞後保持其中的流體。（就連氣舉本身也可以被用於這一用途，因為其被破壞時同樣保持其中的流體。"
    },
    {
      "type": "image",
      "images": [
        "pneumaticcraft:textures/patchouli/oil_pumping.png"
      ],
      "text": "$(italic)使用氣舉泵取石油，並自動輸出到流體漏斗/$"
    },
    {
      "type": "text",
      "title": "模組同步",
      "text": "當然，$(pncr)並不是唯一加入$(thing)石油/$的模組；某些模組也會加入（例如$(thing)建築/$和$(thing)沉浸石油/$）。$(p)取決於世界生成設定，$(pncr)的石油或許並不生成；但$(l:manufacturing/refinery)精煉廠/$可以處理其餘模組的「石油」。"
    }
  ]
}