{
  "name": "Pressure",
  "icon": "pneumaticcraft:pressure_tube",
  "category": "base_concepts",
  "pages": [
    {
      "type": "text",
      "text": "Compressed air is the $(pncr) $(thing)power system/$, based on real-world pressure mechanics.$(p)$(li)Compressed air is $(italic)produced/$ by a class of machines called $(thing)Compressors/$, of which there are several types.$(li)All pressurizable machines and tools have a $(thing)volume/$ (measured in mL), which is the amount of air they can store at standard atmospheric pressure, or $(ttcolor)$(t:This mod uses 0 bar to represent standard atmospheric pressure, unlike real-world pressure, which uses 1 bar)0 bar/$."
    },
    {
      "type": "text",
      "text": "$(li)The $(thing)pressure P/$ of a machine or tool can be calculated as:$(p)  $(formula)P = (A / V) - 1/$$(p)where $(formula)V/$ is the $(thing)volume/$ and $(formula)A/$ is the $(thing)air/$ currently in the machine. E.g a machine with 5000mL $(thing)volume/$ storing 20000mL $(thing)air/$ has a pressure of $(thing)3 bar/$.$(li)The volume of most machines can be increased with $(l:base_concepts/upgrades#volume)Volume Upgrades/$, which mean smaller pressure drops when air is used."
    },
    {
      "type": "text",
      "text": "$(li)Air moves from higher pressure blocks to lower pressure blocks. Leaving $(l:tubes/pressure_tubes)tubes/$ or machines unconnected will cause a giant $(thing)air leak/$, which means pressure loss! Air leaks are audible as a hissing sound, and visible as a stream of particles leaving the block.$(li)Pressure tries to balance. Connecting a small machine to a big air capacity (like a $(l:manufacturing/pressure_chamber)Pressure Chamber/$) will result in a pressure build-up in the machine."
    },
    {
      "type": "text",
      "text": "$(li)Pressure applies force on the inner walls of a machine or $(l:tubes/pressure_tubes)pressure tube/$. Applying too much pressure results in a rapid air release, also known as an $(thing)explosion/$. The pressure at which certain machines explode can be seen as the red area in the pressure gauge in any machine's GUI, but the exact point at which a machine will explode isn't predictable."
    },
    {
      "type": "text",
      "text": "$(li)It's important to understand that while many machines require a $(thing)minimum pressure/$ to operate, the operations that a machine carries out consume $(thing)air/$, not $(thing)pressure/$; pressure is just a function of stored air and volume."
    }
  ]
}
