{
    "name": "升級組件",
    "icon": "pneumaticcraft:volume_upgrade",
    "category": "base_concepts",
    "pages": [
        {
            "type": "text",
            "text": "$(thing)Upgrades/$ are craftable items which can be inserted into machines and some tools to enhance their functionality in some way. To add upgrades to tools, you will need a $(l:machines/charging_station)Charging Station/$.$(p)The precise effect of each upgrade varies by device; it's documented in the machine's GUI, or (for items) in the Charging Station's upgrade GUI."
        },
        {
            "type": "crafting",
            "anchor": "volume",
            "recipe": "pneumaticcraft:volume_upgrade",
            "text": "Creating a Volume Upgrade"
        },
        {
            "type": "crafting",
            "anchor": "dispenser",
            "recipe": "pneumaticcraft:dispenser_upgrade",
            "text": "Creating a Dispenser Upgrade"
        },
        {
            "type": "crafting",
            "anchor": "item_life",
            "recipe": "pneumaticcraft:item_life_upgrade",
            "text": "Creating a Item Life Upgrade"
        },
        {
            "type": "crafting",
            "anchor": "entity_tracker",
            "recipe": "pneumaticcraft:entity_tracker_upgrade",
            "text": "Creating a Entity Tracker Upgrade"
        },
        {
            "type": "crafting",
            "anchor": "block_tracker",
            "recipe": "pneumaticcraft:block_tracker_upgrade",
            "text": "Creating a Block Tracker Upgrade"
        },
        {
            "type": "crafting",
            "anchor": "speed",
            "recipe": "pneumaticcraft:speed_upgrade",
            "text": "Creating a Speed Upgrade$(p)$(bold)Tip:/$ you can also use a $(l:machines/liquid_hopper)Liquid Hopper/$ (or other modded tank) of $(l:components/lubricant)Lubricant/$ to craft multiple upgrades at a time!"
        },
        {
            "type": "crafting",
            "anchor": "search",
            "recipe": "pneumaticcraft:search_upgrade",
            "text": "Creating a Search Upgrade"
        },
        {
            "type": "crafting",
            "anchor": "coordinate_tracker",
            "recipe": "pneumaticcraft:coordinate_tracker_upgrade",
            "text": "Creating a Coordinate Tracker Upgrade"
        },
        {
            "type": "crafting",
            "anchor": "range",
            "recipe": "pneumaticcraft:range_upgrade",
            "text": "Creating a Range Upgrade"
        },
        {
            "type": "crafting",
            "anchor": "security",
            "recipe": "pneumaticcraft:security_upgrade",
            "text": "Creating a Security Upgrade"
        },
        {
            "type": "crafting",
            "anchor": "magnet",
            "recipe": "pneumaticcraft:magnet_upgrade",
            "text": "Creating a Magnet Upgrade"
        },
        {
            "type": "crafting",
            "anchor": "thaumcraft",
            "flag": "mod:thaumcraft",
            "recipe": "pneumaticcraft:thaumcraft_upgrade",
            "text": "Creating a Thaumcraft Upgrade"
        },
        {
            "type": "crafting",
            "anchor": "charging",
            "recipe": "pneumaticcraft:charging_upgrade",
            "text": "Creating a Charging Upgrade"
        },
        {
            "type": "crafting",
            "anchor": "armor",
            "recipe": "pneumaticcraft:armor_upgrade",
            "text": "Creating a Armor Upgrade"
        },
        {
            "type": "crafting",
            "anchor": "jet_boots",
            "recipe": "pneumaticcraft:jet_boots_upgrade",
            "text": "Creating a Jet Boots Upgrade"
        },
        {
            "type": "crafting",
            "anchor": "night_vision",
            "recipe": "pneumaticcraft:night_vision_upgrade",
            "text": "Creating a Night Vision Upgrade"
        },
        {
            "type": "crafting",
            "anchor": "scuba",
            "recipe": "pneumaticcraft:scuba_upgrade",
            "text": "Creating a Scuba Upgrade"
        },
        {
            "type": "crafting",
            "flag": "mod:toughasnails",
            "anchor": "air_conditioning",
            "recipe": "pneumaticcraft:air_conditioning_upgrade",
            "text": "Creating an Air Conditioning Upgrade"
        }
    ]
}