{
    "name": "升級組件",
    "icon": "pneumaticcraft:volume_upgrade",
    "category": "base_concepts",
    "pages": [
        {
            "type": "text",
            "text": "$(thing)升級/$為一些可被合成的物品，可以安裝在機器和一些工具上以在某些方面增強其功能。需要使用$(l:machines/charging_station)充氣站/$向工具安裝升級。$(p)升級對於機器的具體效應隨機器而異；這一效應對於機器在其介面中顯示，對於工具在充氣站的升級介面中顯示。"
        },
        {
            "type": "crafting",
            "anchor": "volume",
            "recipe": "pneumaticcraft:volume_upgrade",
            "text": "容量升級的合成表"
        },
        {
            "type": "crafting",
            "anchor": "dispenser",
            "recipe": "pneumaticcraft:dispenser_upgrade",
            "text": "發射器升級的合成表"
        },
        {
            "type": "crafting",
            "anchor": "item_life",
            "recipe": "pneumaticcraft:item_life_upgrade",
            "text": "物品壽命升級的合成表"
        },
        {
            "type": "crafting",
            "anchor": "entity_tracker",
            "recipe": "pneumaticcraft:entity_tracker_upgrade",
            "text": "實體追蹤升級的合成表"
        },
        {
            "type": "crafting",
            "anchor": "block_tracker",
            "recipe": "pneumaticcraft:block_tracker_upgrade",
            "text": "方塊追蹤升級的合成表"
        },
        {
            "type": "crafting",
            "anchor": "speed",
            "recipe": "pneumaticcraft:speed_upgrade",
            "text": "速度升級的合成表$(p)$(bold)註：/$可以使用裝有$(l:components/lubricant)潤滑油/$的$(l:machines/liquid_hopper)流體漏斗/$（或其餘模組的儲罐）一次性合成多個速度升級"
        },
        {
            "type": "crafting",
            "anchor": "search",
            "recipe": "pneumaticcraft:search_upgrade",
            "text": "物品搜尋升級的合成表"
        },
        {
            "type": "crafting",
            "anchor": "coordinate_tracker",
            "recipe": "pneumaticcraft:coordinate_tracker_upgrade",
            "text": "坐標追蹤升級的合成表"
        },
        {
            "type": "crafting",
            "anchor": "range",
            "recipe": "pneumaticcraft:range_upgrade",
            "text": "範圍升級的合成表"
        },
        {
            "type": "crafting",
            "anchor": "security",
            "recipe": "pneumaticcraft:security_upgrade",
            "text": "安全升級的合成表"
        },
        {
            "type": "crafting",
            "anchor": "magnet",
            "recipe": "pneumaticcraft:magnet_upgrade",
            "text": "磁鐵升級的合成表"
        },
        {
            "type": "crafting",
            "anchor": "thaumcraft",
            "flag": "mod:thaumcraft",
            "recipe": "pneumaticcraft:thaumcraft_upgrade",
            "text": "神秘時代升級的合成表"
        },
        {
            "type": "crafting",
            "anchor": "charging",
            "recipe": "pneumaticcraft:charging_upgrade",
            "text": "充氣升級的合成表"
        },
        {
            "type": "crafting",
            "anchor": "armor",
            "recipe": "pneumaticcraft:armor_upgrade",
            "text": "護甲升級的合成表"
        },
        {
            "type": "crafting",
            "anchor": "jet_boots",
            "recipe": "pneumaticcraft:jet_boots_upgrade",
            "text": "噴射鞋升級的合成表"
        },
        {
            "type": "crafting",
            "anchor": "night_vision",
            "recipe": "pneumaticcraft:night_vision_upgrade",
            "text": "夜視升級的合成表"
        },
        {
            "type": "crafting",
            "anchor": "scuba",
            "recipe": "pneumaticcraft:scuba_upgrade",
            "text": "水下呼吸升級的合成表"
        },
        {
            "type": "crafting",
            "flag": "mod:toughasnails",
            "anchor": "air_conditioning",
            "recipe": "pneumaticcraft:air_conditioning_upgrade",
            "text": "空調升級的合成表"
        }
    ]
}