{
  "name": "Mechanic Villagers",
  "icon": "minecraft:emerald",
  "category": "base_concepts",
  "pages": [
    {
      "type": "text",
      "text": "You have heard reports of a $(thing)villager/$ who stocks some rare $(pncr) components. Apparently he was involved in an accident with a $(l:manufacturing/pressure_chamber)Pressure Chamber?/$"
    },
    {
      "type": "entity",
      "name": "Mechanic",
      "entity": "minecraft:villager{ProfessionName:'pneumaticcraft:mechanic'}",
      "text": "$(italic)Not a fan of $(l:tools/amadron_tablet)Amadron/$."
    }
  ]
}