{
  "name": "別過熱!",
  "category": "indrev:temperature",
  "sortnum": 1,
  "icon": "indrev:cooler_cell",
  "pages": [
    {
      "type": "text",
      "text": "冷卻器和風扇將使機器的溫度冷卻更快，使其最有效率的運行。"
    },
    {
      "type": "crafting",
      "recipe": "indrev:shaped/fan",
      "text": "$(o)我是你的fans，能要你的簽名嗎？霸脫$()"
    },
    {
      "type": "crafting",
      "recipe": "indrev:shaped/cooler_cell",
      "text": "$(o)我高冷的勒...誰理你$()"
    },
    {
      "type": "crafting",
      "recipe": "indrev:shaped/heatsink",
      "text": "$(o)你以為有雙關笑話嗎？並沒有。$()"
    }
  ]
}