{
  "processor": "com.bewitchment.common.integration.patchouli.ProcessorBrew",
  "components": [
    {
      "type": "item",
      "item": "#input",
      "x": 48,
      "y": 10
    },
    {
      "type": "text",
      "text": "#text",
      "y": 30
    },
    {
      "type": "header",
      "text": "#name",
      "x": -1
    },
    {
      "type": "image",
      "image": "bewitchment:textures/gui/patchouli/gui.png",
      "x": 48,
      "y": 12,
      "u": 198,
      "v": 87,
      "width": 16,
      "height": 16
    }
  ]
}
