{
  "processor": "com.bewitchment.common.integration.patchouli.ProcessorCauldron",
  "components": [
    {
      "type": "item",
      "item": "#input0",
      "x": 10,
      "y": 12
    },
    {
      "type": "物品",
      "item": "#input1",
      "x": 29,
      "y": 12
    },
    {
      "type": "item",
      "item": "#input2",
      "x": 48,
      "y": 12
    },
    {
      "type": "item",
      "item": "#input3",
      "x": 67,
      "y": 12
    },
    {
      "type": "item",
      "item": "#input4",
      "x": 86,
      "y": 12
    },
    {
      "type": "item",
      "item": "#input5",
      "x": 10,
      "y": 31
    },
    {
      "type": "item",
      "item": "#input6",
      "x": 29,
      "y": 31
    },
    {
      "type": "物品",
      "item": "#input7",
      "x": 48,
      "y": 31
    },
    {
      "type": "item",
      "item": "#input8",
      "x": 67,
      "y": 31
    },
    {
      "type": "item",
      "item": "#input9",
      "x": 86,
      "y": 31
    },
    {
      "type": "item",
      "item": "#output0",
      "x": 48,
      "y": 73,
      "link_recipe": true
    },
    {
      "type": "item",
      "item": "#output1",
      "x": 29,
      "y": 73,
      "link_recipe": true
    },
    {
      "type": "patchouli:item",
      "item": "#output2",
      "x": 67,
      "y": 73,
      "link_recipe": true
    },
    {
      "type": "text",
      "text": "#text",
      "y": 96
    },
    {
      "type": "header",
      "text": "#name",
      "x": -1
    },
    {
      "type": "image",
      "image": "bewitchment:textures/gui/patchouli/gui.png",
      "x": 6,
      "y": 9,
      "u": 156,
      "v": 44,
      "width": 100,
      "height": 85
    }
  ]
}
