{
  "processor": "com.bewitchment.common.integration.patchouli.ProcessorDistillery",
  "components": [
    {
      "type": "item",
      "item": "#input0",
      "x": 7,
      "y": 13
    },
    {
      "type": "物品",
      "item": "#input1",
      "x": 26,
      "y": 13
    },
    {
      "type": "item",
      "item": "#input2",
      "x": 7,
      "y": 32
    },
    {
      "type": "item",
      "item": "#input3",
      "x": 26,
      "y": 32
    },
    {
      "type": "item",
      "item": "#input4",
      "x": 7,
      "y": 51
    },
    {
      "type": "item",
      "item": "#input5",
      "x": 26,
      "y": 51
    },
    {
      "type": "item",
      "item": "#output0",
      "x": 73,
      "y": 13,
      "link_recipe": true
    },
    {
      "type": "物品",
      "item": "#output1",
      "x": 92,
      "y": 13,
      "link_recipe": true
    },
    {
      "type": "item",
      "item": "#output2",
      "x": 73,
      "y": 32,
      "link_recipe": true
    },
    {
      "type": "item",
      "item": "#output3",
      "x": 92,
      "y": 32,
      "link_recipe": true
    },
    {
      "type": "item",
      "item": "#output4",
      "x": 73,
      "y": 51,
      "link_recipe": true
    },
    {
      "type": "item",
      "item": "#output5",
      "x": 92,
      "y": 51,
      "link_recipe": true
    },
    {
      "type": "text",
      "text": "#text",
      "y": 76,
      "link_recipe": true
    },
    {
      "type": "header",
      "text": "#name",
      "x": -1
    },
    {
      "type": "image",
      "image": "bewitchment:textures/gui/patchouli/gui.png",
      "x": 3,
      "y": 9,
      "v": 65,
      "width": 109,
      "height": 62
    }
  ]
}
