{
  "processor": "com.bewitchment.common.integration.patchouli.ProcessorOven",
  "components": [
    {
      "type": "item",
      "item": "#input",
      "x": 26,
      "y": 13
    },
    {
      "type": "物品",
      "item": "#output",
      "x": 73,
      "y": 13,
      "link_recipe": true
    },
    {
      "type": "item",
      "item": "#byproduct",
      "x": 73,
      "y": 32,
      "link_recipe": true
    },
    {
      "type": "text",
      "text": "#text",
      "y": 57
    },
    {
      "type": "header",
      "text": "#name",
      "x": -1
    },
    {
      "type": "image",
      "image": "bewitchment:textures/gui/patchouli/gui.png",
      "x": 22,
      "y": 9,
      "width": 70,
      "height": 42
    }
  ]
}
