{
  "processor": "com.bewitchment.common.integration.patchouli.ProcessorRitual",
  "components": [
    {
      "type": "item",
      "item": "#input0",
      "x": 10,
      "y": 13
    },
    {
      "type": "物品",
      "item": "#input1",
      "x": 29,
      "y": 13
    },
    {
      "type": "item",
      "item": "#input2",
      "x": 48,
      "y": 13
    },
    {
      "type": "item",
      "item": "#input3",
      "x": 67,
      "y": 13
    },
    {
      "type": "item",
      "item": "#input4",
      "x": 86,
      "y": 13
    },
    {
      "type": "item",
      "item": "#input5",
      "x": 10,
      "y": 32
    },
    {
      "type": "item",
      "item": "#input6",
      "x": 29,
      "y": 32
    },
    {
      "type": "物品",
      "item": "#input7",
      "x": 48,
      "y": 32
    },
    {
      "type": "item",
      "item": "#input8",
      "x": 67,
      "y": 32
    },
    {
      "type": "item",
      "item": "#input9",
      "x": 86,
      "y": 32
    },
    {
      "type": "item",
      "item": "#output0",
      "x": 48,
      "y": 117
    },
    {
      "type": "item",
      "item": "#output1",
      "x": 29,
      "y": 117
    },
    {
      "type": "patchouli:item",
      "item": "#output2",
      "x": 67,
      "y": 117
    },
    {
      "type": "item",
      "item": "#output3",
      "x": 10,
      "y": 117
    },
    {
      "type": "item",
      "item": "#output4",
      "x": 86,
      "y": 117
    },
    {
      "type": "text",
      "text": "#text",
      "y": 76
    },
    {
      "type": "header",
      "text": "#name",
      "x": -1
    },
    {
      "type": "image",
      "image": "bewitchment:textures/gui/patchouli/gui.png",
      "x": 6,
      "y": 9,
      "v": 128,
      "width": 100,
      "height": 127
    },
    {
      "type": "image",
      "image": "#circle2",
      "x": 24,
      "y": 50,
      "width": 64,
      "height": 64
    },
    {
      "type": "image",
      "image": "#circle1",
      "x": 24,
      "y": 50,
      "width": 64,
      "height": 64
    },
    {
      "type": "image",
      "image": "#circle0",
      "x": 24,
      "y": 50,
      "width": 64,
      "height": 64
    },
    {
      "type": "image",
      "image": "#foci",
      "x": 24,
      "y": 50,
      "width": 64,
      "height": 64
    },
    {
      "type": "text",
      "text": "#startingCost",
      "x": 26,
      "y": 136
    },
    {
      "type": "text",
      "text": "#runningCost",
      "x": 26,
      "y": 143
    }
  ]
}
