{
  "processor": "com.bewitchment.common.integration.patchouli.ProcessorSigil",
  "components": [
    {
      "type": "item",
      "item": "#input0",
      "x": 9,
      "y": 13
    },
    {
      "type": "物品",
      "item": "#input1",
      "x": 28,
      "y": 13
    },
    {
      "type": "item",
      "item": "#input2",
      "x": 47,
      "y": 13
    },
    {
      "type": "item",
      "item": "#input3",
      "x": 66,
      "y": 13
    },
    {
      "type": "item",
      "item": "#input4",
      "x": 85,
      "y": 13
    },
    {
      "type": "item",
      "item": "#input5",
      "x": 9,
      "y": 32
    },
    {
      "type": "item",
      "item": "#input6",
      "x": 28,
      "y": 32
    },
    {
      "type": "物品",
      "item": "#input7",
      "x": 47,
      "y": 32
    },
    {
      "type": "item",
      "item": "#input8",
      "x": 66,
      "y": 32
    },
    {
      "type": "item",
      "item": "#input9",
      "x": 85,
      "y": 32
    },
    {
      "type": "item",
      "item": "#input10",
      "x": 9,
      "y": 51
    },
    {
      "type": "item",
      "item": "#input11",
      "x": 28,
      "y": 51
    },
    {
      "type": "patchouli:item",
      "item": "#input12",
      "x": 47,
      "y": 51
    },
    {
      "type": "item",
      "item": "#input13",
      "x": 66,
      "y": 51
    },
    {
      "type": "item",
      "item": "#input14",
      "x": 85,
      "y": 51
    },
    {
      "type": "item",
      "item": "#input15",
      "x": 9,
      "y": 70
    },
    {
      "type": "item",
      "item": "#input16",
      "x": 28,
      "y": 70
    },
    {
      "type": "item",
      "item": "#input17",
      "x": 47,
      "y": 70
    },
    {
      "type": "item",
      "item": "#input18",
      "x": 66,
      "y": 70
    },
    {
      "type": "item",
      "item": "#input19",
      "x": 85,
      "y": 70
    },
    {
      "type": "item",
      "item": "#input20",
      "x": 9,
      "y": 89
    },
    {
      "type": "item",
      "item": "#input21",
      "x": 28,
      "y": 89
    },
    {
      "type": "item",
      "item": "#input22",
      "x": 47,
      "y": 89
    },
    {
      "type": "item",
      "item": "#input23",
      "x": 66,
      "y": 89
    },
    {
      "type": "item",
      "item": "#input24",
      "x": 85,
      "y": 89
    },
    {
      "type": "item",
      "item": "#output",
      "x": 47,
      "y": 118
    },
    {
      "type": "text",
      "text": "#text",
      "y": 86
    },
    {
      "type": "header",
      "text": "#name",
      "x": -1
    },
    {
      "type": "image",
      "image": "bewitchment:textures/gui/patchouli/sigil_table.png",
      "x": 5,
      "y": 10,
      "width": 110,
      "height": 128
    }
  ]
}
