{
  "processor": "com.bewitchment.common.integration.patchouli.ProcessorSpinningWheel",
  "components": [
    {
      "type": "item",
      "item": "#input0",
      "x": 20,
      "y": 13
    },
    {
      "type": "物品",
      "item": "#input1",
      "x": 39,
      "y": 13
    },
    {
      "type": "item",
      "item": "#input2",
      "x": 20,
      "y": 32
    },
    {
      "type": "item",
      "item": "#input3",
      "x": 39,
      "y": 32
    },
    {
      "type": "item",
      "item": "#output0",
      "x": 76,
      "y": 13,
      "link_recipe": true
    },
    {
      "type": "item",
      "item": "#output1",
      "x": 76,
      "y": 32,
      "link_recipe": true
    },
    {
      "type": "text",
      "text": "#text",
      "y": 56
    },
    {
      "type": "header",
      "text": "#name",
      "x": -1
    },
    {
      "type": "image",
      "image": "bewitchment:textures/gui/patchouli/gui.png",
      "x": 16,
      "y": 9,
      "u": 156,
      "width": 80,
      "height": 43
    }
  ]
}
