{
   "name": "鳴謝",
   "icon": "lastsmith:scroll",
   "category": "category_1",
   "pages": [
      {
         "type": "text",
         "text": "最後的太刀匠人是第一個有著完整（縫合）的世界觀；有著完整的發展線路；有著大量甚至海量的致敬元素；有著不少遊戲性變動的大型拔刀劍附屬。$(br2)由妖怪之山鍛刀鋪小組為你獻上。"
      },
      {
         "type": "text",
         "text": "小組成員：$(br)組長：櫻風華樂$(br)程序開發：射命丸政$(br)策劃：射命丸政，櫻風華樂$(br)劇情設計：射命丸政、櫻風華樂、梨木利亞，蕭琥璃GF$(br)美術製作：射命丸政、櫻風華樂、尤里的貓，蕭琥璃GF$(br2)本地化支持：射命丸政，NoNamePlay（非小組成員，英文支持）"
      },
      {
         "type": "text",
         "text": "致謝名單：$(br)酒石酸菌（早期宣傳片製作）、NoNamePlay（英文支持）、3TUSK（技術指導），梨木利亞"
      },
      {
         "type": "text",
         "text": "贊助致謝名單：2020年八月贊助10元以上人員$(br)以愛發電使用者名為準$(br2)冰凍長河、Mokou#F00、ZAKU_761、MPS、Achsr$(br2)每次重大更新會進行補充。"
      }
   ],
   "sortnum": 1
}
