{
   "name": "序言",
   "icon": "lastsmith:scroll",
   "category": "category_1",
   "pages": [
      {
         "type": "text",
         "text": "上古時期，「真理之劍」就已經成立。他們是維護這個世界的劍士組織……$(br)然而，被「書」所扭曲的劍士背叛了組織，利用其力量發動了長達數百年的戰爭……$(br2)就在這片大陸——幻想大陸之上……"
      },
      {
         "type": "text",
         "text": "太陰曆，前二輪迴，日與夏與火之年，在另一大陸——櫻花大陸上，人類曾與邪魔一族發生了一場慘烈的戰爭，以修羅之死和「櫻」之刃持有者自盡而告終。$(br2)因此驅魔刃與邪魔刃的真品就這樣消失在歷史之中。唯獨留下的是「櫻之流」的劍術流派以及注入在刀刃中邪魔的力量……"
      },
      {
         "type": "text",
         "text": "太陰曆，起始之年，「真理之劍」與魔物以及背叛者的戰爭終於進入了最終階段……$(br2)櫻花大陸與幻想大陸同時展開了結界……自此世界的均衡徹底不復存在，兩大地區之間形成了永不能往來的結界……"
      },
      {
         "type": "text",
         "text": "太陰曆，第一輪迴，日與春與水之年，葦原國成立。因為葦原國地區缺少礦產，當地匠人利用當地上好竹材製成竹光刀。在當地，上品竹光刀甚至是一些大將的收藏品。$(br2)多年之後，內府軍侵略葦原。得益於雄厚的財力，參加戰爭的高級將領手中大多都是名刀。最出名的莫過於紅玉，胴田貫，村正等。"
      },
      {
         "type": "text",
         "text": "葦原眾不願失去自己原本居住的土地，向侵略者發起了「盜國之戰」。葦原出動了近乎全部的兵力，與內府軍交戰甚久。$(br2)某流派鍛造的十二刃，在一次事故中合為一振妖刀，十三振刀通稱為山櫻。此後，又出現了山櫻的仿製品——山櫻「葵」。在盜國之戰中，葦原的兩名精英手持著這兩振刀立下汗馬功勞。"
      },
      {
         "type": "text",
         "text": "山櫻輝煌的背後是大批葦原刀匠的犧牲。在鍛造十二山櫻之時，有多少刀匠死去，不得而知......$(br2)我們只能知道的是，刀上銘刻著他們的名。$(br2)不負這群刀匠，更不負大批死去的戰士們。葦原的盜國最終以內府大將之死告終，此後葦原度過了十幾年的安定期。"
      },
      {
         "type": "text",
         "text": "因為內府軍的二次大規模侵略和瘟疫的爆發，葦原再次亡國。在葦原亡國之時，山櫻和葵一併遺失。逃出葦原的龍胤之子和隨行忍者無意侵擾到了山中的妖怪。$(br2)自然，妖怪也無法抵擋龍胤之力。$(br2)龍胤之子認清龍胤之力的可怕之後選擇了斷絕龍胤的道路，在最後龍胤和忍者便一起消失了......"
      },
      {
         "type": "text",
         "text": "妖怪眾偽裝成人類來到了曾經的葦原國。此後，妖怪與人類形成了微妙的關係。$(br2)妖怪從人類身邊學到了鍛造技術，並成功鍛造出「幽靈成佛之劍」—白樓劍，這振刀交付給半靈家族:「魂魄」家。隨後在魂魄家和西行寺家的共同提議下，大批妖怪和人類名匠共同鍛造出「斬斷一切之劍」—樓觀劍。$(br2)此刀的出現舉世震驚，無論是名匠還是學徒都爭相仿製，但沒有人能達到原作的水平。"
      },
      {
         "type": "text",
         "text": "這本書的原作者是一名參與過樓觀劍鍛造的天狗刀匠，他曾親眼目睹那可斬斷不死之刃的可怕。$(br2)完成天雲雙刀、撿到那兩振忍者遺留的刀之後，他開始記錄下來他從開始學習鍛刀到他撿到這刀之後的事情。$(br2)在書籍即將編寫完成的時候，他決定用斷絕不死之力打造出一振「真正的不死之刃」"
      }
   ],
   "sortnum": 0
}
