{
   "name": "關於資料缺失的事情",
   "icon": "lastsmith:scroll",
   "category": "category_1",
   "pages": [
      {
         "type": "text",
         "text": "啊，最近發現自己用來查閱的資料消失不見了……$(br2)它們是一些古老的卷軸，如果有誰能看到的話就幫忙一起來找一下，找到的話或許我的進度就會快一些。$(br2)如果可以的話幫忙整理一下，我會很感激的。"
      },
      {
         "type": "text",
         "text": "不知道是誰留下的備註：$(br2)這張紙原本是貼在政的小屋門口的，如果有人撿到卷軸了的話請直接自行處理。政已經不會再需要這些了。$(br2)——第三輪迴，$(br)星與夏與水之年，$(br)睦月"
      }
   ],
   "sortnum": 2
}
