{
  "processor": "epicsquid.mysticalworld.integration.patchouli.api.AnimalSpawnInfo",
  "components": [
    {
      "type": "header",
      "text": "#title",
      "x": -1,
      "y": 0
    },
    {
      "type": "text",
      "text": "#groupSize",
      "x": 0,
      "y": 14
    },
    {
      "type": "text",
      "text": "#breed",
      "x": 0,
      "y": 24
    },
    {
      "type": "text",
      "text": "#tame",
      "x": 0,
      "y": 34
    },
    {
      "type": "text",
      "text": "#biomes",
      "x": 0,
      "y": 44
    },
    {
      "type": "text",
      "text": "#blurb",
      "x": 0,
      "y": 70
    },
    {
      "type": "header",
      "text": "Drops",
      "x": -1,
      "y": 105
    },
    {
      "type": "物品",
      "item": "#item1",
      "x": 0,
      "y": 120
    },
    {
      "type": "item",
      "item": "#item2",
      "x": 18,
      "y": 120
    },
    {
      "type": "item",
      "item": "#item3",
      "x": 36,
      "y": 120
    },
    {
      "type": "item",
      "item": "#item4",
      "x": 54,
      "y": 120
    },
    {
      "type": "item",
      "item": "#item5",
      "x": 72,
      "y": 120
    }
  ]
}