{
    "name": "Allthemodium Ore",
    "icon": "allthemodium:allthemodium_ore",
    "category": "allthemodium:ore",
    "sortnum": "1",
    "pages": [
        {
            "type": "spotlight",
            "item": "allthemodium:allthemodium_ore",
            "title": "Allthemodium Ore",
            "link_recipe": false,
            "text": "Allthemodium Ore spawns in Ocean Biomes between Y 5-45, However can be found everywhere in the mining dimension at the same levels regardless of biome"
        }
    ]
}