{
  "name": "Copper Armor",
  "icon": "mysticalworld:copper_chestplate",
  "category": "items",
  "pages": [
    {
      "type": "spotlight",
      "item": "mysticalworld:copper_ingot",
      "text": "Copper makes a surprisingly durable armor that also increases your maximum health while you wear it!"
    },
    {
      "type": "crafting",
      "recipe": "mysticalworld:copper_helmet",
      "recipe2": "mysticalworld:copper_chestplate"
    },
    {
      "type": "crafting",
      "recipe": "mysticalworld:copper_leggings",
      "recipe2": "mysticalworld:copper_boots"
    }
  ]
}
