{
  "name": "銅製裝備",
  "icon": "mysticalworld:copper_chestplate",
  "category": "items",
  "pages": [
    {
      "type": "spotlight",
      "item": "mysticalworld:copper_ingot",
      "text": "銅製造出令人驚訝的耐用裝備，當你穿著它時，它還能增加你的最大生命值！"
    },
    {
      "type": "crafting",
      "recipe": "mysticalworld:copper_helmet",
      "recipe2": "mysticalworld:copper_chestplate"
    },
    {
      "type": "crafting",
      "recipe": "mysticalworld:copper_leggings",
      "recipe2": "mysticalworld:copper_boots"
    }
  ]
}
