{
  "name": "銅盔甲",
  "icon": "mysticalworld:copper_chestplate",
  "category": "items",
  "pages": [
    {
      "type": "spotlight",
      "item": "mysticalworld:copper_ingot",
      "text": "銅質盔甲耐久極高，穿戴時還會提升你的血量上限！"
    },
    {
      "type": "crafting",
      "recipe": "mysticalworld:copper_helmet",
      "recipe2": "mysticalworld:copper_chestplate"
    },
    {
      "type": "crafting",
      "recipe": "mysticalworld:copper_leggings",
      "recipe2": "mysticalworld:copper_boots"
    }
  ]
}
