{
  "name": "Gall Apple",
  "icon": "mysticalworld:gall_apple",
  "category": "items",
  "pages": [
    {
      "type": "spotlight",
      "item": "mysticalworld:gall_apple",
      "text": "Gall apples can be harvested from trees that have been infected with wasp larvae. This process can usually be started by applying $(l:items/wasp_attractant)wasp attractant$() to oak or dark oak trees.$(br2)These 'apples' are a rich source of $(l:items/tannins)tannins$(), which can be used in the production of leather."
    }
  ]
}
