{
  "name": "蟲癭蘋果",
  "icon": "mysticalworld:gall_apple",
  "category": "items",
  "pages": [
    {
      "type": "spotlight",
      "item": "mysticalworld:gall_apple",
      "text": "那些被黃蜂注入了幼蟲的樹將會長出蟲癭蘋果。如果你想主動吸引黃蜂前來產卵，你可以對著橡木或者黑橡木使用$(l:items/wasp_attractant)黃蜂引誘劑$()。$(br2)這些「蘋果」是$(l:items/tannins)鞣酸$()的主要來源，你會在在皮革處理的過程中使用到鞣酸。"
    }
  ]
}
