{
  "name": "Silk Thread",
  "icon": "mysticalworld:silk_thread",
  "category": "items",
  "pages": [
    {
      "type": "crafting",
      "recipe": "mysticalworld:silk_thread",
      "link_recipe": true,
      "text": "Silk thread can be obtained by processing $(l:items/silk_cocoons)silkworm cocoons$(), although the quantity will vary depending on the method."
    },
    {
      "type": "crafting",
      "recipe": "mysticalworld:spindle",
      "recipe2": "mysticalworld:silk_thread_spindle",
      "text": "Combining the silkworm cocoon with a spindle will produce the best results, although it will consume some of the durability of the spindle."
    }
  ]
}
