{
  "name": "絲線",
  "icon": "mysticalworld:silk_thread",
  "category": "items",
  "pages": [
    {
      "type": "crafting",
      "recipe": "mysticalworld:silk_thread",
      "link_recipe": true,
      "text": "絲線可以通過處理$(l:items/silk_cocoons)蠶繭$()得到，根據處理方法不同，絲線的產量也不同。"
    },
    {
      "type": "crafting",
      "recipe": "mysticalworld:spindle",
      "recipe2": "mysticalworld:silk_thread_spindle",
      "text": "用紡錘處理蠶繭，絲線產量最高;$(br)但紡錘會損耗一些耐久。"
    }
  ]
}
