{
  "name": "Silver Armor",
  "icon": "mysticalworld:silver_chestplate",
  "category": "items",
  "pages": [
    {
      "type": "spotlight",
      "item": "mysticalworld:silver_ingot",
      "text": "Silver gives you armor with a beautiful sheen that provides added attack damage as well as damaging any undead who strikes you!"
    },
    {
      "type": "crafting",
      "recipe": "mysticalworld:silver_helmet",
      "recipe2": "mysticalworld:silver_chestplate"
    },
    {
      "type": "crafting",
      "recipe": "mysticalworld:silver_leggings",
      "recipe2": "mysticalworld:silver_boots"
    }
  ]
}
