{
  "name": "銀質盔甲",
  "icon": "mysticalworld:silver_chestplate",
  "category": "items",
  "pages": [
    {
      "type": "spotlight",
      "item": "mysticalworld:silver_ingot",
      "text": "銀為你的護甲帶來了華美的光澤，既能提高你造成的傷害，也能對那些膽敢傷害你的不潔不死予以懲戒。"
    },
    {
      "type": "crafting",
      "recipe": "mysticalworld:silver_helmet",
      "recipe2": "mysticalworld:silver_chestplate"
    },
    {
      "type": "crafting",
      "recipe": "mysticalworld:silver_leggings",
      "recipe2": "mysticalworld:silver_boots"
    }
  ]
}
