{
  "name": "Tannins & Leather Production",
  "icon": "mysticalworld:tannins",
  "category": "items",
  "pages": [
    {
      "type": "crafting",
      "link_recipe": true,
      "recipe": "mysticalworld:tannins",
      "text": "A single gall apple is enough to produce four vials of tannins."
    },
    {
      "type": "crafting",
      "recipe": "mysticalworld:leather_from_rotten_flesh",
      "text": "A single vial of tannins is enough to tan three pieces of rotten flesh into leather."
    }
  ]
}
