{
  "name": "不完整的終界珍珠",
  "icon": "mysticalworld:unripe_pearl",
  "category": "items",
  "pages": [
    {
      "type": "spotlight",
      "link_recipe": true,
      "item": "mysticalworld:unripe_pearl",
      "text": "不完整的終界珍珠可以從$(l:creatures/endermini)迷你終界人$()身上獲得。"
    },
    {
      "type": "crafting",
      "link_recipe": true,
      "recipe": "mysticalworld:ender_pearl",
      "text": "直接使用會將你隨機傳送。將它們9個合成可以得到完整的終界珍珠。",
      "title": "Ender Pearl"
    }
  ]
}
