{
  "name": "Unripe Pearls",
  "icon": "mysticalworld:unripe_pearl",
  "category": "items",
  "pages": [
    {
      "type": "spotlight",
      "link_recipe": true,
      "item": "mysticalworld:unripe_pearl",
      "text": "Unripe pearls can be found in the unripe young of the Endermen, known as Endermini."
    },
    {
      "type": "crafting",
      "link_recipe": true,
      "recipe": "mysticalworld:ender_pearl",
      "text": "When used as an item, it will randomly teleport you. It can be crafted with 8 others to make an ender pearl.",
      "title": "Ender Pearl"
    }
  ]
}
