{
  "name": "Wasp Attractant",
  "icon": "mysticalworld:wasp_attractant",
  "category": "items",
  "pages": [
    {
      "type": "crafting",
      "link_recipe": true,
      "recipe": "mysticalworld:wasp_attractant",
      "text": "A combination of proteins and sugars is just the right mix to attract wasps!"
    },
    {
      "type": "spotlight",
      "item": "mysticalworld:wasp_attractant",
      "text": "The attractant can be applied to most types of oak tree (normal oak and dark oak), and the larvae the wasps inject will rapidly produce a $(l:items/gall_apple)gall apple$()."
    }
  ]
}
