{
  "name": "黃蜂引誘劑",
  "icon": "mysticalworld:wasp_attractant",
  "category": "items",
  "pages": [
    {
      "type": "crafting",
      "link_recipe": true,
      "recipe": "mysticalworld:wasp_attractant",
      "text": "將蛋白質和糖以正確比例混合在一起，這一混合物用來吸引黃蜂再好不過了！"
    },
    {
      "type": "spotlight",
      "item": "mysticalworld:wasp_attractant",
      "text": "這一引誘劑可以用於絕大多數種類的橡木 (普通橡木以及黑橡木)，被注入了黃蜂幼蟲的樹，將很快長出$(l:items/gall_apple)蟲癭蘋果$()。"
    }
  ]
}
