{
  "name": "extrabotany.entry.bellflower",
  "category": "botania:generating_flowers",
  "icon": "extrabotany:bellflower",
  "advancement": "botania:main/pure_daisy_pickup",
  "turnin": "botania:main/generating_flower",
  "pages": [
    {
      "type": "text",
      "text": "extrabotany.page.bellflower0"
    },
    {
      "type": "botania:petal_apothecary",
      "text": "extrabotany.page.bellflower1",
      "recipe": "extrabotany:petal_apothecary/bellflower"
    }
  ],
  "extra_recipe_mappings": {
    "extrabotany:floating_bellflower": 1
  }
}