{
  "name": "extrabotany.entry.bloodyenchantress",
  "category": "botania:generating_flowers",
  "icon": "extrabotany:bloodyenchantress",
  "advancement": "botania:main/pure_daisy_pickup",
  "turnin": "botania:main/generating_flower",
  "pages": [
    {
      "type": "text",
      "text": "extrabotany.page.bloodyenchantress0"
    },
    {
      "type": "text",
      "text": "extrabotany.page.bloodyenchantress1"
    },
    {
      "type": "botania:petal_apothecary",
      "text": "extrabotany.page.bloodyenchantress2",
      "recipe": "extrabotany:petal_apothecary/bloodyenchantress"
    }
  ],
  "extra_recipe_mappings": {
    "extrabotany:floating_bloodyenchantress": 1
  }
}