{
  "name": "extrabotany.entry.edelweiss",
  "category": "botania:generating_flowers",
  "icon": "extrabotany:edelweiss",
  "advancement": "botania:main/pure_daisy_pickup",
  "turnin": "botania:main/generating_flower",
  "pages": [
    {
      "type": "text",
      "text": "extrabotany.page.edelweiss0"
    },
    {
      "type": "botania:petal_apothecary",
      "text": "extrabotany.page.edelweiss1",
      "recipe": "extrabotany:petal_apothecary/edelweiss"
    }
  ],
  "extra_recipe_mappings": {
    "extrabotany:floating_edelweiss": 1
  }
}