{
  "name": "extrabotany.entry.omniviolet",
  "category": "botania:generating_flowers",
  "icon": "extrabotany:omniviolet",
  "advancement": "botania:main/pure_daisy_pickup",
  "turnin": "botania:main/generating_flower",
  "pages": [
    {
      "type": "text",
      "text": "extrabotany.page.omniviolet0"
    },
    {
      "type": "botania:petal_apothecary",
      "text": "extrabotany.page.omniviolet1",
      "recipe": "extrabotany:petal_apothecary/omniviolet"
    }
  ],
  "extra_recipe_mappings": {
    "extrabotany:floating_omniviolet": 1
  }
}