{
  "name": "extrabotany.entry.reikarlily",
  "category": "botania:generating_flowers",
  "icon": "extrabotany:reikarlily",
  "entry_color": "aa00",
  "advancement": "botania:main/elf_lexicon_pickup",
  "turnin": "botania:main/generating_flower",
  "pages": [
    {
      "type": "text",
      "text": "extrabotany.page.reikarlily0"
    },
    {
      "type": "botania:petal_apothecary",
      "text": "extrabotany.page.reikarlily1",
      "recipe": "extrabotany:petal_apothecary/reikarlily"
    }
  ],
  "extra_recipe_mappings": {
    "extrabotany:floating_reikarlily": 1
  }
}