{
  "name": "extrabotany.entry.sunbless",
  "category": "botania:generating_flowers",
  "icon": "extrabotany:sunbless",
  "advancement": "botania:main/pure_daisy_pickup",
  "turnin": "botania:main/generating_flower",
  "pages": [
    {
      "type": "text",
      "text": "extrabotany.page.sunbless0"
    },
    {
      "type": "botania:petal_apothecary",
      "text": "extrabotany.page.sunbless1",
      "recipe": "extrabotany:petal_apothecary/sunbless"
    }
  ],
  "extra_recipe_mappings": {
    "extrabotany:floating_sunbless": 1
  }
}