{
  "name": "extrabotany.entry.tinkleflower",
  "category": "botania:generating_flowers",
  "icon": "extrabotany:tinkleflower",
  "advancement": "botania:main/pure_daisy_pickup",
  "turnin": "botania:main/generating_flower",
  "pages": [
    {
      "type": "text",
      "text": "extrabotany.page.tinkleflower0"
    },
    {
      "type": "botania:petal_apothecary",
      "text": "extrabotany.page.tinkleflower1",
      "recipe": "extrabotany:petal_apothecary/tinkleflower"
    }
  ],
  "extra_recipe_mappings": {
    "extrabotany:floating_tinkleflower": 1
  }
}