{
  "name": "Gathering",
  "icon": "roots:ritual_gathering",
  "category": "rituals",
  "advancement": "roots:wildewheet",
  "flag": "roots:ritual_gathering",
  "pages": [
    {
      "type": "text",
      "text": "Items that litter the ground will be picked up at regular intervals and deposited into an inventory placed directly beneath the pyre.$(br2)$(standing_stones) $(l:rituals/ritual_gathering#multiblock)This ritual requires standing stones.$()"
    },
    {
      "type": "pyre_template",
      "ritual": "ritual_gathering"
    },
    {
      "type": "multiblock",
      "anchor": "multiblock",
      "multiblock": {
        "mapping": {
          "0": "roots:bonfire",
          "R": "roots:runestone",
          "C": "roots:chiseled_runestone",
          "I": "minecraft:chest"
        },
        "pattern": [
          [
            "       ",
            "       ",
            "       ",
            "       ",
            "       ",
            "       ",
            "       "
          ],
          [
            "   C   ",
            "       ",
            "       ",
            "       ",
            "       ",
            "       ",
            "       "
          ],
          [
            "   R   ",
            "       ",
            "       ",
            "       ",
            "       ",
            "       ",
            "       "
          ],
          [
            "   R   ",
            "       ",
            "       ",
            "   0I  ",
            "       ",
            "       ",
            "       "
          ]
        ]
      }
    }
  ]
}