{
  "name": "Germination",
  "icon": "roots:ritual_germination",
  "category": "rituals",
  "advancement": "roots:spirit_herb",
  "flag": "roots:ritual_germination",
  "pages": [
    {
      "type": "text",
      "text": "The energy of nature is a huge thing, even when found in the tiniest seeds, though it may lay dormant there. This ritual finds that dormant energy and sparks germination, causing crops & trees to slowly grow as long as the ritual persists.$(br2)$(standing_stones) $(l:rituals/ritual_germination#multiblock)This ritual requires standing stones.$()"
    },
    {
      "type": "pyre_template",
      "ritual": "ritual_germination"
    },
    {
      "type": "multiblock",
      "anchor": "multiblock",
      "enable_visualize": false,
      "multiblock": {
        "mapping": {
          "0": "roots:bonfire",
          "R": "roots:runestone",
          "C": "roots:chiseled_runestone"
        },
        "pattern": [
          [
            "       ",
            "       ",
            "       ",
            "       ",
            "       ",
            "       ",
            "       "
          ],
          [
            "   C   ",
            "       ",
            "       ",
            "       ",
            "       ",
            "       ",
            "   C   "
          ],
          [
            "   R   ",
            "       ",
            "       ",
            "       ",
            "       ",
            "       ",
            "   R   "
          ],
          [
            "   R   ",
            "       ",
            "       ",
            "   0   ",
            "       ",
            "       ",
            "   R   "
          ]
        ]
      }
    }
  ]
}