{
  "name": "Transmutation",
  "icon": "roots:ritual_transmutation",
  "category": "rituals",
  "advancement": "roots:runestone",
  "flag": "roots:ritual_transmutation",
  "pages": [
    {
      "type": "text",
      "text": "Some natural delights are harder to find than others. Thankfully, with the energies of the pyre, you can convert more mundane objects into more precious items.$(br2)$(standing_stones) $(l:rituals/ritual_transmutation#multiblock)This ritual requires standing stones.$()"
    },
    {
      "type": "pyre_template",
      "ritual": "ritual_transmutation"
    },
    {
      "type": "multiblock",
      "anchor": "multiblock",
      "multiblock": {
        "mapping": {
          "0": "roots:bonfire",
          "R": "roots:runestone",
          "C": "roots:chiseled_runestone"
        },
        "pattern": [
          [
            "       ",
            "       ",
            "       ",
            "       ",
            "       ",
            "       ",
            "       "
          ],
          [
            "   C   ",
            "       ",
            "       ",
            "       ",
            "       ",
            "       ",
            "       "
          ],
          [
            "   R   ",
            "       ",
            "       ",
            "       ",
            "       ",
            "       ",
            "       "
          ],
          [
            "   R   ",
            "       ",
            "       ",
            "   0   ",
            "       ",
            "       ",
            "       "
          ]
        ]
      }
    },
    {
      "type": "spotlight",
      "item": "minecraft:dye:3",
      "link_recipe": true,
      "text": "Dead bushes will turn into cocoa beans."
    },
    {
      "type": "spotlight",
      "item": "minecraft:log:3",
      "link_recipe": true,
      "text": "Birch logs will transform into jungle."
    },
    {
      "type": "spotlight",
      "item": "minecraft:leaves:3",
      "link_recipe": true,
      "text": "Birch leaves will transform into jungle."
    },
    {
      "type": "spotlight",
      "item": "minecraft:melon_block",
      "link_recipe": true,
      "text": "Pumpkins planted $(info) above still or flowing water will transform into melons."
    },
    {
      "type": "spotlight",
      "item": "minecraft:cactus",
      "link_recipe": true,
      "text": "Pumpkins planted $(info) on sand will turn into cactuses."
    },
    {
      "type": "spotlight",
      "item": "minecraft:waterlily",
      "link_recipe": true,
      "text": "Carpets (of any colour) placed over water $(info) by placing carpet on the next block and then sneak-right-clicking the edge of the carpet on top of the water will be converted into lilypads."
    },
    {
      "type": "spotlight",
      "item": "minecraft:web",
      "link_recipe": true,
      "text": "Trapdoors placed on top of wool blocks will be turned into cobwebs."
    },
    {
      "type": "spotlight",
      "item": "minecraft:carrot",
      "link_recipe": true,
      "text": "Cocoa beens (of any growth stage) will be converted to carrots."
    },
    {
      "type": "spotlight",
      "item": "minecraft:beetroot",
      "link_recipe": true,
      "text": "Fully-grown carrot crops will be converted into newly-planted beetroot crops."
    },
    {
      "type": "spotlight",
      "item": "minecraft:vine",
      "link_recipe": true,
      "text": "Redstone dust placed on top of leaves will be converted to vines."
    },
    {
      "type": "spotlight",
      "item": "minecraft:pumpkin",
      "link_recipe": true,
      "text": "Melons placed on top of cobblestone will revert to pumpkins."
    }
  ]
}