{
  "name": "Storm of Fire",
  "icon": "roots:ritual_fire_storm",
  "category": "rituals",
  "advancement": "roots:infernal_bulb",
  "flags": "roots:ritual_fire_storm",
  "pages": [
    {
      "type": "text",
      "text": "From the heavens spew forth a huge amount of sentient fire, burning creatures near the ritual, setting the ground on fire, and slowly turning the surrounding area into a raging inferno, but at the same time protecting players from directly taking damage.$(br2)$(standing_stones) $(l:rituals/ritual_fire_storm#multiblock)This ritual requires standing stones.$()"
    },
    {
      "type": "pyre_template",
      "ritual": "ritual_fire_storm"
    },
    {
      "type": "multiblock",
      "anchor": "multiblock",
      "multiblock": {
        "mapping": {
          "0": "roots:bonfire",
          "R": "roots:runestone",
          "C": "roots:chiseled_runestone"
        },
        "pattern": [
          [
            "   C   ",
            "       ",
            "       ",
            "C     C",
            "       ",
            "       ",
            "       "
          ],
          [
            "   R   ",
            "       ",
            "       ",
            "R     R",
            "       ",
            "       ",
            "       "
          ],
          [
            "   R   ",
            "       ",
            "       ",
            "R  0  R",
            "       ",
            "       ",
            "       "
          ]
        ]
      }
    }
  ]
}