{
   "name": "「天云」",
   "icon": "flammpfeil.slashblade:slashbladenamed{ModelName: \"named/smith/model\", TextureName: \"named/smith/texture_wind\"}",
   "category": "category_5",
   "pages": [
      {
         "type": "text",
         "text": "我是一名鸦天狗……$(br2)拿起这个锻造锤的时候，我已经是合格的刀匠了……$(br2)我也是参与「魂樱之长刀」锻造的一员，是我发现了魂樱的妙用之法！$(br2)是为我族，我等天狗一族锻造无上利刃之时了！"
      },
      {
         "type": "text",
         "text": "完成这两振刀已经有一段时间了……$(br2)如果没有记错，今年已经是第三轮回的日与冬与土之年了，时间过去的确实很快呢……$(br2)也是时候锻造第三振刃了……"
      },
      {
         "type": "crafting",
         "recipe": "lastsmith:flammpfeil.slashblade.named.amagumo.wind"
      },
      {
         "type": "crafting",
         "recipe": "lastsmith:flammpfeil.slashblade.named.amagumo.cloud"
      }
   ],
   "advancement": "lastsmith:sharpness",
   "sortnum": 3
}
