{
   "name": "「獄界劍」",
   "icon": "flammpfeil.slashblade:slashbladenamed{ModelName: \"named/smith/model\", TextureName: \"named/smith/texture_wind\"}",
   "category": "category_5",
   "pages": [
      {
         "type": "text",
         "text": "前一陣子我受邀參加白玉樓的宴會。$(br2)原來的魂魄家家主已經隱居，侍奉著那位不死公主的人則變為了年輕的劍士……$(br2)看見那兩振刀，回憶起當年鍛造它們的那段日子，我不禁流下了眼淚……"
      },
      {
         "type": "text",
         "text": "踏上歸途之時，我決定再欣賞一下白玉樓的風景。$(br2)當我在迴廊漫步的時候，看見了一個漆黑的身影，手持著兩振感覺相當熟悉的刀……$(br2)那個面容……怎麼是那位年輕的劍士……$(br2)當她拔出那兩振刀，一陣濃烈的妖氣湧上來……她就這樣消失了……"
      },
      {
         "type": "text",
         "text": "那振長刀……為什麼與「魂櫻之長刀」如此相似……$(br2)不！那根本不是「魂櫻之長刀」！$(br2)我感覺不到來自魂櫻的力量……那分明是來自於地獄的力量……$(br2)是……「獄界劍」？怎麼可能……"
      },
      {
         "type": "crafting",
         "recipe": "lastsmith:flammpfeil.slashblade.named.roukan_nether",
         "recipe2": "lastsmith:flammpfeil.slashblade.named.hakurou_nether"
      }
   ],
   "advancement": "lastsmith:sharpness",
   "sortnum": 0
}
