{
   "name": "無神「無刃」",
   "icon": "flammpfeil.slashblade:slashbladenamed{ModelName: \"named/kirisaya/kirisaya\", TextureName: \"named/kirisaya/kirisaya\"}",
   "category": "category_5",
   "pages": [
      {
         "type": "text",
         "text": "曾在古書之中見到過這句話：$(br2)斬千敵者，無刃亦可切碎萬物……$(br)然代價甚高，非凡夫俗子所能企及……$(br2)這也許只有真正的武者才會理解吧……"
      },
      {
         "type": "crafting",
         "recipe": "flammpfeil.slashblade:flammpfeil.slashblade.named.kirisaya"
      }
   ],
   "advancement": "lastsmith:sharpness",
   "flag": "mod:slashblade_addon",
   "sortnum": 0
}
