{
   "name": "「無念」",
   "icon": "flammpfeil.slashblade:slashbladenamed{ModelName: \"named/smith/model\", TextureName: \"named/smith/texture_final\"}",
   "category": "category_5",
   "pages": [
      {
         "type": "text",
         "text": "我一直在承受著被瞧不起的日子……$(br2)我一定會完成的……究極的無上利刃……$(br2)這振斬斷不死之刃……一直在引誘著我……$(br2)拔出它，拔出它，拔出它……$(br2)而斬斷不死之力究竟是………………………………\n"
      },
      {
         "type": "image",
         "images": [
            "lastsmith:textures/gui/smith_guide_final_page.png"
         ]
      },
      {
         "type": "text",
         "text": "第三輪迴，月與春與火之年，霜月$(br)當他跟我說起他準備寫一本書之後，政一直把自己關在一個小房子中……$(br2)自從那振妖刀被發現之日開始，或許更久之前，政消失了，而草稿的那片血跡也估計就是政本人的。$(br2)我們決定把這振妖刀取名為天雲「無念」，將未受影響的兩振靈刀賜給射命丸大人……"
      },
      {
         "type": "crafting",
         "recipe": "lastsmith:flammpfeil.slashblade.named.smith.final",
         "text": "「無念」，代表了他的最期……我想如果射命丸大人知道了他的死去或許會很悲痛吧……$(br2)射命丸 政的友人——青竹"
      }
   ],
   "advancement": "lastsmith:amagumo",
   "sortnum": 4
}
