{
    "name": "Starting Automation",
    "icon": "ars_nouveau:spell_turret",
    "sortnum": 10,
    "category": "getting_started",
    "pages": [
        {
            "type": "text",
            "text": "All spells may be used in Automation through casters like the Whelp or Spell Turret. Use these to create auto harvesters, tree farms, quarries, cake farms, glass factories, and more! For item transport, autocrafting, or resource generation, see the variety of magical entities that may be summoned using Charms."
        },
        {
            "type": "關係",
            "entries": [
                "apparatus/whelp_charm",
                "apparatus/spell_turret",
                "apparatus/carbuncle_charm",
                "apparatus/wixie_charm"
            ]
        }
    ]
}