{
    "name": "Better Casting",
    "icon": "ars_nouveau:novice_robes",
    "sortnum": 7,
    "category": "getting_started",
    "pages": [
        {
            "type": "text",
            "text": "You mana pool may be expanded with special mage armors, enchantments, learning new glyphs, or by drinking potions. Once you have acquired a Mana Bloom Seed, you may craft Novice Robes which will expand your casting abilities significatly. These robes will self-repair using your mana pool, have a high enchantability, and provide decent armor."
        },
        {
            "type": "關係",
            "entries": [
                "machines/enchanting_apparatus",
                "apparatus/mana_bloom_crop",
                "items/armor"
            ]
        }
    ]
}