{
    "name": "New Spells",
    "icon": "ars_nouveau:blank_glyph",
    "sortnum": 4,
    "category": "getting_started",
    "pages": [
        {
            "type": "text",
            "text": "Accessing new spells will require a small amount of setup, resources, and base building. New spells can be learned by obtaining items called Glyphs. Glyphs are created by the Glyph Press using magical clay, a reagent, and World Mana. Once you have obtained a glyph, simply use it with a spellbook in your inventory in order to write the glyph to the book."
        },
        {
            "type": "relations",
            "entries": [
                "machines/glyph_press",
                "getting_started/world_mana"
            ],
            "text": "To learn about creating new glyphs, see the section on the Glyph Press."
        }
    ]
}