{
    "name": "法術與魔力",
    "icon": "ars_nouveau:novice_spell_book",
    "sortnum": 2,
    "category": "getting_started",
    "pages": [
        {
            "type": "text",
            "text": "使用$(thing)法術書$()施法時需要消耗魔力。玩家的魔力上限、魔力再生速度都能提升，具體方式包括：穿上特殊的$(item)法師盔甲$()、在裝備上使用$(item)魔力提升$()或者$(item)魔力再生$()附魔。另外，在法術書中每解鎖一個法術構件，你的魔力上限和魔力再生速度都會有額外提升。"
        },
        {
            "type": "text",
            "text": "在法術書中添加魔符也會提升你的魔法上限和魔法再生速度。這一提升會隨法術書等級的提升而增加。"
        }
    ]
}