{
    "name": "使用裝置的合成",
    "icon": "ars_nouveau:enchanting_apparatus",
    "sortnum": 6,
    "category": "getting_started",
    "pages": [
        {
            "type": "text",
            "text": "附魔裝置可用於合成特殊機器、飾品和裝備，而這些物品可用於進一步探索新生魔藝。使用附魔裝置進行的合成，最多需要 8 個奧術基座、一個奧術核心和附魔裝置方塊本身。一旦你擺放好了你的裝置，你就能合成你的第一個法師之花種子。"
        },
        {
            "type": "relations",
            "entries": [
                "machines/enchanting_apparatus",
                "apparatus/mana_bloom_crop"
            ]
        }
    ]
}