{
    "name": "Apparatus Crafting",
    "icon": "ars_nouveau:enchanting_apparatus",
    "sortnum": 6,
    "category": "getting_started",
    "pages": [
        {
            "type": "text",
            "text": "The Enchanting Apparatus is used for crafting special machines, curios, and equipment used to progress in Ars Nouveau. Crafting with the Enchanting Apparatus requires up to eight Arcane Pedestals, an Arcane Core, and the Enchanting Apparatus block. Once you have setup your apparatus, you should craft your first Mana Bloom Seed."
        },
        {
            "type": "relations",
            "entries": [
                "machines/enchanting_apparatus",
                "apparatus/mana_bloom_crop"
            ]
        }
    ]
}