{
    "name": "World Generation",
    "icon": "ars_nouveau:mana_gem",
    "sortnum": 8,
    "category": "getting_started",
    "pages": [
        {
            "type": "text",
            "text": "Several resources can spawn in the world, each with their own magical properties. Source Gems can be found underground, but may also be renewably created using the Crystallizer. Archwood trees come in several decorative variants and may be used to craft Casting Wands. Source Berries, found in Taigas, are essential for crafting Mana Regeneration potions."
        },
        {
            "type": "關係",
            "entries": [
                "machines/crystallizer",
                "resources/archwood",
                "resources/mana_berry"
            ]
        }
    ]
}