{
    "name": "Spell Casting",
    "icon": "ars_nouveau:novice_spell_book",
    "sortnum": 1,
    "category": "getting_started",
    "pages": [
        {
            "type": "text",
            "text": "To begin spell casting, you will need to first obtain a Spellbook. A spellbook will allow you to create, store, and cast spells using Mana. A higher tier spell book will provide additional spell slots, allowing you to craft more complex spells. $(br) To craft your first spell, you must first select the $(bold)Form$() that the spell will take on. A $(bold)Form$() glyph must always be the first glyph in a spell recipe."
        },
        {
            "type": "text",
            "text": "Next, add any number of $(bold)Effects$() to the chain. Effects refer to $(italic)what$() the spell will do and they will resolve in the order they are placed in the book at the target or location the spell hits. An $(bold)Augment$() can be used to modify the way an Effect or Form behaves. $(bold)Augments$() may be placed after an Effect or Form. An Augment will only apply to the glyph to the $(bold)left$() of it. Multiple augments may also be applied on the same Effect or Form by chaining Augments together. "
        },
        {
            "type": "text",
            "text": "If you would like to set a spell to a different tab, select the tab from the right side and repeat the above process. Several keybindings are provided for using the spellbook. $(br)Open Spellbook: $(k:ars_nouveau.open_book) $(br)Quick Select: $(k:ars_nouveau.selection_hud) $(br)Next Spell: $(k:ars_nouveau.next_slot) $(br)Previous Spell: $(k:ars_nouveau.previous_slot)"
        },
        {
            "type": "crafting",
            "recipe": "ars_nouveau:novice_spell_book"
        }
    ]
}