{
    "name": "施法",
    "icon": "ars_nouveau:novice_spell_book",
    "sortnum": 1,
    "category": "getting_started",
    "pages": [
        {
            "type": "text",
            "text": "要開始施法，你首先需要獲取一本法術書。一本法術書能讓你創造、存儲和施展需要魔力的法術。更高等級的法術書會提供額外的法術構件槽，允許你構造更復雜的法術。$(br)要構造你的第一個法術，首先要選擇法術的$(bold)形態$()。一個$(bold)形態$()構件必須總是法術配方中的第一個構件。"
        },
        {
            "type": "text",
            "text": "下一步，在法術鏈中添加任意數量的$(bold)效果$()。效果決定了法術的$(italic)功能$()，而且會按放置順序，在法術的目標或位置處逐一生效。$(bold)增強$()類構件可用於修改效果或形態的行為。$(bold)增強$()可放在效果或形態后。增強類的構件只會對其$(bold)左邊$()的第一個構件起效。多個連接的構件可對同一個效果或形態生效。"
        },
        {
            "type": "text",
            "text": "如果你想在不同標簽頁設置法術，可以在右邊選擇一個不同的標簽頁并重復上述過程。多個按鍵可用於使用法術書。$(br)打開法術書：$(k:ars_nouveau.open_book)$(br)快速選單：$(k:ars_nouveau.selection_hud)$(br)下一法術：$(k:ars_nouveau.next_slot)$(br)前一法術：$(k:ars_nouveau.previous_slot)"
        },
        {
            "type": "crafting",
            "recipe": "ars_nouveau:novice_spell_book"
        }
    ]
}