{
    "name": "Trinkets",
    "icon": "ars_nouveau:warp_scroll",
    "sortnum": 11,
    "category": "getting_started",
    "pages": [
        {
            "type": "text",
            "text": "飾品可以增強你的施法能力，或者提供獨特的狀態增益。對於進行更多施法，你可能想要合成節魔之戒魔力再生護身符。對於旅行，你可能想要浮空腰帶。要想提升挖礦效率，你需要湮滅之瓶。"
        },
        {
            "type": "relations",
            "entries": [
                "apparatus/amulet_of_mana_regen",
                "apparatus/ring_of_lesser_discount",
                "apparatus/belt_of_levitation",
                "items/void_jar",
                "apparatus/jar_of_light",
                "items/warp_scroll"
            ]
        }
    ]
}