{
    "name": "Trinkets",
    "icon": "ars_nouveau:warp_scroll",
    "sortnum": 11,
    "category": "getting_started",
    "pages": [
        {
            "type": "text",
            "text": "Trinkets and baubles can expand your casting and can provide unique buffs. For more casting, you may want to craft a Ring of Discount or an Amulet of Mana Regen. For travel, see the Belt of Levitation, or improve your mining efficiency with the Jar of Voiding."
        },
        {
            "type": "relations",
            "entries": [
                "apparatus/amulet_of_mana_regen",
                "apparatus/ring_of_lesser_discount",
                "apparatus/belt_of_levitation",
                "items/void_jar",
                "apparatus/jar_of_light",
                "items/warp_scroll"
            ]
        }
    ]
}