{
    "name": "升級組件",
    "icon": "ars_nouveau:archmage_spell_book",
    "sortnum": 9,
    "category": "getting_started",
    "pages": [
        {
            "type": "text",
            "text": "2 級和 3 級魔符分別需要法師和大法師的法術書。更高級的法術書能讓你施放更高級的法術、將法術用於自動化、帶來魔法上限和魔法再生速度的提升。一旦你能升級你的法術書，將你的盔甲升級成下一級法袍。這會讓你得到施法方面的更多增益。"
        },
        {
            "type": "relations",
            "entries": [
                "items/books",
                "items/armor"
            ]
        }
    ]
}