{
    "name": "Source",
    "icon": "ars_nouveau:mana_jar",
    "sortnum": 5,
    "category": "getting_started",
    "pages": [
        {
            "type": "text",
            "text": "Source is a special resource that must be gathered using devices in the world. Source is used for powering devices like the Glyph Press and Enchanting Apparatus. To begin gathering Source, you will need a Source Jar and a Sourcelink"
        },
        {
            "type": "關係",
            "entries": [
                "source/mana_jar",
                "source/volcanic_accumulator",
                "source/mana_condenser"
            ]
        }
    ]
}