{
  "name": "Camouflage Applicator",
  "icon": "pneumaticcraft:camo_applicator",
  "category": "\n-工具",
  "advancement": "pneumaticcraft:pressure_tube",
  "pages": [
    {
      "type": "text",
      "text": "The $(item)Camouflage Applicator/$ can be used to camouflage certain $(pncr) blocks:$(li)$(l:tubes/pressure_tubes)Pressure Tubes/$$(li)$(l:machines/pneumatic_door)Pneumatic Door Base/$$(li)$(l:machines/elevators)Elevator Base & Caller/$$(li)$(l:machines/charging_station)Charging Station/$$(p)$(thing)Sneak+right-click/$ any solid block to copy its appearance to the Applicator tool, or $(thing)sneak+right-click/$ with no block targeted to clear the copied block. "
    },
    {
      "type": "text",
      "text": "Then, $(thing)right-click/$ any camouflageable block (see above) to apply or remove camouflage.$(p)You'll need an actual block in your inventory to apply it as camouflage, which gets used (but you get it back when you remove the camouflage).$(p)You can also uncamouflage a camouflaged block by breaking it with a pick or other suitable tool; the camouflage will be broken off instead."
    },
    {
      "type": "crafting",
      "text": "Creating the Camouflage Applicator",
      "recipe": "pneumaticcraft:camo_applicator"
    }
  ]
}