{
  "name": "無人機",
  "icon": "pneumaticcraft:drone",
  "category": "\n-工具",
  "advancement": "pneumaticcraft:printed_circuit_board",
  "pages": [
    {
      "type": "text",
      "text": "無人機是強大的可以用於各種自動化的飛行機器。其需要被編程才能進行工作；要做到這一點同樣需要$(l:programming/programmer)編程器/$與一些$(l:programming/puzzle_pieces)編程拼圖/$。$(p)放置下已編程並$(l:base_concepts/pressure)有壓力的/$無人機時，其將執行所編程的任務。"
    },
    {
      "type": "entity",
      "entity": "pneumaticcraft:drone",
      "offset": "-0.3"
    },
    {
      "type": "text",
      "title": "自動充氣",
      "text": "無人機很聰明：壓力過低時其將會尋找在同一維度內的安裝有$(l:base_concepts/upgrades#dispenser)發射器升級/$的$(l:machines/charging_station)充氣站/$。這有限域目前執行的程序。$(p)找到充氣站後，$(item)無人機/$將前往該$(item)充氣站/$充氣，直到充氣站無法再提供供其為止。此後，$(item)無人機/$將繼續原有的程序。"
    },
    {
      "type": "text",
      "title": "自動充氣（續）",
      "text": "在多人伺服器上你也許想要只允許自己的無人機在自己的充氣站充氣。可以透過把$(item)充氣站/$放置在$(l:machines/security_station)安全站/$的保護範圍內使其變為私有的。$(p)此時，只有由該$(item)安全站/$白名單中的玩家放置的$(item)無人機/$被允許在該充氣站充氣。."
    },
    {
      "type": "text",
      "text": "$(item)無人機/$耗盡空氣後，其將會關閉螺旋槳，並直接落在地面上。記住：此時無人機將受到掉落傷害！被摧毀的$(item)無人機/$將會以物品形式掉落其自身。$(p)可以透過與$(item)染料/$合成來對$(item)無人機/$染色。同樣可以在放置下無人機後使用$(item)染料/$右擊染色。該染色對無人機沒有實質影響，但可以幫助你一眼分辨無人機。"
    },
    {
      "type": "text",
      "title": "Debugging",
      "text": "呃，為什麼$(item)無人機/$的工作成來這個樣子？為什麼它根本不工作？可以使用安裝有$(l:base_concepts/upgrades#dispenser)發射器升級/$和$(l:base_concepts/upgrades#entity_tracker)實體追蹤器升級/$的$(l:armor/pneumatic_helmet)氣動頭盔/$除錯你的程序。當$(thing)實體追蹤器/$啟用且$(item)無人機/$被作為目標時，按下 $(thing)$(k:pneumaticcraft.helmet.debugging.drone)/$ 鍵。"
    },
    {
      "type": "crafting",
      "text": "無人機的合成表",
      "recipe": "pneumaticcraft:drone"
    }
  ]
}
