{
  "name": "Drone",
  "icon": "pneumaticcraft:drone",
  "category": "\n-工具",
  "advancement": "pneumaticcraft:printed_circuit_board",
  "pages": [
    {
      "type": "text",
      "text": "Drones are powerful programmable flying robots, which can be used for all sorts of automation. They need programming before they'll do anything; for this you'll also need a $(l:programming/programmer)Programmer/$ and some $(l:programming/puzzle_pieces)Puzzle Pieces/$.$(p)When you place down a programmed and $(l:base_concepts/pressure)pressurized/$ Drone, it'll perform its programmed tasks."
    },
    {
      "type": "entity",
      "entity": "pneumaticcraft:drone",
      "offset": "-0.3"
    },
    {
      "type": "text",
      "title": "Automatic Charging",
      "text": "Drones are smart: when they're low on air, they'll search for a $(l:machines/charging_station)Charging Station/$ with pressure that has a $(l:base_concepts/upgrades#dispenser)Dispenser Upgrade/$ within the same dimension as the $(item)Drone/$. This will override the running program.$(p)When found, the $(item)Drone/$ will go to this $(item)Charging Station/$ and it will stay charging until the station can't supply any more air. After that, the $(item)Drone/$ will resume its main program."
    },
    {
      "type": "text",
      "title": "Automatic Charging (cont.)",
      "text": "On a multiplayer server you might want to only allow your Drones to charge on your Charging Station(s). You can make your $(item)Charging Station/$ private by covering it by a $(l:machines/security_station)Security Station/$.$(p)Now only the $(item)Drones/$ placed by players who are whitelisted in your $(item)Security Station/$ will be allowed to charge."
    },
    {
      "type": "text",
      "text": "When the $(item)Drone/$'s air runs out, its propellers will stop and it will fall straight to the ground. Beware: drones can take fall damage! A destroyed $(item)Drone/$ will drop itself in item form.$(p)You can dye a $(item)Drone/$ by crafting it with a piece of $(item)dye/$. You can also dye a $(item)Drone/$ in-world, by $(thing)right-clicking/$ it with a piece of $(item)dye/$. This coloring is just cosmetic but can help to distinguish drones at a glance."
    },
    {
      "type": "text",
      "title": "Debugging",
      "text": "Hmm, why does that $(item)Drone/$ act like it does? Why doesn't it do anything at all? You can debug your program by using a $(l:armor/pneumatic_helmet)Pneumatic Helmet/$, with $(l:base_concepts/upgrades#dispenser)Dispenser/$ and $(l:base_concepts/upgrades#entity_tracker)Entity Tracker/$ Upgrades installed. With the $(item)Drone/$ targeted and the $(thing)Entity Tracker/$ active, press the $(thing)$(k:pneumaticcraft.helmet.debugging.drone)/$ key."
    },
    {
      "type": "crafting",
      "text": "Creating the Drone",
      "recipe": "pneumaticcraft:drone"
    }
  ]
}
