{
  "name": "GPS Tool",
  "icon": "pneumaticcraft:gps_tool",
  "category": "\n-工具",
  "advancement": "pneumaticcraft:plastic",
  "pages": [
    {
      "type": "text",
      "text": "The $(item)GPS Tool/$ is an item that when $(thing)right-clicked/$ saves a coordinate. This data is used in a few places in $(pncr), see the next page.$(p)$(thing)Right-clicking/$ the $(item)GPS Tool/$ in air opens a GUI allowing coordinates to be adjusted directly.$(p)A held $(item)GPS Tool/$ highlights its selected block."
    },
    {
      "type": "relations",
      "entries": [
        "machines/air_cannon",
        "machines/universal_sensor",
        "programming/programmer",
        "tools/amadron_tablet"
      ],
      "text": "Machines and tools that make use of the $(item)GPS Tool/$."
    },
    {
      "type": "text",
      "anchor": "variables",
      "title": "Linking Global Variables",
      "text": "$(l:programming/variables#global)Global Variables/$ are an advanced $(l:base_concepts/drone)Drone/$ feature, accessed via the $(l:programming/coordinate_operator)Coordinate Operator/$.$(p)$(thing)Right-clicking/$ a $(item)GPS Tool/$ in the air allows a variable name to be entered.$(p)Now, that $(thing)Global Variable/$ will track the value of the $(item)GPS Tool's/$ selected coordinate. This can be used to make $(thing)Drone programs/$ that use dynamic areas."
    },
    {
      "type": "crafting",
      "text": "Creating the GPS Tool",
      "recipe": "pneumaticcraft:gps_tool"
    }
  ]
}
