{
  "name": "Harvesting Drone",
  "icon": "pneumaticcraft:harvesting_drone",
  "category": "\n-工具",
  "advancement": "pneumaticcraft:pressure_chamber",
  "pages": [
    {
      "type": "text",
      "text": "A $(item)Harvesting Drone/$ is a specialized non-programmable type of $(l:tools/drone)Drone/$ which will carry out $(l:programming/harvest)crop/tree harvesting/$ tasks in a 17x17x17 cube centered on the block it's deployed at. The Drone will $(italic)not/$ pick up harvested items.$(p)Like any other Drone, they require $(l:base_concepts/pressure)air/$ to operate, and will automatically seek out a $(l:machines/charging_station)Charging Station/$ if low on air."
    },
    {
      "type": "entity",
      "entity": "pneumaticcraft:harvesting_drone",
      "offset": "-0.3"
    },
    {
      "type": "text",
      "title": "Tool Use",
      "text": "If you deploy the $(item)Harvesting Drone/$ by $(thing)sneak+right-clicking/$ it against an inventory containing (only) a $(item)Hoe/$ of any type, the drone will use that hoe to automatically replant crops, and will not attempt to do any work without a hoe equipped. If you don't care about replanting, just deploy the drone against any other block."
    },
    {
      "type": "crafting",
      "text": "Note that Harvesting Drones have figured out how to chop down trees without an axe; they're clever like that.",
      "recipe": "pneumaticcraft:harvesting_drone"
    }
  ]
}
