{
  "name": "Logistics Configurator",
  "icon": "pneumaticcraft:logistics_configurator",
  "category": "\n-工具",
  "advancement": "pneumaticcraft:pressure_tube",
  "pages": [
    {
      "type": "text",
      "text": "The $(item)Logistics Configurator's/$ primary purpose is to help out with configuring a $(l:logistics/overview)Logistics System/$.$(p)By $(thing)right-clicking/$ it on any $(l:logistics/frames)Logistic Frame/$ it can configure various filters.$(p)$(thing)Sneak right-clicking/$ removes the frame from the inventory it's attached to."
    },
    {
      "type": "spotlight",
      "item": "pneumaticcraft:logistics_configurator",
      "text": "The $(item)Logistics Configurator/$ can also be used to remove other attachable gadgets, such as the $(l:semiblocks/transfer_gadget)Transfer Gadget/$ and the $(l:semiblocks/crop_support)Crop Support/$."
    },
    {
      "type": "crafting",
      "text": "Creating the Logistics Configurator",
      "recipe": "pneumaticcraft:logistics_configurator"
    }
  ]
}
