{
  "name": "Manometer",
  "icon": "pneumaticcraft:manometer",
  "category": "\n-工具",
  "advancement": "pneumaticcraft:pressure_tube",
  "pages": [
    {
      "type": "text",
      "text": "With a Manometer you can measure $(l:base_concepts/pressure)pressure/$ on a pneumatic network. Additionally, some Pneumatic machines/tubes have some special information about them. For instance, the $(l:tubes/safety_module)Safety Valve Tube Module/$ displays its safety threshold. So if you aren't feeling comfortable with redstone maths, this tool may be of use to you."
    },
    {
      "type": "crafting",
      "text": "Creating the Manometer",
      "recipe": "pneumaticcraft:manometer"
    },
    {
      "type": "text",
      "title": "Other Mods",
      "flag": "|mod:theoneprobe,mod:hwyla",
      "text": "With mods such as $(thing)The One Probe/$ or $(thing)WAILA/HWYLA/$ installed, the $(item)Manometer/$ may be of limited use."
    }
  ]
}