{
  "name": "Minigun Ammo",
  "icon": "pneumaticcraft:gun_ammo",
  "category": "\n-工具",
  "advancement": "pneumaticcraft:minigun",
  "pages": [
    {
      "type": "text",
      "text": "Gun Ammo is used by the $(l:tools/minigun)Minigun/$.$(p)One ammo cartridge holds up to 1000 minigun rounds, depending on the ammo type. Ammo is steadily consumed while the $(item)Minigun/$ is firing, and ammo levels can be seen in the ammo item's tooltip, its durability bar, and (when the minigun is equipped) on the HUD, next to the minigun sight in the centre of the screen."
    },
    {
      "type": "text",
      "anchor": "magazine",
      "text": "Ammo must be inserted into the $(item)Minigun's/$ magazine to be used; it will not be consumed from the player's inventory. $(thing)Sneak+right-click/$ the $(item)Minigun/$ to load ammo into it.$(p)Ammo is consumed from the numbered slots 1-4 in order, but you can $(thing)middle-click/$ a slot to lock it, forcing the $(item)Minigun/$ to consume ammo from that slot only; useful if you have multiple ammo types loaded. $(thing)Middle-click/$ a locked slot to unlock it again."
    },
    {
      "type": "spotlight",
      "item": "pneumaticcraft:gun_ammo",
      "text": "Plain $(item)Gun Ammo/$ has no special capabilities on its own, but has a large cartridge of 1000 rounds.$(p)In addition, it is the only ammo type which can be crafted with $(l:tools/minigun_ammo#potions)Potions/$ to gain their effect."
    },
    {
      "type": "spotlight",
      "item": "pneumaticcraft:gun_ammo_incendiary",
      "text": "$(item)Incendiary Minigun Ammo/$ has a cartridge size of 500, and will set fire to entities it hits.$(p)It also has a chance to set fire to blocks, so caution is advised!"
    },
    {
      "type": "spotlight",
      "item": "pneumaticcraft:gun_ammo_weighted",
      "text": "$(item)Weighted Minigun Ammo/$ has a cartridge size of 250, and does very high damage, but due to its weight has only 20% of the range of normal ammo."
    },
    {
      "type": "spotlight",
      "item": "pneumaticcraft:gun_ammo_ap",
      "text": "$(item)Armor-piercing Minigun Ammo/$ has a cartridge size of 250, and is somewhat expensive to craft, but does slightly more damage than regular ammo, and can bypass the armor of targets."
    },
    {
      "type": "spotlight",
      "item": "pneumaticcraft:gun_ammo_explosive",
      "text": "$(item)Explosive Minigun Ammo/$ has a cartridge size of 125. It has a chance to create a small explosion when it hits; beware, this explosion can also injure you. Explosions will not damage terrain $(ttcolor)$(t:See 'B:explosiveAmmoTerrainDamage' in config)by default/$."
    },
    {
      "type": "spotlight",
      "item": "pneumaticcraft:gun_ammo_freezing",
      "text": "$(item)Freezing Minigun Ammo/$ has a cartridge size of 250. It slows targets that it hits, and has a chance to encase them in damaging 'ice'.$(p)It does extra damage against fire-resistant targets, so is an excellent choice for fighting in the $(#800)Nether/$."
    },
    {
      "type": "text",
      "title": "Potion-Tipped Ammo",
      "anchor": "potions",
      "text": "You can craft standard minigun ammo with any $(item)Potion/$, and that ammo no longer does physical damage, but has a chance to apply that potion effect to your target.$(p)$(thing)Splash/$ and $(thing)Lingering/$ potions can also be used; they have the expected area effect, but ammo is consumed 3 times as quickly when tipped with splash potions, and 6 times as quickly with lingering potions!"
    },
    {
      "type": "crafting",
      "recipe": "pneumaticcraft:gun_ammo",
      "recipe2": "pneumaticcraft:gun_ammo_incendiary"
    },
    {
      "type": "crafting",
      "recipe": "pneumaticcraft:gun_ammo_weighted",
      "recipe2": "pneumaticcraft:gun_ammo_ap"
    },
    {
      "type": "crafting",
      "recipe": "pneumaticcraft:gun_ammo_explosive",
      "recipe2": "pneumaticcraft:gun_ammo_freezing"
    }
  ]
}
