{
  "name": "小機槍",
  "icon": "pneumaticcraft:minigun",
  "category": "\n-工具",
  "advancement": "pneumaticcraft:pressure_tube",
  "pages": [
    {
      "type": "text",
      "text": "The $(item)Minigun/$ is a handheld weapon, which runs on $(l:base_concepts/pressure)compressed air/$ and $(l:tools/minigun_ammo)Gun Ammo/$. Ammo needs to be inserted into the $(l:tools/minigun_ammo#magazine)Minigun's magazine/$ - it will not be consumed from the player's inventory.$(p)To fire the minigun, simply hold $(thing)right-click/$. The barrel will start to spin and will fire as soon as it is up to speed."
    },
    {
      "type": "text",
      "title": "Upgrading",
      "text": "Many features (spin-up speed, range, potion proc chance...) of the $(item)Minigun/$ are upgradable in a $(l:machines/charging_station)Charging Station/$.$(p)Full documentation on each upgrade and its effects is available in the Charging Station's upgrade GUI."
    },
    {
      "type": "crafting",
      "text": "Creating the Minigun",
      "recipe": "pneumaticcraft:minigun"
    }
  ]
}