{
  "name": "氣動扳手",
  "icon": "pneumaticcraft:pneumatic_wrench",
  "category": "\n-工具",
  "advancement": "pneumaticcraft:pressure_tube",
  "pages": [
    {
      "type": "text",
      "text": "氣動扳手是$(pncr)中具有扳手地位的工具。可以使用其執行一系列操作，包括：$(p)$(li)$(thing)右擊/$原版或模組的方塊以將其旋轉$(li)$(thing)潛行右擊/$$(pncr)機器以將其拆卸為物品，保存其中的升級和空氣"
    },
    {
      "type": "text",
      "text": "$(li)$(thing)右擊/$$(l:base_concepts/drones)無人機/$以將其拆卸，使其掉落為物品$(li)$(thing)右擊/$$(l:tubes/pressure_tubes)壓力管道/$以斷開或連接兩端管道，用於隔離管線$(p)$(item)氣動扳手/$需要在$(l:machines/charging_station)充氣站/$內充氣才能被使用。"
    },
    {
      "type": "crafting",
      "text": "氣動扳手的合成表",
      "recipe": "pneumaticcraft:pneumatic_wrench"
    }
  ]
}