{
  "name": "地下石油探測器",
  "icon": "pneumaticcraft:seismic_sensor",
  "category": "\n-工具",
  "advancement": "pneumaticcraft:root",
  "pages": [
    {
      "type": "text",
      "text": "地下石油探測器是在遊戲早期使用的物品，用於尋找$(l:base_concepts/oil)石油/$。與大多數工具不同，該探測器不需要$(l:base_concepts/pressure)壓力/$即可運作。$(thing)右擊/$方塊後，將會顯示該方塊正下方是否有石油。"
    },
    {
      "type": "text",
      "text": "地下石油探測器的檢測結構有兩種：$(p)$(#008)  沒有找到石油。/$$(p)在該方塊的正下面沒有石油。繼續尋找。$(p)$(#008)  在下方 <距離>m 處發現石油。該石油源包含約 <總量> 桶石油。/$$(p)發現石油！該方塊處可以放置一台$(l:machines/gas_lift)氣舉/$以泵出石油。"
    },
    {
      "type": "crafting",
      "text": "地下石油探測器的合成表",
      "recipe": "pneumaticcraft:seismic_sensor"
    }
  ]
}