{
  "name": "Vortex Cannon",
  "icon": "pneumaticcraft:vortex_cannon",
  "category": "\n-工具",
  "advancement": "pneumaticcraft:pressure_tube",
  "pages": [
    {
      "type": "text",
      "text": "The $(item)Vortex Cannon/$ is a weapon which shoots $(thing)vortices/$: air spinning in a way that it doesn't have much friction and can be mostly stable.$(p)You can use this to shoot gusts at the target of choice: to repel enemies, push animals around, uproot plants and leaves, or shear entities."
    },
    {
      "type": "spotlight",
      "item": "pneumaticcraft:vortex_cannon",
      "text": "The higher the $(item)Vortex Cannon/$ is pressurized, the more impact it has on its targets and the greater its range is.$(p)Note that it's possible to catch yourself in a fired vortex, which can be very useful for fast transport. But beware: it provides no fall damage protection!"
    },
    {
      "type": "crafting",
      "text": "Creating the Vortex Cannon",
      "recipe": "pneumaticcraft:vortex_cannon"
    }
  ]
}