{
    "name": "How to build",
    "icon": "bigreactors:reprocessorcollector",
    "category": "bigreactors:reprocessor",
    "read_by_default": true,
    "sortnum": 1,
    "pages": [
        {
            "type": "text",
            "text": "The Reprocessor is a 3 by 3 and 7 blocks high machine build from Casing blocks and one each of the other device parts.$(br)Glass can be used in place of Casing blocks in the vertical faces of the machine (but not on the frame).$(br2)Check each Reprocessor part page for restriction on where each part can be placed."
        },
        {
            "type": "zcmultiblock",
            "multiblock_id": "bigreactors:bookreprocessor"
        }
    ]
}