{
    "name": "Waste Injector",
    "icon": "bigreactors:reprocessorwasteinjector",
    "category": "bigreactors:reprocessor-parts",
    "read_by_default": true,
    "sortnum": 4,
    "pages": [
        {
            "type": "spotlight",
            "item": "bigreactors:reprocessorwasteinjector",
            "link_recipe": true,
            "title": "Waste Injector",
            "text": "The Waste Injector allow you to insert waste material from the Reactor into the Reprocessor.$(br2)The graphical interface can be used to insert materials manually or you can connect a pipe of sort to insert waste into the injector"
        },
        {
            "type": "crafting-part_usage",
            "crafting.title1": "Waste Injector",
            "crafting.recipe1": "bigreactors:reprocessor/wasteinjector",
            "usage.text": "$(l)Mandatory:$() one, and only one, is required$(br)$(l)Valid positions:$() top face (not on frame)$(br)$(l)Graphical interface:$() yes"
        }
    ]
}