{
    "name": "Collector",
    "icon": "bigreactors:reprocessorcollector",
    "category": "bigreactors:reprocessor-parts",
    "read_by_default": true,
    "sortnum": 7,
    "pages": [
        {
            "type": "spotlight",
            "item": "bigreactors:reprocessorcollector",
            "link_recipe": true,
            "title": "Collector",
            "text": "The Collector acquire material from the Reprocessor interior once a re-processing job is complete."
        },
        {
            "type": "crafting-part_usage",
            "crafting.title1": "Collector",
            "crafting.recipe1": "bigreactors:reprocessor/collector",
            "usage.text": "$(l)Mandatory:$() one, and only one, is required$(br)$(l)Valid positions:$() bottom face (not on frame)$(br)$(l)Graphical interface:$() yes"
        }
    ]
}