{
    "name": "Fluid Injector",
    "icon": "bigreactors:reprocessorfluidinjector",
    "category": "bigreactors:reprocessor-parts",
    "read_by_default": true,
    "sortnum": 5,
    "pages": [
        {
            "type": "spotlight",
            "item": "bigreactors:reprocessorfluidinjector",
            "link_recipe": true,
            "title": "Fluid Injector",
            "text": "The Fluid Injector allow you to insert the fluid needed to re-process wastes into the Reprocessor.$(br2)Different waste types may require different fluids."
        },
        {
            "type": "crafting-part_usage",
            "crafting.title1": "Fluid Injector",
            "crafting.recipe1": "bigreactors:reprocessor/fluidinjector",
            "usage.text": "$(l)Mandatory:$() one, and only one, is required$(br)$(l)Valid positions:$() any vertical face (not on frame)$(br)$(l)Graphical interface:$() no"
        }
    ]
}