{
    "name": "外殼",
    "icon": "bigreactors:reprocessorcasing",
    "category": "bigreactors:reprocessor-parts",
    "read_by_default": true,
    "sortnum": 1,
    "pages": [
        {
            "type": "spotlight",
            "item": "bigreactors:reprocessorcasing",
            "link_recipe": true,
            "title": "外殼",
            "text": "Casing blocks are the building blocks of the Reprocessor.$(br2)They are required to build its frame and are also used to craft the other parts. Casing blocks can also be used to fill the faces of the Reprocessor if you don't like glass too much."
        },
        {
            "type": "crafting-part_usage",
            "crafting.title1": "Casing",
            "crafting.recipe1": "bigreactors:reprocessor/casing",
            "usage.text": "$(l)Mandatory:$() they are required to build the frame$(br)$(l)Valid positions:$() any$(br)$(l)Graphical interface:$() no"
        }
    ]
}