{
    "name": "Output Port",
    "icon": "bigreactors:reprocessoroutputport",
    "category": "bigreactors:reprocessor-parts",
    "read_by_default": true,
    "sortnum": 8,
    "pages": [
        {
            "type": "spotlight",
            "item": "bigreactors:reprocessoroutputport",
            "link_recipe": true,
            "title": "Output Port",
            "text": "The Output Port allow you to extract the re-processed material from the Reprocessor.$(br2)The graphical interface can be used to extract materials manually or you can connect a pipe of sort to extract them automatically."
        },
        {
            "type": "crafting-part_usage",
            "crafting.title1": "Output Port",
            "crafting.recipe1": "bigreactors:reprocessor/outputport",
            "usage.text": "$(l)Mandatory:$() one, and only one, is required$(br)$(l)Valid positions:$() any vertical face (not on frame)$(br)$(l)Graphical interface:$() yes"
        }
    ]
}