{
    "name": "控制器",
    "icon": "bigreactors:reprocessorcontroller",
    "category": "bigreactors:reprocessor-parts",
    "read_by_default": true,
    "sortnum": 3,
    "pages": [
        {
            "type": "spotlight",
            "item": "bigreactors:reprocessorcontroller",
            "link_recipe": true,
            "title": "Controller",
            "text": "The Controller is your main interface to the Reprocessor.$(br2)Right click on the Controller to open it's graphical user interface and from there you can turn the Reprocessor on or off, check how much fluids and energy are present in the machine and the status of the current re-processing job."
        },
        {
            "type": "text-crafting",
            "text": "If you hover on a control in the interface, a tooltip will be displayed with additional information or an explanatory text for that control.$(br2)",
            "title": "Controller",
            "recipe": "bigreactors:reprocessor/controller"
        },
        {
            "type": "part_usage",
            "text": "$(l)Mandatory:$() at least one is required$(br)$(l)Valid positions:$() any vertical face (not on frame)$(br)$(l)Graphical interface:$() yes"
        }
    ]
}