{
  "name": "Tiers & Getting Started",
  "icon": "bloodmagic:sacrificialdagger",
  "category": "bloodmagic:utility",
  "priority": "true",
  "pages": [
    {
      "type": "text",
      "text": "$(6)Blood Magic 3$()'s progression is still being reworked, and the first few steps are significantly different from Blood Magic 2's.$(br2)We do plan on adding better guideance, such as entry unlocking, but we are waiting until the progression is locked down.  In the mean time, here is a quick overview on how to progress in this alpha version of $(6)Blood Magic 3$()."
    },
    {
      "type": "spotlight",
      "item": "bloodmagic:altar",
      "title": "Blood Altar (Tier-1)",
      "text": "The first step of $(6)Blood Magic$() is to build a $(l:bloodmagic:altar/blood_altar)Blood Altar$() and $(l:bloodmagic:altar/blood_altar#knife)Sacrificial Knife$(). Use these to generate $(blood)LP$() from Self-Sacrificing.$(br2)Use this $(blood)LP$() to craft a $(l:bloodmagic:altar/soul_network)Weak Blood Orb$(), several $(l:bloodmagic:altar/slates)Blank Slates$(), and a few $(l:bloodmagic:demon_will/soul_snare)Soul Snares$()."
    },
    {
      "type": "spotlight",
      "item": "bloodmagic:alchemytable",
      "title": "Alchemy Table (Tier-1)",
      "text": "The $(l:bloodmagic:alchemy_table/alchemy_table)Alchemy Table$() uses $(blood)LP$() from a player's $(blood)Soul Network$() (drawn from the $(l:bloodmagic:altar/soul_network)bound Blood Orb$() in it) to craft various different objects, such as:$(li)$(l:bloodmagic:alchemy_array/functional_arrays/arcane_ash)Arcane Ashes$()$(li)$(item)Reagents for Sigils$()$(li)$(item)Anointments$()$(li)$(thing)2x Ore Processing$()$(li)and various other odds and ends."
    },
    {
      "type": "spotlight",
      "item": "bloodmagic:arcaneashes",
      "title": "Alchemy Array (Tier-1)",
      "text": "An $(thing)Alchemy Array$() is made by placing some $(l:bloodmagic:alchemy_array/functional_arrays/arcane_ash)Arcane Ashes$() on the ground.  The Alchemy Array can have 2 items right clicked into it, and will either craft an item (such as a $(l:bloodmagic:alchemy_array/sigil/divination)Divination Sigil$()) or perform some kind of function (such as $(l:bloodmagic:alchemy_array/functional_arrays/time_arrays)turning day into night$())."
    },
    {
      "type": "spotlight",
      "item": "bloodmagic:soulforge",
      "title": "Hellfire Forge (Tier-1)",
      "text": "The $(l:bloodmagic:demon_will/soul_forge)Hellfire Forge$() crafts using $(l:bloodmagic:demon_will/demon_will)Demon Will$(). You get your first $(raw)Will$() by using $(l:bloodmagic:demon_will/soul_snare)Soul Snares$(), though upgrading to a $(l:bloodmagic:demon_will/sentient_sword)Sentient Sword$() is recommended. The $(item)Hellfire Forge$() is used for stuff directly related to $(raw)Demon Will$() (like $(l:bloodmagic:demon_will/soul_gem)Tartaric Gems$() and $(l:bloodmagic:demon_will/sentient_tools)Sentient Tools$()), and consumables (like $(l:bloodmagic:demon_will/explosive_charges)Explosive Charges$() and $(l:bloodmagic:demon_will/throwing_daggers)Throwing Daggers$())."
    },
    {
      "type": "spotlight",
      "item": "bloodmagic:daggerofsacrifice",
      "title": "Tier Two",
      "text": "At this point, you will be able to craft a $(l:bloodmagic:altar/blood_altar#dagger_of_sacrifice)Dagger of Sacrifice$() in order to slaughter mobs for more LP. Various $(item)Upgrade Runes$() should be avaliable for your $(item)Blood Altar$(), and some more $(item)Sigils$() will be available. As before, you should focus on further upgrading your $(l:bloodmagic:altar/blood_altar)Altar$()."
    },
    {
      "type": "spotlight",
      "item": "bloodmagic:ritualdiviner",
      "title": "Tier Three",
      "text": "By this point, you will have the ability to create some $(l:bloodmagic:rituals/ritual_basics)basic Rituals$() and $(l:bloodmagic:alchemy_array/living_equipment/living_basics)Living Armour$() as well. This armour is very versatile, though you'll have to work hard to unlock its full potential. At this point you should look into upgrading your Altar and your $(l:bloodmagic:rituals/ritual_diviner)Ritual Diviner$()."
    },
    {
      "type": "spotlight",
      "item": "bloodmagic:vengefulcrystal",
      "title": "Tier Four",
      "text": "This is the top tier. At this point you have access to everything that $(6)Blood Magic$() has to offer. You may want to look into the $(l:bloodmagic:rituals/ritual_tinkerer)Ritual Tinkerer$() and the various kinds of $(l:bloodmagic:demon_will/aspected_will)Will Aspects$() avaliable to you, and consider how they may be used to refine your existing rituals and alter how your $(l:bloodmagic:demon_will/sentient_tools)Sentient Tools$() and $(l:bloodmagic:demon_will/sentient_sword)Weapons$() work."
    },
    {
      "type": "spotlight",
      "item": "bloodmagic:activationcrystalawakened",
      "title": "Tier Five",
      "text": "Currently, this is just a myth. Nothing's implemented at this stage."
    },
    {
      "type": "spotlight",
      "item": "minecraft:barrier",
      "title": "Tier Six?",
      "text": "What? No. Look, even in 1.12, this only existed as a favor to pack makers and was otherwise unimplemented. You've come too far. Go back two pages."
    }
  ]
}
