{
  "name": "基礎礦物處理",
  "icon": "bloodmagic:basiccuttingfluid",
  "category": "bloodmagic:utility",
  "extra_recipe_mappings": [
    [
      "bloodmagic:goldfragment",
      7
    ],
    [
      "bloodmagic:fragment_netherite_scrap",
      7
    ],
    [
      "bloodmagic:goldgravel",
      9
    ],
    [
      "bloodmagic:gravel_netherite_scrap",
      9
    ],
    [
      "bloodmagic:sand_netherite",
      7
    ]
  ],
  "pages": [
    {
      "type": "text",
      "text": "The $(l:bloodmagic:alchemy_table/alchemy_table)Alchemy Table$() can be used, amongst other things, for ore doubling, whilst the $(l:bloodmagic:utility/alchemical_reaction_chamber)Alchemical Reaction Chamber$() can triple the output of your ores. Get more ore out of your mining expeditions with the power of blood!"
    },
    {
      "type": "crafting_alchemy_table",
      "heading": "Basic Cutting Fluid",
      "anchor": "cutting_fluid",
      "recipe": "bloodmagic:alchemytable/basic_cutting_fluid_sigil",
      "text": "Basic Cutting Fluid is used for 2x Ore Processing.  It can also be used in the $(l:bloodmagic:utility/alchemical_reaction_chamber)Alchemical Reaction Chamber$(/l) for the same purpose. While a $(l:bloodmagic:alchemy_array/sigil/water)Water Sigil$() is used in this demonstration, a simple $(water)Bottle of Water$() may be substituted in a pinch, though unlike the sigil, this will be consumed."
    },
    {
      "type": "crafting_alchemy_table",
      "heading": "Intermediate Cutting Fluid",
      "anchor": "intermediate_cutting_fluid",
      "recipe": "bloodmagic:alchemytable/intermediate_cutting_fluid_sigil",
      "text": "Intermediate Cutting Fluid is an improved version that lasts eight times as long and increases crafting speed by 25%. You'll have to go $(l:bloodmagic:dungeons/lobby)Dungeon Delving$() for the $(l:bloodmagic:dungeons/tau_fruit)Tau Oil$(), though."
    },
    {
      "type": "2x_crafting_alchemy_table",
      "a.heading": "Iron Sand",
      "a.recipe": "bloodmagic:alchemytable/sand_iron",
      "b.heading": "Gold Sand",
      "b.recipe": "bloodmagic:alchemytable/sand_gold"
    },
    {
      "type": "patchouli:smelting",
      "recipe": "bloodmagic:smelting/ingot_iron",
      "recipe2": "bloodmagic:smelting/ingot_gold"
    },
    {
      "type": "crafting_alchemy_table",
      "heading": "Explosive Powder",
      "anchor": "ore_processing",
      "recipe": "bloodmagic:alchemytable/explosive_powder",
      "text": "$(item)Explosive Powder$() in the $(item)ARC$() is used to turn $(item)Ores$() into $(item)Ore Fragments$() for $(thing)3x Ore Processing$(), or turn $(item)Ingots$() into their $(item)Sand$() variant. It can also turn $(fire)Netherrack$() into $(air)Sulfur$() and 5mb of $(fire)Lava$()."
    },
    {
      "type": "3x_crafting_arc",
      "a.heading": "Ore to 3 Ore Fragments",
      "a.recipe": "bloodmagic:arc/fragmentsiron",
      "b.heading": "Ingot to Metal Sand",
      "b.recipe": "bloodmagic:arc/dustsfrom_ingot_iron",
      "c.heading": "Sulfur and Lava",
      "c.recipe": "bloodmagic:arc/netherrack_to_sulfer",
      "c.fluid_output": "minecraft:lava_bucket"
    },
    {
      "type": "crafting_soulforge",
      "heading": "Resonator",
      "recipe": "bloodmagic:soulforge/primitive_crystalline_resonator",
      "text": "The $(item)Resonator$() is used to turn $(item)Ore Fragments$() into the relevant $(item)Gravel$() for continued ore processing, and creates some $(item)tiny dusts$() that are NYI."
    },
    {
      "type": "crafting_arc",
      "heading": "Fragment to Gravel",
      "recipe": "bloodmagic:arc/gravelsiron"
    },
    {
      "type": "text",
      "text": "$(item)Cutting Fluid$() is used to turn a metal's $(item)Gravel$() into that metal's $(item)Sand$() for continued $(thing)3x ore processing$(). It can also turn an $(item)ore$() directly into two metal Sands for $(thing)2x Ore Processing$(). The same $(thing)2x Ore Processing$() is possible in the $(l:bloodmagic:alchemy_table/alchemy_table)Alchemy Table$(), but doing it in the $(item)ARC$() will save you some $(blood)LP$()."
    },
    {
      "type": "2x_crafting_arc",
      "a.heading": "Metal Gravel to Metal Sand",
      "a.recipe": "bloodmagic:arc/dustsfrom_gravel_iron",
      "b.heading": "Ore to 2 Metal Sand",
      "b.recipe": "bloodmagic:arc/dustsfrom_ore_iron"
    },
    {
      "type": "crafting",
      "heading": "Fuel Cell (Furnace)",
      "recipe": "bloodmagic:primitive_furnace_cell",
      "text": "The $(item)ARC$() also functions as a $(thing)Furnace$(), but the only fuel sources it accepts is the $(item)Primitive Fuel Cell$() or a $(l:bloodmagic:utility/lava_crystal)Lava Crystal$(/l)."
    },
    {
      "type": "text",
      "text": "The $(item)Primitive Fuel Cell$() is good for 128 individual uses. That's more than the $(item)Block of Coal$() used to craft it (60 items), and since it only loses durability when the crafting is finished it will not waste fuel."
    }
  ]
}
