{
    "name": "挖掘疲勞",
    "icon": "minecraft:textures/mob_effect/mining_fatigue.png",
    "category": "apotheosis:potion/recipes",
    "flag": "apotheosis:potion",
    "sortnum": 0,
    "pages": [
        {
            "type": "patchouli:text",
            "text": "$(c)挖掘疲勞$()是一種負面效果，通常只有遠古深海守衛才能使用。$(p)挖掘速度每級降低 20%。$(p)與$(9)挖掘加速$()正好相反。"
        },
        {
            "type": "patchouli:spotlight",
            "title": "釀造配方",
            "item": "minecraft:fermented_spider_eye",
            "text": "這種藥水可以用$(9)挖掘加速藥水$()和發酵蜘蛛眼來製作。$(p)它可以用通常的成分延長時效、強化或變成噴濺藥水。"
        }
    ]
}