{
    "name": "抗性",
    "icon": "minecraft:textures/mob_effect/resistance.png",
    "category": "apotheosis:potion/recipes",
    "flag": "apotheosis:potion",
    "sortnum": 0,
    "pages": [
        {
            "type": "patchouli:text",
            "text": "$(9)抗性$()是一個非常有用的效果，在原版中沒有釀造配方。$(p)每個等級減少 +20%受到所有來源的傷害。$(p)你還需要用它來製作$( l:apotheosis:potion/effects/sundering)破甲$()藥水。"
        },
        {
            "type": "patchouli:spotlight",
            "title": "釀造配方",
            "item": "minecraft:shulker_shell",
            "text": "這種藥水可以用基礎藥水和界伏殼製作。$(p)它可以用通常的成分延長時效、強化或變成噴濺藥水。"
        }
    ]
}