{
    "name": "生物生怪磚",
    "icon": "minecraft:spawner",
    "category": "apotheosis:spawner/spawner",
    "flag": "apotheosis:spawner",
    "sortnum": -1,
    "pages": [
        {
            "type": "patchouli:text",
            "text": "$(9)生物生怪磚是一個神奇的方塊，可以從虛無中吸引實體.$(p)但你已經知道了，所以讓我們開始新的東西.$(p)在Apotheosis中，生怪磚可以使用$(9)絲綢之觸"
        },
        {
            "type": "patchouli:text",
            "text": "以這種方式收穫生怪磚將產生額外的耐久消耗。$(p)生怪磚有一系列控制其功能的$(l:apotheosis:spawner/stats)生怪磚統計數據$()。$(p)這些統計數據可以使用 $(l:apotheosis:spawner/modifiers)生怪磚強化$() 進行更改。"
        }
    ]
}