{
    "name": "附魔儲備台",
    "icon": "apotheosis:enchantment_library",
    "category": "apotheosis:enchanting/utility",
    "flag": "apotheosis:enchanting",
    "sortnum": 2,
    "pages": [
        {
            "type": "patchouli:text",
            "text": "附魔儲備台是附魔的存儲系統。$(p)只需放入附魔書，書上的每一個附魔都會被存儲為點數。"
        },
        {
            "type": "patchouli:text",
            "text": "每個附魔儲備台都有一個$(6)等級容量$()，代表它可以存儲的最高等級的附魔。$(p)多餘的附魔失效。"
        },
        {
            "type": "patchouli:text",
            "text": "點擊存儲的附魔將提取該附魔的一個等級。$(p)按住Shift鍵點擊存儲的附魔將提取盡可能多的等級。$(p)並根據需要在輸出槽中生成附魔書。"
        },
        {
            "type": "patchouli:text",
            "text": "你也可以在輸出槽中放置一本書以添加附魔。$(p)附魔儲備台記錄了每個放入附魔的最高等級，並且最多只能提取到該等級。"
        },
        {
            "type": "patchouli:crafting",
            "recipe": "apotheosis:enchantment_library",
            "text": "標準$(9)附魔儲備台$()的$(6)等級容量$()為十六 (XVI)。"
        },
        {
            "type": "patchouli:spotlight",
            "item": "apotheosis:ender_library",
            "link_recipe": true,
            "text": "$(9)亞歷山大儲備台$()的$(6)等級容量$()為 31 (XXXI)。$(p)它無法被直接合成出來，必須使用$(l:apotheosis:enchanting/table/infusion)灌注附魔$()."
        }
    ]
}