{
  "name": "高級流體壓縮機",
  "icon": "pneumaticcraft:advanced_liquid_compressor",
  "category": "compressors",
  "advancement": "pneumaticcraft:advanced_pressure_tube",
  "pages": [
    {
      "type": "text",
      "text": "$(item)高級流體壓縮機/$是$(l:compressors/liquid_compressor)流體壓縮機/$的$(l:base_concepts/pressure_tiers)二級/$版本，最大安全壓力為 20 bar。其基礎空氣產率為 50mL/t，可以通過$(l:base_concepts/upgrades#speed)速度升級/$以升級。$(p)然而，該壓縮機必須被$(l:base_concepts/heat)冷卻/$，因為其效率隨著溫度的增高而降低，直到不產生任何空氣。"
    },
    {
      "type": "crafting",
      "text": "$(item)高級流體壓縮機/$的合成表",
      "recipe": "pneumaticcraft:advanced_liquid_compressor"
    }
  ]
}