{
  "name": "Advanced Air Compressor",
  "icon": "pneumaticcraft:advanced_air_compressor",
  "category": "compressors",
  "advancement": "pneumaticcraft:advanced_pressure_tube",
  "pages": [
    {
      "type": "text",
      "text": "The $(item)Advanced Air Compressor/$ is the $(l:base_concepts/pressure_tiers)tier 2/$ version of the $(l:compressors/air_compressor)Air Compressor/$, with a maximum safe pressure of 20 bar. It generates a $(ttcolor)$(t:This can be increased by installing Speed Upgrades)base/$ 50mL air/tick, and can be upgraded with $(l:base_concepts/upgrades#speed)Speed Upgrades/$.$(p)However, this generator must be $(l:base_concepts/heat)cooled/$, as its efficiency will drop as the temperature rises, up to the point where no air is generated at all."
    },
    {
      "type": "crafting",
      "text": "Creating an $(item)Advanced Air Compressor/$",
      "recipe": "pneumaticcraft:advanced_air_compressor"
    }
  ]
}