{
  "name": "空氣壓縮機",
  "icon": "pneumaticcraft:air_compressor",
  "category": "compressors",
  "advancement": "pneumaticcraft:pressure_tube",
  "pages": [
    {
      "type": "text",
      "text": "$(item)空氣壓縮機/$是一個建議的用於生成$(l:base_concepts/pressure)壓縮空氣/$的機器。其將使用任何可在原版$(item)熔爐/$的固體燃料，用於產生$(ttcolor)$(t:這可以透過安裝速度升級來增加)基礎/$速率為 10mL/t 的空氣。$(p)該機器$(italic)不/$接受$(item)熔岩桶/$，或者說，任何桶裝液體燃料；要使用這些燃料，使用$(l:compressors/liquid_compressor)流體壓縮機/$。"
    },
    {
      "type": "crafting",
      "text": "$(item)空氣壓縮機/$的合成表",
      "recipe": "pneumaticcraft:air_compressor"
    }
  ]
}
