{
  "name": "創造模式壓縮機",
  "icon": "pneumaticcraft:creative_compressor",
  "category": "compressors",
  "advancement": "pneumaticcraft:pressure_tube",
  "pages": [
    {
      "type": "text",
      "text": "$(item)創造模式壓縮機/$是一個不可合成的$(l:base_concepts/pressure)空氣壓縮機/$。$(p)在壓縮機介面裡選擇所需壓力，其將在與之連接的所有管道和機器中維持這一壓力。"
    },
    {
      "type": "spotlight",
      "item": "pneumaticcraft:creative_compressor",
      "text": "$(italic)合成表？什麼合成表？/$"
    }
  ]
}
