{
  "name": "Creative Compressor",
  "icon": "pneumaticcraft:creative_compressor",
  "category": "compressors",
  "advancement": "pneumaticcraft:pressure_tube",
  "pages": [
    {
      "type": "text",
      "text": "The $(item)Creative Compressor/$ is a non-craftable $(l:base_concepts/pressure)air compressor/$.$(p)Simply select the desired pressure in the compressor's GUI, and it will maintain that pressure in all connected pipes and machines."
    },
    {
      "type": "spotlight",
      "item": "pneumaticcraft:creative_compressor",
      "text": "$(italic)Recipe? What recipe?/$"
    }
  ]
}
