{
  "name": "Liquid Compressor",
  "icon": "pneumaticcraft:liquid_compressor",
  "category": "compressors",
  "advancement": "pneumaticcraft:pressure_tube",
  "pages": [
    {
      "type": "text",
      "text": "The $(item)Liquid Compressor/$ is a simple generator which can produce $(l:base_concepts/pressure)compressed air/$. It burns liquid fuels to do so; to see which fuels you can use and their effectiveness, open up the $(bold)Available Fuels/$ tab in the Liquid Compressor's GUI. Note that this also includes high-temperature fluids such as lava."
    },
    {
      "type": "crafting",
      "text": "Creating a $(item)Liquid Compressor/$",
      "recipe": "pneumaticcraft:liquid_compressor"
    }
  ]
}
