{
  "name": "束靈進化",
  "icon": "bloodmagic:livingplate",
  "category": "bloodmagic:rituals/ritual_list",
  "pages": [
    {
      "type": "multiblock",
      "name": "束靈進化",
      "multiblock": {
        "pattern": [
          [
            "_________",
            "_________",
            "_________",
            "____E____",
            "___E_E___",
            "____E____",
            "_________",
            "_________",
            "_________"
          ],
          [
            "_________",
            "_E_____E_",
            "_________",
            "___D_D___",
            "_________",
            "___D_D___",
            "_________",
            "_E_____E_",
            "_________"
          ],
          [
            "_________",
            "_E_____E_",
            "_________",
            "_________",
            "_________",
            "_________",
            "_________",
            "_E_____E_",
            "_________"
          ],
          [
            "_________",
            "_E_____E_",
            "_________",
            "___D_D___",
            "_________",
            "___D_D___",
            "_________",
            "_E_____E_",
            "_________"
          ],
          [
            "____E____",
            "_E_____E_",
            "__FF_FF__",
            "__FD_DF__",
            "E___0___E",
            "__FD_DF__",
            "__FF_FF__",
            "_E_____E_",
            "____E____"
          ]
        ],
        "mapping": {
          "0": "血魔法：主儀式石",
          "F": "bloodmagic:fireritualstone",
          "E": "bloodmagic:earthritualstone",
          "D": "bloodmagic:duskritualstone"
        },
        "symetrical": true
      },
      "text": "Use a $(l:bloodmagic:rituals/ritual_diviner#dusk)Ritual Diviner [Dusk]$(/l) for easier construction."
    },
    {
      "type": "text",
      "text": "Increases the amount of maximum Upgrade Points on your Living Armor to 300.$(br2)$(fire)Fire Runes: 12$(br)$(earth)Earth Runes: 24$(br)$()Dusk Runes: 12$(br2)$()Total Runes: 48"
    }
  ]
}
