{
  "name": "牧養儀式",
  "icon": "minecraft:white_wool",
  "category": "bloodmagic:rituals/ritual_list",
  "pages": [
    {
      "type": "multiblock",
      "name": "牧養儀式",
      "multiblock_id": "bloodmagic:animal_growth",
      "text": "Use a $(l:bloodmagic:rituals/ritual_diviner#dusk)Ritual Diviner [Dusk]$(/l) for easier construction."
    },
    {
      "type": "text",
      "ritual": "animal_growth"
    },
    {
      "type": "spotlight",
      "ritual": "animal_growth",
      "page_type": "raw",
      "text_overrides": [
        [
          "Raw Will",
          "raw"
        ]
      ]
    },
    {
      "type": "spotlight",
      "ritual": "animal_growth",
      "page_type": "vengeful"
    },
    {
      "type": "spotlight",
      "ritual": "animal_growth",
      "page_type": "destructive"
    },
    {
      "type": "spotlight",
      "ritual": "animal_growth",
      "page_type": "steadfast",
      "text_overrides": [
        [
          "chest",
          "item"
        ]
      ]
    },
    {
      "type": "spotlight",
      "ritual": "animal_growth",
      "page_type": "growing"
    },
    {
      "type": "spotlight",
      "ritual": "animal_growth",
      "page_type": "chest",
      "text": "(Chest) Chest for breeding items (if properly augmented, requires $(steadfast)Steadfast Will$()).$(br) $(li)Maximum Volume: 1 $(li)Horizontal Radius: 3 $(li)Vertical Radius: 3"
    }
  ]
}
