{
  "name": "束靈進化",
  "icon": "bloodmagic:livingplate",
  "category": "bloodmagic:rituals/ritual_list",
  "pages": [
    {
      "type": "multiblock",
      "name": "束靈進化",
      "multiblock_id": "bloodmagic:armour_evolve",
      "text": "Use a $(l:bloodmagic:rituals/ritual_diviner#dusk)Ritual Diviner [Dusk]$(/l) for easier construction."
    },
    {
      "type": "text",
      "ritual": "armour_evolve",
      "text_overrides": [
        [
          "Living Armor",
          "l:bloodmagic:alchemy_array/living_equipment/living_basics"
        ]
      ],
      "text": "Increases the amount of maximum Upgrade Points on your Living Armor to 300.$(br2)$(fire)Fire Runes: 12$(br)$(earth)Earth Runes: 24$(br)$()Dusk Runes: 12$(br2)$()Total Runes: 48"
    }
  ]
}
