{
  "name": "湧泉儀式",
  "icon": "minecraft:water_bucket",
  "category": "bloodmagic:rituals/ritual_list",
  "pages": [
    {
      "type": "multiblock",
      "name": "湧泉儀式",
      "multiblock_id": "bloodmagic:water",
      "text": "Use a $(l:bloodmagic:rituals/ritual_diviner)Ritual Diviner$(/l) for easier construction."
    },
    {
      "type": "text",
      "ritual": "water",
      "text_overrides": [
        [
          "Master Ritual Stone",
          "l:bloodmagic:rituals/ritual_stones"
        ]
      ]
    },
    {
      "type": "spotlight",
      "ritual": "water",
      "page_type": "waterRange"
    }
  ]
}
