{
  "name": "Call of the Zephyr",
  "icon": "minecraft:hopper",
  "category": "bloodmagic:rituals/ritual_list",
  "pages": [
    {
      "type": "multiblock",
      "name": "Call of the Zephyr",
      "multiblock_id": "bloodmagic:zephyr",
      "text": "Use a $(l:bloodmagic:rituals/ritual_diviner)Ritual Diviner$(/l) for easier construction."
    },
    {
      "type": "text",
      "ritual": "zephyr"
    },
    {
      "type": "spotlight",
      "ritual": "zephyr",
      "page_type": "zephyrRange"
    },
    {
      "type": "spotlight",
      "ritual": "zephyr",
      "page_type": "chest"
    }
  ]
}