{
  "name": "豐收之月",
  "icon": "minecraft:wheat",
  "category": "bloodmagic:rituals/ritual_list",
  "pages": [
    {
      "type": "multiblock",
      "name": "豐收之月",
      "multiblock_id": "bloodmagic:harvest",
      "text": "Use a $(l:bloodmagic:rituals/ritual_diviner#dusk)Ritual Diviner [Dusk]$(/l) for easier construction."
    },
    {
      "type": "text",
      "ritual": "harvest"
    },
    {
      "type": "spotlight",
      "ritual": "harvest",
      "page_type": "harvestRange"
    }
  ]
}
