{
  "name": "重生儀式",
  "icon": "minecraft:golden_apple",
  "category": "bloodmagic:rituals/ritual_list",
  "pages": [
    {
      "type": "multiblock",
      "name": "重生儀式",
      "multiblock_id": "bloodmagic:regeneration",
      "text": "Use a $(l:bloodmagic:rituals/ritual_diviner#dusk)Ritual Diviner [Dusk]$(/l) for easier construction."
    },
    {
      "type": "text",
      "ritual": "regeneration"
    },
    {
      "type": "spotlight",
      "ritual": "regeneration",
      "page_type": "corrosive"
    },
    {
      "type": "spotlight",
      "ritual": "regeneration",
      "page_type": "heal"
    },
    {
      "type": "spotlight",
      "ritual": "regeneration",
      "page_type": "vampire",
      "text": "(Vampirism) Mobs within this range have their health syphoned to heal players in the Healing range. $(br) $(li)Maximum Volume: Full Range. $(li)Horizontal Radius: 20 $(li)Vertical Radius: 20"
    }
  ]
}
