{
  "name": "挖掘儀式",
  "icon": "minecraft:iron_pickaxe",
  "category": "bloodmagic:rituals/ritual_list",
  "pages": [
    {
      "type": "multiblock",
      "name": "挖掘儀式",
      "multiblock_id": "bloodmagic:crushing",
      "text": "Use a $(l:bloodmagic:rituals/ritual_diviner#dusk)Ritual Diviner [Dusk]$(/l) for easier construction."
    },
    {
      "type": "text",
      "ritual": "crushing"
    },
    {
      "type": "spotlight",
      "ritual": "crushing",
      "page_type": "raw",
      "text_overrides": [
        [
          "Raw Will",
          "raw"
        ]
      ]
    },
    {
      "type": "spotlight",
      "ritual": "crushing",
      "page_type": "corrosive",
      "text_overrides": [
        [
          "Cutting Fluid",
          "l:bloodmagic:alchemy_table/alchemy_table#cutting_fluid"
        ],
        [
          "Silk Touch",
          "item"
        ]
      ]
    },
    {
      "type": "spotlight",
      "ritual": "crushing",
      "page_type": "vengeful",
      "text": "Compresses the inventory on successful operation (e.g. coal into Coal Blocks, Redstone into Blocks of Redstone, etc). Currently only does one compression per operation."
    },
    {
      "type": "spotlight",
      "ritual": "crushing",
      "page_type": "destructive",
      "text_overrides": [
        [
          "Fortune III",
          "item"
        ]
      ]
    },
    {
      "type": "spotlight",
      "ritual": "crushing",
      "page_type": "steadfast",
      "text_overrides": [
        [
          "Silk Touch",
          "item"
        ],
        [
          "Fortune",
          "item"
        ]
      ]
    },
    {
      "type": "spotlight",
      "ritual": "crushing",
      "page_type": "chest"
    },
    {
      "type": "spotlight",
      "ritual": "crushing",
      "page_type": "crushingRange"
    }
  ]
}
