{
  "name": "綠叢儀式",
  "icon": "minecraft:bone_meal",
  "category": "bloodmagic:rituals/ritual_list",
  "pages": [
    {
      "type": "multiblock",
      "name": "綠叢儀式",
      "multiblock_id": "bloodmagic:green_grove",
      "text": "Use a $(l:bloodmagic:rituals/ritual_diviner)Ritual Diviner$(/l) for easier construction."
    },
    {
      "type": "text",
      "ritual": "green_grove"
    },
    {
      "type": "spotlight",
      "ritual": "green_grove",
      "page_type": "raw",
      "text_overrides": [
        [
          "Raw Will",
          "raw"
        ]
      ]
    },
    {
      "type": "spotlight",
      "ritual": "green_grove",
      "page_type": "corrosive"
    },
    {
      "type": "spotlight",
      "ritual": "green_grove",
      "page_type": "vengeful"
    },
    {
      "type": "spotlight",
      "ritual": "green_grove",
      "page_type": "destructive",
      "text_overrides": [
        [
          "Destructive Will",
          "destructive"
        ]
      ]
    },
    {
      "type": "spotlight",
      "ritual": "green_grove",
      "page_type": "steadfast"
    },
    {
      "type": "spotlight",
      "ritual": "green_grove",
      "page_type": "growing"
    },
    {
      "type": "spotlight",
      "ritual": "green_grove",
      "page_type": "hydrate"
    },
    {
      "type": "spotlight",
      "ritual": "green_grove",
      "page_type": "leech"
    }
  ]
}
