{
  "name": "苦難之井",
  "icon": "bloodmagic:life_essence_bucket",
  "category": "bloodmagic:rituals/ritual_list",
  "pages": [
    {
      "type": "multiblock",
      "name": "Well Of Suffering",
      "multiblock_id": "bloodmagic:well_of_suffering",
      "text": "Use a $(l:bloodmagic:rituals/ritual_diviner#dusk)Ritual Diviner [Dusk]$(/l) for easier construction."
    },
    {
      "type": "text",
      "ritual": "well_of_suffering",
      "text_overrides": [
        [
          "LP",
          "blood"
        ],
        [
          "blood altar",
          "l:bloodmagic:altar/blood_altar"
        ]
      ]
    },
    {
      "type": "text",
      "text": "(Altar) The area that the ritual searches for a $(l:bloodmagic:altar/blood_altar)Blood Altar$() to deposit its Blood into. $(br2)$(li)Maximum Volume: Full Range. $(li)Horizontal Radius: 10 $(li)Vertical Radius: 15 "
    },
    {
      "type": "spotlight",
      "ritual": "well_of_suffering",
      "page_type": "altar",
      "text": "(Damage) All mobs within this area will take damage every second or so until they die. This does not include players, fortunately. $(br2)Mobs will drop $(item)Items$(), so be sure to set up something to clean up the mess. $(br2)$(li)Maximum Volume: Full Range. $(li)Horizontal Radius: 15 $(li)Vertical Radius: 15 ",
      "text_overrides": [
        [
          "Blood Altar",
          "l:bloodmagic:altar/blood_altar"
        ],
        [
          " Blood",
          "blood"
        ]
      ]
    },
    {
      "type": "spotlight",
      "ritual": "well_of_suffering",
      "page_type": "damage",
      "text": "Mobs will still drop non-Player Kill mob drops."
    }
  ]
}
