{
  "name": "凈靈之音",
  "icon": "bloodmagic:upgradetome",
  "category": "bloodmagic:rituals/ritual_list",
  "pages": [
    {
      "type": "multiblock",
      "name": "凈靈之音",
      "multiblock_id": "bloodmagic:upgrade_remove",
      "text": "Use a $(l:bloodmagic:rituals/ritual_diviner#dusk)Ritual Diviner [Dusk]$(/l) for easier construction."
    },
    {
      "type": "text",
      "ritual": "upgrade_remove",
      "text_overrides": [
        [
          "Living Armor",
          "l:bloodmagic:alchemy_array/living_equipment/living_basics"
        ],
        [
          "Upgrade Tomes",
          "l:bloodmagic:alchemy_array/living_equipment/living_tomes"
        ]
      ]
    }
  ]
}
