{
  "name": "凈靈之音",
  "icon": "血魔法：升級卷",
  "category": "bloodmagic:rituals/ritual_list",
  "pages": [
    {
      "type": "multiblock",
      "name": "凈靈之音",
      "multiblock": {
        "pattern": [
          [
            "_________",
            "_________",
            "_________",
            "____A____",
            "___A_A___",
            "____A____",
            "_________",
            "_________",
            "_________"
          ],
          [
            "_________",
            "_E_____E_",
            "_________",
            "___W_W___",
            "_________",
            "___W_W___",
            "_________",
            "_E_____E_",
            "_________"
          ],
          [
            "_________",
            "_E_____E_",
            "_________",
            "_________",
            "_________",
            "_________",
            "_________",
            "_E_____E_",
            "_________"
          ],
          [
            "_________",
            "_E_____E_",
            "_________",
            "___W_W___",
            "_________",
            "___W_W___",
            "_________",
            "_E_____E_",
            "_________"
          ],
          [
            "____E____",
            "_E_____E_",
            "__FF_FF__",
            "__FD_DF__",
            "E___0___E",
            "__FD_DF__",
            "__FF_FF__",
            "_E_____E_",
            "____E____"
          ]
        ],
        "mapping": {
          "0": "血魔法：主儀式石",
          "W": "bloodmagic:waterritualstone",
          "A": "bloodmagic:airritualstone",
          "F": "bloodmagic:fireritualstone",
          "E": "bloodmagic:earthritualstone",
          "D": "bloodmagic:duskritualstone"
        },
        "symetrical": true
      },
      "text": "Use a $(l:bloodmagic:rituals/ritual_diviner#dusk)Ritual Diviner [Dusk]$(/l) for easier construction."
    },
    {
      "type": "text",
      "text": "Removes all upgrades (and downgrades) from your $(l:bloodmagic:alchemy_array/living_equipment/living_basics)Living Armour$() and gives you the corresponding Upgrade (and Downgrade) $(l:bloodmagic:alchemy_array/living_equipment/living_upgrades)Tomes$(). You can right click while holding one of these $(item)Tomes$() to re-apply them to your $(l:bloodmagic:alchemy_array/living_equipment/living_basics)Living Armour$() again.$(br2)$(water)Water Runes: 8 $(br)$(air)Air Runes: 4 $(br)$(fire)Fire Runes: 12 $(br)$(earth)Earth Runes: 20 $(br)$()Dusk Runes: 4 $(br2)$()Total Runes: 48"
    }
  ]
}
