{
  "name": "橢球的焦點",
  "icon": "minecraft:bucket",
  "category": "bloodmagic:rituals/ritual_list",
  "pages": [
    {
      "type": "multiblock",
      "name": "橢球的焦點",
      "multiblock_id": "bloodmagic:ellipsoid",
      "text": "Use a $(l:bloodmagic:rituals/ritual_diviner#dusk)Ritual Diviner [Dusk]$(/l) for easier construction."
    },
    {
      "type": "text",
      "ritual": "ellipsoid"
    },
    {
      "type": "text",
      "text": "(Chest) The location of the inventory that the ritual will grab blocks from to place in the world. $(br) $(li)Maximum Volume: 1 $(li)Horizontal Radius: 3 $(li)Vertical Radius: 3"
    },
    {
      "type": "spotlight",
      "ritual": "ellipsoid",
      "page_type": "chest"
    },
    {
      "type": "spotlight",
      "ritual": "ellipsoid",
      "page_type": "spheroidRange"
    }
  ]
}
