{
  "name": "地獄夜曲",
  "icon": "minecraft:lava_bucket",
  "category": "bloodmagic:rituals/ritual_list",
  "pages": [
    {
      "type": "multiblock",
      "name": "地獄夜曲",
      "multiblock": {
        "pattern": [
          [
            "_F_",
            "F0F",
            "_F_"
          ]
        ],
        "mapping": {
          "0": "bloodmagic:masterritualstone",
          "F": "bloodmagic:fireritualstone"
        },
        "symetrical": true
      },
      "text": "Use a $(l:bloodmagic:rituals/ritual_diviner)Ritual Diviner$(/l) for easier construction."
    },
    {
      "type": "text",
      "text": "Generates a source of lava from the master ritual stone.$(br2)$(fire)Fire Runes: 4$()$(br2)Total Runes: 4"
    },
    {
      "type": "spotlight",
      "item": "bloodmagic:defaultcrystal",
      "title": "原生",
      "text": "Decreases the LP cost of placing lava and allows the lava to be directly placed into a tank or other fluid-handling block."
    },
    {
      "type": "spotlight",
      "item": "bloodmagic:corrosivecrystal",
      "title": "腐蝕",
      "text": "Entities within range that are immune to fire (e.g. pigmen, blazes) are damaged severely."
    },
    {
      "type": "spotlight",
      "item": "bloodmagic:vengefulcrystal",
      "title": "覆仇",
      "text": "Entities in this range are afflicted by Fire Fuse. When the debuff ends, they will do a wonderful impression of a firework."
    },
    {
      "type": "spotlight",
      "item": "bloodmagic:destructivecrystal",
      "title": "破壞",
      "text": "Lava placement range is increased based on the total amount of $(destructive)Destructive Will$() in the Aura."
    },
    {
      "type": "spotlight",
      "item": "bloodmagic:steadfastcrystal",
      "title": "堅毅",
      "text": "Players in this range have Fire Resist applied."
    },
    {
      "type": "spotlight",
      "item": "bloodmagic:ritualtinkerer",
      "title": "範圍",
      "text": "(Lava) The area that the ritual will place lava source blocks. $(br) $(li)Maximum Volume: 9 $(li)Horizontal Radius: 3 $(li)Vertical Radius: 3"
    },
    {
      "type": "spotlight",
      "item": "bloodmagic:ritualtinkerer",
      "title": "範圍",
      "text": "(Corrosive) Entities within this range that are immune to fire damage are hurt proportional to the Will. $(br) $(li)Maximum Volume: Full Range. $(li)Horizontal Radius: 10 $(li)Vertical Radius: 10"
    },
    {
      "type": "spotlight",
      "item": "bloodmagic:ritualtinkerer",
      "title": "範圍",
      "text": "(Vengeful) Entities in this range are afflicted by Fire Fuse. $(br) $(li)Maximum Volume: Full Range. $(li)Horizontal Radius: 10 $(li)Vertical Radius: 10"
    },
    {
      "type": "spotlight",
      "item": "bloodmagic:ritualtinkerer",
      "title": "範圍",
      "text": "(Steadfast) Players in this range have Fire Resist applied. $(br) $(li)Maximum Volume: Full Range. $(li)Horizontal Radius: 10 $(li)Vertical Radius: 10"
    },
    {
      "type": "spotlight",
      "item": "bloodmagic:ritualtinkerer",
      "title": "範圍",
      "text": "(Raw) The tank that the ritual will place lava into. $(br) $(li)Maximum Volume: 1 $(li)Horizontal Radius: 10 $(li)Vertical Radius: 10"
    }
  ]
}