{
  "name": "地獄夜曲",
  "icon": "minecraft:lava_bucket",
  "category": "bloodmagic:rituals/ritual_list",
  "pages": [
    {
      "type": "multiblock",
      "name": "地獄夜曲",
      "multiblock_id": "bloodmagic:lava",
      "text": "Use a $(l:bloodmagic:rituals/ritual_diviner)Ritual Diviner$(/l) for easier construction."
    },
    {
      "type": "text",
      "ritual": "lava",
      "text_overrides": [
        [
          "master ritual stone",
          "l:bloodmagic:rituals/ritual_stones"
        ]
      ]
    },
    {
      "type": "spotlight",
      "ritual": "lava",
      "page_type": "raw",
      "text_overrides": [
        [
          "LP",
          "blood"
        ],
        [
          "tank",
          "item"
        ]
      ]
    },
    {
      "type": "spotlight",
      "ritual": "lava",
      "page_type": "corrosive",
      "text": "Entities within range that are immune to fire (e.g. pigmen, blazes) are damaged severely."
    },
    {
      "type": "spotlight",
      "ritual": "lava",
      "page_type": "vengeful",
      "text_overrides": [
        [
          "Fire Fuse",
          "thing"
        ]
      ],
      "text": "Entities in this range are afflicted by Fire Fuse. When the debuff ends, they will do a wonderful impression of a firework."
    },
    {
      "type": "spotlight",
      "ritual": "lava",
      "page_type": "destructive",
      "text_overrides": [
        [
          "Destructive Will",
          "destructive"
        ]
      ]
    },
    {
      "type": "spotlight",
      "ritual": "lava",
      "page_type": "steadfast",
      "text_overrides": [
        [
          "Fire Resistance",
          "thing"
        ]
      ]
    },
    {
      "type": "spotlight",
      "ritual": "lava",
      "page_type": "lavaRange"
    },
    {
      "type": "spotlight",
      "ritual": "lava",
      "page_type": "fireDamage",
      "text_overrides": [
        [
          "Corrosive Will",
          "corrosive"
        ]
      ]
    },
    {
      "type": "spotlight",
      "ritual": "lava",
      "page_type": "fireFuse",
      "text_overrides": [
        [
          "Fire Fuse",
          "thing"
        ]
      ]
    },
    {
      "type": "spotlight",
      "ritual": "lava",
      "page_type": "fireResist",
      "text_overrides": [
        [
          "Fire Resistance",
          "thing"
        ]
      ]
    },
    {
      "type": "spotlight",
      "ritual": "lava",
      "page_type": "lavaTank",
      "text_overrides": [
        [
          "tank",
          "item"
        ]
      ]
    }
  ]
}
