{
  "name": "碎晶裂紋",
  "icon": "bloodmagic:defaultcrystal",
  "category": "bloodmagic:rituals/ritual_list",
  "pages": [
    {
      "type": "multiblock",
      "name": "碎晶裂紋",
      "multiblock_id": "bloodmagic:crystal_harvest",
      "text": "Use a $(l:bloodmagic:rituals/ritual_diviner#dusk)Ritual Diviner [Dusk]$(/l) for easier construction."
    },
    {
      "type": "text",
      "ritual": "crystal_harvest",
      "text_overrides": [
        [
          "Demon Will Crystal Clusters",
          "l:bloodmagic:demon_will/will_manipulation/crystallized_will"
        ],
        [
          "aspects",
          "l:bloodmagic:demon_will/will_manipulation/aspected_will"
        ]
      ]
    },
    {
      "type": "spotlight",
      "ritual": "crystal_harvest",
      "page_type": "crystal",
      "text_overrides": [
        [
          "Demon Will",
          "raw"
        ]
      ]
    }
  ]
}
