{
    "name": "book.enigmaticlockbox.entry.cosmic_scroll.name",
    "icon": "enigmaticlegacy:cosmic_scroll",
    "category": "enigmaticlegacy:accessories",
    "advancement": "enigmaticlockbox:book/accessories/cosmic_scroll_obscure",
    "secret": true,
    "priority": false,
    "read_by_default": false,
    "sortnum": 180,
    "pages": [
        {
            "type": "text",
            "text": "book.enigmaticlockbox.entry.cosmic_scroll.page.1"
        },
        {
            "type": "enigmaticlegacy:hidden_crafting",
            "recipe": "enigmaticlegacy:cosmic_scroll",
            "heading": " ",
            "text": "book.enigmaticlockbox.entry.cosmic_scroll.page.2"
        }
    ]
}