{
  "category": "bewitchment:sigils",
  "name": "Shadows",
  "icon": "bewitchment:shadows_sigil",
  "advancement": "minecraft:nether/find_fortress",
  "sortnum": 1,
  "pages": [
    {
      "type": "text",
      "text": "The Shadows $(l:bewitchment:sigils/using_sigils)Passive Sigil$() casts a magical aura of darkness around it, preventing scrying from $(l:bewitchment:tools/crystal_ball)Crystal Balls$() that aim around it."
    },
    {
      "type": "crafting",
      "recipe": "bewitchment:shadows_sigil"
    }
  ]
}
