{
  "category": "bewitchment:sigils",
  "name": "Slippery",
  "icon": "bewitchment:slippery_sigil",
  "advancement": "minecraft:nether/find_fortress",
  "sortnum": 1,
  "pages": [
    {
      "type": "text",
      "text": "The Slippery $(l:bewitchment:sigils/using_sigils)Passive Sigil$() will make it impossible for anyone affected to properly handle fine items such as $(l:bewitchment:tools/taglock)Taglocks$(), making it a viable protective method."
    },
    {
      "type": "crafting",
      "recipe": "bewitchment:slippery_sigil"
    }
  ]
}
