{
  "name": "炸藥",
  "icon": "bloodmagic:shaped_charge",
  "category": "bloodmagic:demon_will/demonic_items",
  "extra_recipe_mappings": [
    [
      "bloodmagic:shaped_charge",
      2
    ],
    [
      "bloodmagic:deforester_charge",
      4
    ],
    [
      "bloodmagic:veinmine_charge",
      6
    ],
    [
      "bloodmagic:fungal_charge",
      8
    ]
  ],
  "pages": [
    {
      "type": "text",
      "text": "對於那些沒有遠大目標的人來說，\n造林、伐木與採礦都是不錯的選擇，\n但是哪位有自尊的血法師會屈服於這一點呢？\n$(br2)考慮到這一點，你設計了一些狡猾的小道具。\n只需將它們扔在一些討厭的樹、岩石或其他任何你不想成為的東西上，\n然後等待它們自己點燃。"
    },
    {
      "type": "text",
      "text": "Not only that, you can improve their functionality by $(item)Anointing$() them with certain ingredients and a little $(raw)Will$(), as described after each entry. $(br2)The currently available anointments are as follows: $(li)Fortunate - broken blocks are affected by $(thing)Fortune I$(). $(li)Heated Tool - Broken blocks are $(thing)Smelted$(). $(li)Soft Touch - Broken blocks are affected by $(thing)Silk Touch$()."
    },
    {
      "type": "crafting_soulforge",
      "heading": "Shaped Charge",
      "recipe": "bloodmagic:soulforge/shaped_charge",
      "anchor": "shaped_charge",
      "text": "$(item)聚能炸藥$() 將摧毀一個 5x5x5 的立方體，作用方向為它放置的方塊的那一側，就像用鎬開採一樣掉落所有方塊。 它甚至適用於黑曜石，而且在這樣做的同時提供了最令人滿意的 $(o)KABOOM$()。"
    },
    {
      "type": "3x_crafting_soulforge",
      "a.heading": "好運",
      "a.recipe": "bloodmagic:soulforge/shaped_charge_fortune_1",
      "b.heading": "Heated Tool",
      "b.recipe": "bloodmagic:soulforge/shaped_charge_smelting",
      "c.heading": "Soft Touch",
      "c.recipe": "bloodmagic:soulforge/shaped_charge_silk_touch"
    },
    {
      "type": "crafting_soulforge",
      "heading": "Deforester Charge",
      "recipe": "bloodmagic:soulforge/deforester_charge",
      "anchor": "deforester_charge",
      "text": "$(item)伐木炸藥$() 用於砍伐樹木。\n它可以放在原木或樹葉上，除非是超大的樹，不然可以一次砍倒整棵，\n可以一次採集$(item)2組$() 原木（並整齊地剝去它在此過程中遇到的任何樹葉！）即使是叢林巨木也會在幾秒鐘內倒下。"
    },
    {
      "type": "3x_crafting_soulforge",
      "a.heading": "好運",
      "a.recipe": "bloodmagic:soulforge/deforester_charge_fortune_1",
      "b.heading": "Heated Tool",
      "b.recipe": "bloodmagic:soulforge/deforester_charge_smelting",
      "c.heading": "Soft Touch",
      "c.recipe": "bloodmagic:soulforge/deforester_charge_silk_touch"
    },
    {
      "type": "crafting_soulforge",
      "heading": "Controlled Charge",
      "recipe": "bloodmagic:soulforge/vein_charge",
      "anchor": "controlled_charge",
      "text": "The $(item)Controlled Charge$(), only destroys blocks $(thing)identical to the block it lands on$(). It will destroy up to $(item)Three stacks$() of blocks, seeking out from the original point. As with other charges, all mined blocks will be dropped."
    },
    {
      "type": "3x_crafting_soulforge",
      "a.heading": "好運",
      "a.recipe": "bloodmagic:soulforge/vein_charge_fortune_1",
      "b.heading": "Heated Tool",
      "b.recipe": "bloodmagic:soulforge/vein_charge_smelting",
      "c.heading": "Soft Touch",
      "c.recipe": "bloodmagic:soulforge/vein_charge_silk_touch"
    },
    {
      "type": "crafting_soulforge",
      "heading": "Fungal Charge",
      "recipe": "bloodmagic:soulforge/fungal_charge",
      "anchor": "fungal_charge",
      "text": "$(item)菌菇炸藥$() 用於砍伐主世界和地獄的巨型蘑菇。 \n雖說一次爆炸能否達到目的還有待商榷，但它可以破壞約$(item) 三組的方塊$() 。"
    },
    {
      "type": "3x_crafting_soulforge",
      "a.heading": "好運",
      "a.recipe": "bloodmagic:soulforge/fungal_charge_fortune_1",
      "b.heading": "Heated Tool",
      "b.recipe": "bloodmagic:soulforge/fungal_charge_smelting",
      "c.heading": "Soft Touch",
      "c.recipe": "bloodmagic:soulforge/fungal_charge_silk_touch"
    }
  ]
}
