{
  "category": "bewitchment:rituals",
  "name": "Immortality",
  "icon": "minecraft:diamond",
  "advancement": "bewitchment:hidden_unlocks/chalk",
  "pages": [
    {
      "type": "text",
      "text": "This $(l:bewitchment:rituals/rituals)Ritual$() of light is of the highest degree, granting temporary immortality. Any damage -save for void- is completely nullified.$(br2)The effect applies to any living being nearby, and it lasts for around half a day."
    },
    {
      "type": "bewitchment:ritual",
      "recipe": "bewitchment:rituals/immortality"
    }
  ]
}
