{
  "category": "bewitchment:rituals",
  "name": "儀式",
  "icon": "bewitchment:golden_chalk",
  "advancement": "bewitchment:hidden_unlocks/altars",
  "priority": true,
  "pages": [
    {
      "type": "text",
      "text": "Rituals are a powerful magic practice used to have a direct effect on the world. They are cast by drawing circles and throwing in the proper ingredients."
    },
    {
      "type": "text",
      "text": "Rituals need an $(l:bewitchment:introduction/altars)ME$()-providing $(l:bewitchment:introduction/altars)Altar$() nearby; the amount of $(l:bewitchment:introduction/altars)ME$() needed is always noted in the ritual's entry.$(br2)Every ritual has an inner and an optional outer circle drawn with different chalk, depending on the ritual."
    },
    {
      "type": "multiblock",
      "multiblock": {
        "mapping": {
          "g": "bewitchment:glyph",
          "0": "bewitchment:golden_glyph"
        },
        "pattern": [
          [
            "___ggggg___",
            "__g_____g__",
            "_g__ggg__g_",
            "g__g___g__g",
            "g_g_____g_g",
            "g_g__0__g_g",
            "g_g_____g_g",
            "g__g___g__g",
            "_g__ggg__g_",
            "__g_____g__",
            "___ggggg___"
          ]
        ]
      },
      "text": "A Golden Gylph always forms the center of a circle."
    },
    {
      "type": "crafting",
      "recipe": "bewitchment:chalk",
      "recipe2": "bewitchment:golden_chalk",
      "anchor": "chalk"
    },
    {
      "type": "crafting",
      "recipe": "bewitchment:fiery_chalk",
      "recipe2": "bewitchment:eldritch_chalk"
    }
  ]
}
