{
  "name": "血之祭壇",
  "icon": "bloodmagic:altar",
  "category": "bloodmagic:altar",
  "priority": "是",
  "extra_recipe_mappings": [
    [
      "bloodmagic:daggerofsacrifice",
      13
    ]
  ],
  "pages": [
    {
      "type": "text",
      "text": "$(item)血之祭壇$()是血魔法的核心之一，能夠將鮮血轉化成純淨的生命源質，儘管它一開始看起來可能微不足道，但它能在你研究的過程中慢慢發展；是你在探索血魔法中重要的基石。"
    },
    {
      "type": "合成",
      "recipe": "bloodmagic:blood_altar"
    },
    {
      "type": "text",
      "text": "當它被放置後，血之祭壇可以轉化$(1)生命源質$()至物品裡，當你對著血之祭壇點擊右鍵，你可以將手上的物品放入血之祭壇中；而空手再次點擊即可取出物品。"
    },
    {
      "type": "multiblock",
      "name": "一階血之祭壇",
      "multiblock": {
        "pattern": [
          [
            "0"
          ],
          [
            "_"
          ]
        ],
        "mapping": {
          "0": "bloodmagic:altar"
        },
        "symmetrical": true
      },
      "text": "一階血之祭壇的圖示，其中沒有任何符文。"
    },
    {
      "type": "text",
      "text": "為了加點$(1)生命源質$()進去（簡稱為LP），你首要先合成把$(item)犧牲小刀$()來進行犧牲。拿著它朝空中按下右鍵，你會以一顆心的代價\"獻出\"200LP 並被吸收至周遭的血之祭壇內。祭壇的初始最大容量為10,000LP，而裏頭血液的深度將取決於有多少百分比的生命源質在祭壇內。對祭壇使用$(l:bloodmagic:alchemy_array/sigil/divination)占卜印記$(/l)來了解祭壇的詳細資訊。"
    },
    {
      "type": "合成",
      "recipe": "bloodmagic:sacrificial_dagger",
      "anchor": "knife",
      "text": "請銘記，有10%的總LP將會被儲存在祭壇內的隱形\"容器\"裏，可以使這些生命源質被輸入或輸出到其他的地方。"
    },
    {
      "type": "text",
      "text": "血之祭壇會在玩家放入物品後（或等5秒一個週期）開始合成，此時裏頭的LP會慢慢的被吸收、散發出紅色粒子，且開始轉化物品。如果祭壇沒有殘餘的LP了，那合成進度將會停止並逐漸減少，同時迸發出一陣灰煙。只要消耗足夠的LP（消耗的量還需乘上物品的數量），整組物品將被一同轉化為新道具。"
    },
    {
      "type": "text",
      "text": "你需要製作的第一項道具會是$(l:bloodmagic:altar/soul_network)氣血寶珠$(/l)，一般來說它需要顆鑽石並經由血之祭壇灌注2000LP而成。所有在祭壇內才能進行的合成都可以在內JEI找到。"
    },
    {
      "type": "text",
      "anchor": "blank_rune",
      "text": "要升級你的血之祭壇，你需要合成$(item)空白符石$()並圍繞著祭壇放置，這些符石就像給祭壇的強化，而且你還能透過更進階的符文來對祭壇造成不同效果。不過像$(item)空白符石$()，最基礎的符石；除了為你的祭壇升級外，沒有\n其他特別的效果。"
    },
    {
      "type": "合成",
      "recipe": "bloodmagic:blood_rune_blank"
    },
    {
      "type": "text",
      "text": "要將你的祭壇升到第二階，你必須將放置8個$(item)符文$()來圍繞祭壇一圈，這些符文都可以被強化。但是在達到第三階前，四個角落的方塊都不能使用除空白符文外的強化符文。"
    },
    {
      "type": "multiblock",
      "name": "二階血之祭壇",
      "multiblock": {
        "pattern": [
          [
            "___",
            "_0_",
            "___"
          ],
          [
            "___",
            "_A_",
            "___"
          ],
          [
            "BRB",
            "R_R",
            "BRB"
          ]
        ],
        "mapping": {
          "A": "bloodmagic:altar",
          "B": "bloodmagic:blankrune",
          "R": "#bloodmagic:altar_components/bloodrune"
        },
        "symmetrical": true
      },
      "text": "The Tier 2 Blood Altar, which has 8 total runes."
    },
    {
      "type": "text",
      "anchor": "dagger_of_sacrifice",
      "text": "Now that you have a Tier 2 Altar, you can look into getting blood from somewhere other than yourself. The $(item)Dagger of Sacrifice$() will allow you to kill any mob (monster or passive) that stands within 2 blocks of your Altar, instantly killing them and granting you a decent sum of LP. You can increase the amount you get per kill with $(l:bloodmagic:altar/blood_rune/sacrifice_rune)Runes of Sacrifice$(). Different entities give different amounts of LP. Check your configs for more info."
    },
    {
      "type": "crafting_altar",
      "heading": "獻祭刀",
      "recipe": "bloodmagic:altar/daggerofsacrifice",
      "text": "Slaughtering villagers for fun and profit!"
    },
    {
      "type": "text",
      "text": "To upgrade the Blood Altar to Tier 3, place 5 $(item)Blood Runes$() one block down and two blocks away from the previous set of runes along each edge. Then place two blocks (indicated by the $(item)Stone Bricks$()) in each corner, starting above the new ring of runes, and then cap each pillar with $(item)Glowstone Blocks$().$(br)To check that it is successfully upgraded, use a $(l:bloodmagic:alchemy_array/sigil/divination)Divination Sigil$(/l) to check the tier. Note that any non-air block can be used for the pillars below the Glowstone."
    },
    {
      "type": "multiblock",
      "name": "Tier 3 Blood Altar",
      "multiblock": {
        "pattern": [
          [
            "G_____G",
            "_______",
            "_______",
            "___0___",
            "_______",
            "_______",
            "G_____G"
          ],
          [
            "P_____P",
            "_______",
            "_______",
            "___A___",
            "_______",
            "_______",
            "P_____P"
          ],
          [
            "P_____P",
            "_______",
            "__RRR__",
            "__R_R__",
            "__RRR__",
            "_______",
            "P_____P"
          ],
          [
            "_RRRRR_",
            "R_____R",
            "R_____R",
            "R_____R",
            "R_____R",
            "R_____R",
            "_RRRRR_"
          ]
        ],
        "mapping": {
          "A": "bloodmagic:altar",
          "R": "#bloodmagic:altar_components/bloodrune",
          "G": "#bloodmagic:altar_components/glowstone",
          "P": "minecraft:stone_bricks"
        },
        "symmetrical": true
      },
      "text": "The Tier 3 Blood Altar, which has 28 total runes."
    },
    {
      "type": "text",
      "text": "To upgrade the Blood Altar to Tier 4, place 7 $(item) Blood Runes$() one block down and two blocks away from the previous set of runes along each edge. Then place four solid blocks in each corner, starting above the new ring of runes, and then cap each pillar with $(l:bloodmagic:utility/bloodstone_bricks)Bloodstone Bricks$(/l) and/or $(l:bloodmagic:utility/bloodstone_bricks)Large Bloodstone Bricks$(/l)."
    },
    {
      "type": "multiblock",
      "name": "Tier 4 Blood Altar",
      "multiblock": {
        "pattern": [
          [
            "B_________B",
            "___________",
            "___________",
            "___________",
            "___________",
            "___________",
            "___________",
            "___________",
            "___________",
            "___________",
            "B_________B"
          ],
          [
            "P_________P",
            "___________",
            "__G_____G__",
            "___________",
            "___________",
            "_____0_____",
            "___________",
            "___________",
            "__G_____G__",
            "___________",
            "P_________P"
          ],
          [
            "P_________P",
            "___________",
            "__P_____P__",
            "___________",
            "___________",
            "_____A_____",
            "___________",
            "___________",
            "__P_____P__",
            "___________",
            "P_________P"
          ],
          [
            "P_________P",
            "___________",
            "__P_____P__",
            "___________",
            "____RRR____",
            "____R_R____",
            "____RRR____",
            "___________",
            "__P_____P__",
            "___________",
            "P_________P"
          ],
          [
            "P_________P",
            "___________",
            "___RRRRR___",
            "__R_____R__",
            "__R_____R__",
            "__R_____R__",
            "__R_____R__",
            "__R_____R__",
            "___RRRRR___",
            "___________",
            "P_________P"
          ],
          [
            "__RRRRRRR__",
            "___________",
            "R_________R",
            "R_________R",
            "R_________R",
            "R_________R",
            "R_________R",
            "R_________R",
            "R_________R",
            "___________",
            "__RRRRRRR__"
          ]
        ],
        "mapping": {
          "A": "bloodmagic:altar",
          "R": "#bloodmagic:altar_components/bloodrune",
          "B": "#bloodmagic:altar_components/bloodstone",
          "G": "#bloodmagic:altar_components/glowstone",
          "P": "minecraft:stone_bricks"
        },
        "symmetrical": true
      },
      "text": "The Tier 4 Blood Altar, which has 56 total runes."
    },
    {
      "type": "text",
      "text": "[WIP Notes]$(br)[Tier-5 has No Content yet!]"
    },
    {
      "type": "multiblock",
      "name": "Tier 5 Blood Altar",
      "multiblock": {
        "pattern": [
          [
            "_________________",
            "_________________",
            "_________________",
            "___B_________B___",
            "_________________",
            "_________________",
            "_________________",
            "_________________",
            "_________________",
            "_________________",
            "_________________",
            "_________________",
            "_________________",
            "___B_________B___",
            "_________________",
            "_________________",
            "_________________"
          ],
          [
            "_________________",
            "_________________",
            "_________________",
            "___P_________P___",
            "_________________",
            "_____G_____G_____",
            "_________________",
            "_________________",
            "________0________",
            "_________________",
            "_________________",
            "_____G_____G_____",
            "_________________",
            "___P_________P___",
            "_________________",
            "_________________",
            "_________________"
          ],
          [
            "_________________",
            "_________________",
            "_________________",
            "___P_________P___",
            "_________________",
            "_____P_____P_____",
            "_________________",
            "_________________",
            "________A________",
            "_________________",
            "_________________",
            "_____P_____P_____",
            "_________________",
            "___P_________P___",
            "_________________",
            "_________________",
            "_________________"
          ],
          [
            "_________________",
            "_________________",
            "_________________",
            "___P_________P___",
            "_________________",
            "_____P_____P_____",
            "_________________",
            "_______RRR_______",
            "_______R_R_______",
            "_______RRR_______",
            "_________________",
            "_____P_____P_____",
            "_________________",
            "___P_________P___",
            "_________________",
            "_________________",
            "_________________"
          ],
          [
            "_________________",
            "_________________",
            "_________________",
            "___P_________P___",
            "_________________",
            "______RRRRR______",
            "_____R_____R_____",
            "_____R_____R_____",
            "_____R_____R_____",
            "_____R_____R_____",
            "_____R_____R_____",
            "______RRRRR______",
            "_________________",
            "___P_________P___",
            "_________________",
            "_________________",
            "_________________"
          ],
          [
            "N_______________N",
            "_________________",
            "_________________",
            "_____RRRRRRR_____",
            "_________________",
            "___R_________R___",
            "___R_________R___",
            "___R_________R___",
            "___R_________R___",
            "___R_________R___",
            "___R_________R___",
            "___R_________R___",
            "_________________",
            "_____RRRRRRR_____",
            "_________________",
            "_________________",
            "N_______________N"
          ],
          [
            "__RRRRRRRRRRRRR__",
            "_________________",
            "R_______________R",
            "R_______________R",
            "R_______________R",
            "R_______________R",
            "R_______________R",
            "R_______________R",
            "R_______________R",
            "R_______________R",
            "R_______________R",
            "R_______________R",
            "R_______________R",
            "R_______________R",
            "R_______________R",
            "_________________",
            "__RRRRRRRRRRRRR__"
          ]
        ],
        "mapping": {
          "A": "bloodmagic:altar",
          "R": "#bloodmagic:altar_components/bloodrune",
          "B": "#bloodmagic:altar_components/bloodstone",
          "G": "#bloodmagic:altar_components/glowstone",
          "N": "#bloodmagic:altar_components/beacon",
          "P": "minecraft:stone_bricks"
        },
        "symmetrical": true
      },
      "text": "The Tier 5 Blood Altar, which has 108 total runes."
    }
  ]
}
