{
  "name": "紅石自動化",
  "icon": "minecraft:redstone",
  "category": "bloodmagic:altar",
  "pages": [
    {
      "type": "text",
      "text": "$(l:bloodmagic:altar/blood_altar)血之祭壇$()是項令人驚奇且目不轉睛的道具，但是你總不會想要傻傻佇立在那乾瞪著你的石板完成。幸運的是，物品和LP都可以輕易地經由管線輸出輸入祭壇。不過就算如此，這裡仍有幾點注意事項：$(br2)當原版的$(item)漏斗$()在輸入物品時，它不可能只輸入一個物品進去；換句話說，你很有可能最後會看到祭壇一口氣就合成了一整組的石板"
    },
    {
      "type": "text",
      "text": "出來，並耗費比平時合成時多64倍的LP；假若你無法快速補充那麼多的LP，這就有點麻煩了。$(br2)況且，祭壇並沒有區分出入口。因此，如果少了個能過濾物品的道具，這些東西可能將經由運輸管線高速地反覆輸入輸出。或許你會需要一個管理系統...（如果你有的話）"
    },
    {
      "type": "text",
      "text": "祭壇同時也支援血液從外部容器的輸入輸出；只需接上液體管線，你就能輕易的取出並儲存多餘的血液，以作為之後的合成所需的血液。$(br2)不過得注意，初始的運輸速度是非常慢的，所以如果你想要讓它快點，你可以考慮使用$(l:bloodmagic:altar/blood_rune/acceleration_rune)促進符文$()或 $(l:bloodmagic:altar/blood_rune/dislocation_rune)轉位符文$()來增進效率。"
    },
    {
      "type": "text",
      "text": "再提醒一次，這些血液並非直接從祭壇本身取出的；而是從祭壇裏頭另一個潛藏的容器取出。這個容器可以儲存祭壇本身容量的10%，所以假如有些數值並沒有完全吻合，很有可能就是因為這而導致的。相同的情況也會出現在輸入血液時。"
    },
    {
      "type": "text",
      "text": "(Also not implemented:) $(strike)The blood altar's LP value can be read via a comparator on the side, similar to a vanilla chest. $(br2)If you place a $(item)Bloodstone Brick$()$(strike) underneath the altar, the comparator will instead read the value of the $(l:bloodmagic:altar/soul_network)Soul Network$(/l) of the owner of any orb that is placed into the Altar. $(br2)The signal strength depends on the size of the orb in the altar, not the maximum LP of the network, so if you have"
    },
    {
      "type": "text",
      "text": "$(strike)500,000 LP, a Weak Blood Orb would show as completely full, but a Master Blood Orb would show as only half full. This can be used to, for example, deactivate certain rituals when you are running low on LP, to ensure you don't run out. $(br2)Lastly, placing a $(item)Redstone Lamp$()$(strike) underneath the altar will make it output a redstone signal upon finishing a crafting operation. With a bit of cunning, this should allow you to fully automate the production of slates."
    }
  ]
}
