{
  "name": "Tiers of Slates",
  "icon": "bloodmagic:blankslate",
  "category": "bloodmagic:altar",
  "extra_recipe_mappings": [
    [
      "bloodmagic:blankslate",
      1
    ],
    [
      "bloodmagic:reinforcedslate",
      1
    ],
    [
      "bloodmagic:infusedslate",
      2
    ],
    [
      "bloodmagic:demonslate",
      2
    ]
  ],
  "pages": [
    {
      "type": "text",
      "text": "The $(l:bloodmagic:altar/blood_altar)Blood Altar$(/l)'s main use is the production of $(item)Slates$(). Each tier of slate requires the previous tier and a more powerful altar than the last. $(br2)Note that $(item)Etherial Slates$() aren't currently implemented by default, but may be if you're playing in a modpack. Check JEI for details."
    },
    {
      "type": "2x_crafting_altar",
      "a.heading": "空白石板",
      "a.recipe": "bloodmagic:altar/slate",
      "b.heading": "強化石板",
      "b.recipe": "bloodmagic:altar/reinforcedslate"
    },
    {
      "type": "2x_crafting_altar",
      "a.heading": "灌輸石板",
      "a.recipe": "bloodmagic:altar/imbuedslate",
      "b.heading": "惡魔石板",
      "b.recipe": "bloodmagic:altar/demonicslate"
    }
  ]
}


