{
  "name": "魂魄網路",
  "icon": "bloodmagic:weakbloodorb",
  "category": "bloodmagic:altar",
  "extra_recipe_mappings": [
    [
      "bloodmagic:weakbloodorb",
      3
    ],
    [
      "bloodmagic:apprenticebloodorb",
      3
    ],
    [
      "bloodmagic:magicianbloodorb",
      4
    ],
    [
      "bloodmagic:masterbloodorb",
      4
    ]
  ],
  "pages": [
    {
      "type": "text",
      "text": "The Soul Network is the network that connects the user's soul to all of their bound items and blocks. Functionally, it is a global storage of LP unique to each player that can be added to and extracted from, using the player's bound items as an itermediary. When a player first uses an item that can be bound to a Soul Network, it will bind to the player and will be labeled as being"
    },
    {
      "type": "text",
      "text": "\"owned\" by that player - any action that the item does that has an LP cost will drain from the owner's Soul Network. In some cases, if the item cannot get its LP from the Soul Network, it will instead directly take the LP from the user's health.$(br2)  In order to fill the user's Soul Network the user will need to construct a $(item)Blood Orb$(). Blood orbs suck up LP from either the user when they are right-clicked at a 1 heart:200LP ratio, or by a bound orb"
    },
    {
      "type": "text",
      "text": "being placed inside of a $(l:bloodmagic:altar/blood_altar)Blood Altar$(/l) with LP.$(br2)  There is a separate Blood Orb that can be created for each Tier of the Blood Altar:$(li)$(item)Weak Blood Orb$(), Max capacity: 5k LP.$(li)$(item)Apprentice Blood Orb$(), Max capacity: 25k LP. $(li)$(item)Magician Blood Orb$(), Max capacity: 150k LP.$(li)$(item)Master Blood Orb$(), Max capacity: 1M LP."
    },
    {
      "type": "2x_crafting_altar",
      "a.heading": "[虛弱]氣血寶珠",
      "a.recipe": "bloodmagic:altar/weakbloodorb",
      "b.heading": "[學徒]氣血寶珠",
      "b.recipe": "bloodmagic:altar/apprenticebloodorb"
    },
    {
      "type": "2x_crafting_altar",
      "a.heading": "[法師]氣血寶珠",
      "a.recipe": "bloodmagic:altar/magicianbloodorb",
      "b.heading": "[導師]氣血寶珠",
      "b.recipe": "bloodmagic:altar/masterbloodorb"
    }
  ]
}