{
  "name": "靈魂網絡",
  "icon": "bloodmagic:weakbloodorb",
  "category": "bloodmagic:altar",
  "extra_recipe_mappings": [
    [
      "bloodmagic:weakbloodorb",
      3
    ],
    [
      "bloodmagic:apprenticebloodorb",
      3
    ],
    [
      "bloodmagic:magicianbloodorb",
      4
    ],
    [
      "bloodmagic:masterbloodorb",
      4
    ]
  ],
  "pages": [
    {
      "type": "text",
      "text": "靈魂網絡是種將玩家的靈魂與其持有的方塊或物品相接的一項系統。$(br)單就功能上說，這是一個個人獨立且世界通用的LP倉庫，只要玩家利用可連通靈魂網絡的物品作為媒介，任何人都能從中輸入輸出。$(br)當使用可接通上靈魂網絡的物品後，該物品就會綁定於玩家身上，而物品敘述上也會"
    },
    {
      "type": "text",
      "text": "標註著此物品是被該玩家所擁有——只要這項物品有需要耗費任何LP時，它就會從該玩家的靈魂網絡來抽取LP來使用。在一些情況裏，如果無法從網絡抽出LP時，它將會轉為直接抽取生命值來轉化為LP。$(br2)為了要靈魂網絡注入LP，你得先製造一個$(item)氣血寶珠$()；氣血寶珠會用兩種方法來吸取周遭的LP：$(br)如果周遭有一個$(l:bloodmagic:altar/blood_altar)血之祭壇$(/l)存在，那氣血寶珠將會從祭壇吸取LP；否則將以生命：LP = 1：200的比例從生命值扣除。"
    },
    {
      "type": "text",
      "text": "這兒還有許多不同種類的氣血寶珠，不過只有跟氣血寶珠同等或更高等級的祭壇才能製造它們：$(br)$(li)$(item)孱弱氣血寶珠$()容量：5k LP$(br)$(li)$(item)學徒氣血寶珠$()容量：25k LP$(br)$(li)$(item)術師氣血寶珠$()容量：150k LP$(br)$(li)$(item)大師氣血寶珠$()容量：1M LP"
    },
    {
      "type": "2x_crafting_altar",
      "a.heading": "[虛弱]氣血寶珠",
      "a.recipe": "bloodmagic:altar/weakbloodorb",
      "b.heading": "[學徒]氣血寶珠",
      "b.recipe": "bloodmagic:altar/apprenticebloodorb"
    },
    {
      "type": "2x_crafting_altar",
      "a.heading": "[法師]氣血寶珠",
      "a.recipe": "bloodmagic:altar/magicianbloodorb",
      "b.heading": "[導師]氣血寶珠",
      "b.recipe": "bloodmagic:altar/masterbloodorb"
    }
  ]
}