{
  "name": "故障碎片",
  "icon": "deepmoblearning:glitch_fragment",
  "category": "3_system_malfunction",
  "sortnum": 1,
  "pages": [
    {
      "type": "spotlight",
      "title": "故障碎片",
      "item": "deepmoblearning:glitch_fragment",
      "link_recipe": true,
      "text": "用$(l:3_system_malfunction/0_system_glitches#heart)損壞的故障心臟$()敲擊$(item)黑曜石$()，可以獲得$(item)不穩定故障碎片$()。$(br2)這些$(item)碎片$()可用來製作$(item)故障灌注錠$()。"
    }
  ]
}