{
  "name": "裝備",
  "icon": "deepmoblearning:glitch_infused_helmet",
  "category": "3_system_malfunction",
  "sortnum": 3,
  "pages": [
    {
      "type": "text",
      "text": "你製作出的這種$(l:3_system_malfunction/2_glitch_metal)金屬$()非常實用。$(br2)你可以用它製作的第一件玩意就是$(item)故障套裝$()，這個套裝會給你飛行的能力(除非在設定檔案中關閉)，而且，當你的$(l:0_introduction/2_data_models)模型$()獲得$(l:0_introduction/1_data)數據$()時，會掉落一些$(l:1_machines/1_matter#pristine)原始物質$()。$(br2)在$(l:2_trials/1_trials)試煉$()中不會有原始物質掉落。"
    },
    {
      "type": "recipelookup",
      "recipe": "deepmoblearning:glitch_infused_helmet",
      "recipe2": "deepmoblearning:glitch_infused_chestplate",
      "title": "故障頭盔",
      "title2": "故障胸甲"
    },
    {
      "type": "recipelookup",
      "recipe": "deepmoblearning:glitch_infused_leggings",
      "recipe2": "deepmoblearning:glitch_infused_boots",
      "title": "故障護腿",
      "title2": "故障靴子"
    },
    {
      "type": "recipelookup",
      "recipe": "deepmoblearning:glitch_infused_sword",
      "text": "雙倍化獲得的$(l:0_introduction/1_data)數據$()，並且當獲得$(l:0_introduction/1_data)數據$()時，該$(item)劍$()有機率獲得$(item)永久傷害加成$()。$(br2)這一$(item)累積傷害$()在$(l:2_trials/1_trials)試煉$()中被停用。"
    }
  ]
}