{
  "name": "Tainted Pearl",
  "icon": "lacrimis:tainted_pearl",
  "category": "lacrimis:immaterial",
  "advancement": "lacrimis:base/crucible",
  "sortnum": 1,
  "pages": [
    {
      "type": "text",
      "text": "This on it's own seems simple, but it probably has some hidden use. Right now it is just an ender pearl that douses you in tears instead of hurting directly. Could be nice if you have good armor, not good for the armor."
    },
    {
      "type": "lacrimis:crucible",
      "recipe": "lacrimis:crucible/tainted_pearl",
      "text": "Could be used to make something more interesting."
    }
  ]
}