{
  "name": "Flying Ointment",
  "category": "gear",
  "icon": "bewitchment:flying_ointment",
  "pages": [
    {
      "type": "text",
      "text": "A fairly grotesque mixture of tallow of the dead along with many toxic and aromatic plants with known psychoactive properties, brooms can be anointed with this mixture in order to imbue it with magic to allow it to fly. This ointment is also said to be used at certain black masses, often when a powerful demon is present."
    },
    {
      "type": "crafting",
      "recipe": "bewitchment:flying_ointment"
    }
  ]
}