{
  "name": "飛天軟膏",
  "category": "gear",
  "icon": "bewitchment:flying_ointment",
  "pages": [
    {
      "type": "text",
      "text": "一種相當怪誕的油脂，裡面混合了許多聞起來很香但實際上有毒的植物，而這些植物通常被認為有迷幻精神的作用，可以將這種軟膏塗在掃帚上，用以灌輸魔力來飛行。當舉行一些黑暗聚會時，這種軟膏也會被談及，而通常這種聚會會有強大惡魔出席"
    },
    {
      "type": "crafting",
      "recipe": "bewitchment:flying_ointment"
    }
  ]
}