{
  "name": "Poppets",
  "category": "gear",
  "icon": "bewitchment:poppet",
  "pages": [
    {
      "type": "text",
      "text": "Poppets are small dolls bound to a target, usually the owner, in order to protect them from all manner of harm. That being said, Poppets may also be used by witches who wish to cast voodoo on those who oppose them. Poppets may either be carried on the witch’s person, or placed on a special shelf to keep them safe. $(o)Spanish Moss is vital to the creation of Poppets, so a trip to the swamp may be a good idea."
    },
    {
      "type": "crafting",
      "recipe": "bewitchment:poppet",
      "text": "The base poppet for all your crafting, does nothing and cannot be bound. $(br)$(o)Note: Poppets must be bound to become active. Bind poppets by holding a poppet in one hand and a taglock of the target another"
    },
    {
      "type": "crafting",
      "recipe": "bewitchment:poppet_tool",
      "text": "Like its armor variant, the poppet will break instead of your tool, preserving it for one last use."
    },
    {
      "type": "crafting",
      "recipe": "bewitchment:poppet_binding",
      "text": "Slows those who attack you"
    },
    {
      "type": "crafting",
      "recipe": "bewitchment:poppet_clumsy",
      "text": "Has a chance to make attackers drop their weapons"
    },
    {
      "type": "crafting",
      "recipe": "bewitchment:poppet_deathprotection",
      "text": "Helps you cheat death, just once"
    },
    {
      "type": "crafting",
      "recipe": "bewitchment:poppet_earthprotection",
      "text": "Reduces fall damage"
    },
    {
      "type": "crafting",
      "recipe": "bewitchment:poppet_flameprotection",
      "text": "Reduces fire damage"
    },
    {
      "type": "crafting",
      "recipe": "bewitchment:poppet_waterprotection",
      "text": "Protects the owner from drowning for a short while"
    },
    {
      "type": "crafting",
      "recipe": "bewitchment:poppet_hungerprotection",
      "text": "Reduces starvation damage and feeds the user a little bit"
    },
    {
      "type": "crafting",
      "recipe": "bewitchment:poppet_spiritbane",
      "text": "Reduces damage from spirits"
    },
    {
      "type": "crafting",
      "recipe": "bewitchment:poppet_vampiric",
      "text": "Redirects damage you are taking to whoever its bound to. $(r)Must be carried in inventory"
    },
    {
      "type": "crafting",
      "recipe": "bewitchment:poppet_voodooprotection",
      "text": "Protects from vampiric and voodoo poppets. (W.I.P)"
    },
    {
      "type": "crafting",
      "recipe": "bewitchment:poppet_voodoo",
      "text": "Bound it to a target and right click with Bone Needles in your inventory will deal some damage to said target."
    },
    {
      "type": "crafting",
      "recipe": "bewitchment:poppet_wasting",
      "text": "Induces hunger for whoever attacks the owner of this poppet"
    }
  ]
}