{
  "name": "Buddycard Binder",
  "icon": "buddycards:binder.1",
  "category": "buddycards:items",
  "sortnum": 0,
  "pages": [
    {
      "type": "text",
      "text": "A Buddycard Binder is an easy storage solution for your Buddycards. Each one has 54 card slots that can hold a stack each, and can be expanded with the Extra Page enchantment. $(br2)Depending on the cards you use to craft it, the color of the binder will vary."
    },
    {
      "type": "crafting",
      "recipe": "buddycards:binder.1",
      "recipe2": "buddycards:binder.2"
    },
    {
      "type": "crafting",
      "recipe": "buddycards:binder.3",
      "recipe2": "buddycards:byg/binder.4"
    },
    {
      "type": "crafting",
      "recipe": "buddycards:create/binder.5",
      "recipe2": "buddycards:aquaculture/binder.6"
    },
    {
      "type": "crafting",
      "recipe": "buddycards:fd/binder.7"
    },
    {
      "type": "relations",
      "title": "Binder Enchantments",
      "entries": [
        "buddycards:enchantments/buddy_binding",
        "buddycards:enchantments/extra_page"
      ],
      "text": "A Buddycard Binder can also be enchanted with Buddy Binding and Extra Page."
    }
  ]
}