{
  "name": "Card Displays",
  "icon": "buddycards:oak_card_display",
  "category": "buddycards:items",
  "sortnum": 2,
  "pages": [
    {
      "type": "text",
      "text": "A card display is a great way to show off your collection. Placable in the world, these displays can store and display 6 cards. $(br2)The card display can be made in all vanilla wood types, but also supports byg wood types."
    },
    {
      "type": "crafting",
      "recipe": "buddycards:oak_card_display",
      "recipe2": "buddycards:spruce_card_display"
    },
    {
      "type": "crafting",
      "recipe": "buddycards:birch_card_display",
      "recipe2": "buddycards:jungle_card_display"
    },
    {
      "type": "crafting",
      "recipe": "buddycards:acacia_card_display",
      "recipe2": "buddycards:dark_oak_card_display"
    },
    {
      "type": "crafting",
      "recipe": "buddycards:warped_card_display",
      "recipe2": "buddycards:crimson_card_display"
    }
  ]
}