{
  "name": "卡片展示",
  "icon": "buddycards:oak_card_display",
  "category": "buddycards:items",
  "sortnum": 2,
  "pages": [
    {
      "type": "text",
      "text": "卡片展示框是展示收藏的好方法。這些展示框可以放置在世界上，可以存儲和展示 6 張卡片。$(br2)卡片展示框可以用所有原版木頭製作，但也支持BGY的木頭。"
    },
    {
      "type": "crafting",
      "recipe": "buddycards:oak_card_display",
      "recipe2": "buddycards:spruce_card_display"
    },
    {
      "type": "crafting",
      "recipe": "buddycards:birch_card_display",
      "recipe2": "buddycards:jungle_card_display"
    },
    {
      "type": "crafting",
      "recipe": "buddycards:acacia_card_display",
      "recipe2": "buddycards:dark_oak_card_display"
    },
    {
      "type": "crafting",
      "recipe": "buddycards:warped_card_display",
      "recipe2": "buddycards:crimson_card_display"
    }
  ]
}