{
  "name": "卡片展示臺",
  "icon": "buddycards:card_stand",
  "category": "buddycards:items",
  "sortnum": 8,
  "pages": [
    {
      "type": "text",
      "text": "有些時候，你會想單獨炫耀一張卡片。卡片展示臺可容納 1 張卡片，可面向 16 個方向，讓您炫耀卡片，或與朋友一起玩遊戲。"
    },
    {
      "type": "crafting",
      "recipe": "buddycards:card_stand",
      "text": "不過，這些展示台並不便宜，他們會需要一些夥伴鋼來製作。"
    }
  ]
}