{
  "name": "Card Stand",
  "icon": "buddycards:card_stand",
  "category": "buddycards:items",
  "sortnum": 8,
  "pages": [
    {
      "type": "text",
      "text": "Every now and then, you want to show off one of your cards with it's own display. The card stand holds 1 card and can face it in 16 directions, allowing you to show off the cards, or use them to make games with friends."
    },
    {
      "type": "crafting",
      "recipe": "buddycards:card_stand",
      "text": "These stands aren't that cheap though, and cost a bit of Buddysteel to make them."
    }
  ]
}