{
  "flag": "mod:bountiful",
  "name": "懸賞板",
  "icon": "bountiful:decree",
  "category": "buddycards:items",
  "sortnum": 6,
  "pages": [
    {
      "title": "懸賞板",
      "type": "spotlight",
      "item": "bountiful:decree{ids: {0: {id: \"collector\"}}}",
      "text": "當你從懸賞板獲得一個懸賞令時，它有可能是一個收集懸賞令。當你把它放進懸賞板時，你可以獲得懸賞，這些收集懸賞會為你提供此模組的獎賞。$(br2)請注意，如果懸賞板內有其他種類的懸賞令，那麼收集懸賞的出現機率將會極低。"
    },
    {
      "type": "crafting",
      "recipe": "bountiful:crafting/decree",
      "text": "雖然可以在村莊中找到它們，但你也可以合成它們。 當你把它放在選賞板時，你有機會平等地獲得任何類型的選賞令。"
    }
  ]
}