{
  "name": "幸運評級",
  "icon": "minecraft:potion{Potion: \"buddycards:grading_luck\"}",
  "category": "buddycards:items",
  "sortnum": 7,
  "pages": [
    {
      "type": "spotlight",
      "item": "minecraft:potion{Potion: \"buddycards:grading_luck\"}",
      "text": "如果您想在對卡片進行評分時提高機率，則在評分時 幸運評分 會給您帶來小幅的運氣提升。 可以通過在 尷尬藥水 上使用 紫礪 來製作幸運評級藥水。 $(br2)人們認為卡片中紫礪的百分比決定了它的等級。",
      "link_recipe": true
    }
  ]
}