{
  "name": "Grading Luck",
  "icon": "minecraft:potion{Potion: \"buddycards:grading_luck\"}",
  "category": "buddycards:items",
  "sortnum": 7,
  "pages": [
    {
      "type": "spotlight",
      "item": "minecraft:potion{Potion: \"buddycards:grading_luck\"}",
      "text": "If you want to boost your odds while grading cards, grading luck will give you a small boost while grading. A potion of grading luck can be made by using Zylex on an akward potion. $(br2)It's believed that the percentage of Zylex in a card determines what grade it gets.",
      "link_recipe": true
    }
  ]
}