{
  "name": "Medal Token",
  "icon": "buddycards:medal_token",
  "category": "buddycards:items",
  "sortnum": 3,
  "pages": [
    {
      "type": "crafting",
      "recipe": "buddycards:medal_token",
      "text": "The medal token can be used to make a new medal, given you have the original medal. If you don't have Buddy Binding on a medal, this is the best way to make sure you don't lose it, as you only ever get 1 medal per set."
    },
    {
      "type": "crafting",
      "recipe": "buddycards:medal.1",
      "text": "To copy a medal, provide the token with the medal you want to copy, and 2 of it's corresponding packs."
    }
  ]
}