{
  "name": "Buddysteel Vault",
  "icon": "buddycards:buddysteel_vault.1",
  "category": "buddycards:items",
  "sortnum": 9,
  "pages": [
    {
      "type": "text",
      "text": "A Buddycard Vault is a good bulk storage solution for your Buddycards. Each one has 108 card slots that can hold a stack each, and 12 normal inventory slots. $(br2)Depending on the binder you use to craft it, the color of the vault will vary."
    },
    {
      "type": "crafting",
      "recipe": "buddycards:vault.1",
      "recipe2": "buddycards:vault.2"
    },
    {
      "type": "crafting",
      "recipe": "buddycards:vault.3",
      "recipe2": "buddycards:byg/vault.4"
    },
    {
      "type": "crafting",
      "recipe": "buddycards:create/vault.5",
      "recipe2": "buddycards:aquaculture/vault.6"
    },
    {
      "type": "crafting",
      "recipe": "buddycards:fd/vault.7"
    }
  ]
}