{
    "name": "年代學者",
    "icon": "endreborn:tech_portal",
    "category": "being",
    "advancement": "endreborn:endreborn/entropy_user",
    "priority": true,
    "pages": [
        {
            "type": "text",
            "text": "另一種終界使者……他們守護著傳送門。但是等一下，為什麼他們要攻擊另一個樣子的終界使者？"
        },
        {
            "type": "spotlight",
            "item": "endreborn:catalyst",
            "link_recipe": false
        }
    ]
}