{
    "name": "Enderman",
    "icon": "minecraft:ender_pearl",
    "category": "being",
    "priority": true,
    "pages": [
        {
            "type": "text",
            "text": "Standard creatures of The End, but sometimes they appears in other worlds. According to my observations, they hate the appearance of human eyes. Really strange creatures."
        },
        {
            "type": "spotlight",
            "item": "minecraft:ender_pearl",
            "link_recipe": true
        }
    ]
}