{
    "name": "End-Mage Barclay",
    "icon": "endreborn:ender_sword",
    "category": "being",
    "advancement": "endreborn:endreborn/lord",
    "priority": true,
    "pages": [
        {
            "type": "text",
            "text": "I mean it a great achievement to even meet him... but who is he? In the battle, I heard his name - Barclay. Also, his skin slowly begins to collapse... After my victory, he left the strange sword shard."
        },
        {
            "type": "spotlight",
            "item": "endreborn:ingot_infused",
            "link_recipe": true
        }
    ]
}