{
    "name": "終界術士巴克萊",
    "icon": "endreborn:ender_sword",
    "category": "being",
    "advancement": "endreborn:endreborn/lord",
    "priority": true,
    "pages": [
        {
            "type": "text",
            "text": "即使遇到了他，我覺得也是一個極大的成就了……等等，他是誰？我在和他的戰鬥的時候聽到了他的名字，他名叫--巴克萊。而且他的外觀開始逐漸塌陷……他是誰……從哪裡來，總有一天我會查明真相。"
        },
        {
            "type": "spotlight",
            "item": "endreborn:item_ender_string",
            "link_recipe": true
        }
    ]
}