{
    "name": "終界栓繩",
    "icon": "apotheosis:ender_lead",
    "category": "apotheosis:garden/garden",
    "flag": "apotheosis:garden",
    "sortnum": 1,
    "pages": [
        {
            "type": "patchouli:text",
            "text": "終界栓繩是一個可以讓你捕捉農場動物的物品。$(p)用栓繩打動物以捕捉它，然後右鍵釋放。$(p)農場動物通常指那些可以繁殖的動物。"
        },
        {
            "type": "patchouli:crafting",
            "recipe": "apotheosis:ender_lead",
            "text": ""
        }
    ]
}