{
  "name": "物流無人機",
  "icon": "pneumaticcraft:logistic_drone",
  "category": "logistics",
  "advancement": "pneumaticcraft:plastic",
  "pages": [
    {
      "type": "text",
      "text": "$(item)物流無人機/$是一類特殊的$(l:tools/drones)無人機/$。可以說是低階的$(thing)無人機/$，介於其無法被編程，$(italic)只能/$執行物流任務。$(p)與其餘無人機類似，物流無人機需要$(l:base_concepts/pressure)空氣/$才可執行，且在壓力不足時將自動找尋$(l:machines/charging_station)充氣站/$。"
    },
    {
      "type": "entity",
      "entity": "pneumaticcraft:logistic_drone",
      "offset": "-0.3"
    },
    {
      "type": "text",
      "text": "放置後，$(item)物流無人機/$將會裝有$(l:logistics/frames)物流框架/$的容器或儲罐執行物流操作，範圍大小為 33*33*33（立方體），以最初所放置處為中心。$(p)由於這類無人機需要頻繁移動物品，建議安裝$(l:base_concepts/upgrades#speed)速度/$和$(l:base_concepts/upgrades#dispenser)發射器/$升級，以提升移動速度和承載容量。"
    },
    {
      "type": "crafting",
      "recipe": "pneumaticcraft:logistic_drone",
      "text": "物流無人機的合成表"
    }
  ]
}