{
  "name": "Logistics Drones",
  "icon": "pneumaticcraft:logistic_drone",
  "category": "logistics",
  "advancement": "pneumaticcraft:plastic",
  "pages": [
    {
      "type": "text",
      "text": "$(item)Logistics Drones/$ are a special type of $(l:tools/drones)drone/$. They are a lower tier $(thing)Drone/$, since they are not programmable but limited to carrying out $(italic)only/$ logistics tasks.$(p)Like any other Drone, they require $(l:base_concepts/pressure)air/$ to operate, and will automatically seek out a $(l:machines/charging_station)Charging Station/$ if low on air."
    },
    {
      "type": "entity",
      "entity": "pneumaticcraft:logistic_drone",
      "offset": "-0.3"
    },
    {
      "type": "text",
      "text": "Once deployed, a $(item)Logistics Drone/$ will operate on any inventory/tank with a $(l:logistics/frames)Logistics Frame/$ in a 33x33x33 cube centered on the block the drone was deployed at.$(p)Since these Drones frequently need to move items around, $(l:base_concepts/upgrades#speed)Speed/$ and $(l:base_concepts/upgrades#dispenser)Dispenser/$ upgrades are recommended for movement speed and carrying capacity."
    },
    {
      "type": "crafting",
      "recipe": "pneumaticcraft:logistic_drone",
      "text": "Creating a Logistics Drone"
    }
  ]
}