{
  "name": "Logistics Overview",
  "icon": "pneumaticcraft:logistics_configurator",
  "category": "logistics",
  "advancement": "pneumaticcraft:plastic",
  "priority": "是",
  "pages": [
    {
      "type": "text",
      "text": "$(pncr)'s $(thing)Logistics System/$ offers an interesting way to transport items & fluids, and to keep inventories & tanks stocked.$(p)Inventories & tanks can be marked with $(l:logistics/frames)Logistic Frames/$, attachable gadgets which control how items & fluids should be moved into and out of those blocks."
    },
    {
      "type": "text",
      "text": "Those inventories are then connected with $(l:logistics/logistic_drones)Logistics Drones/$ or $(l:tubes/pressure_tubes)Pressure Tubes/$ with $(l:tubes/logistics_module)Logistics Modules/$ attached.$(p)The $(thing)Logistics System/$ is heavily inspired by $(l:https://wiki.factorio.com/Logistic_network)Factorio/$, and if you've played that game, the concepts will be familiar. The primary difference is that this mod provides $(l:logistics/frames)Frames/$ to attach to existing inventories/tanks, rather than separate logistic chests."
    }
  ]
}