{
  "name": "Bricks",
  "icon": "engineersdecor:clinker_brick_block",
  "category": "buildingblocks",
  "sortnum": 1010,
  "pages": [
    {
      "type": "spotlight",
      "title": "Clinker Bricks",
      "item": "engineersdecor:clinker_brick_block",
      "text": "Clinkers are very hot baked, slightly vitrified bricks, look darker than normal bricks, and have been a preferred building material for early industrial factories.$(br) ... and you may need a lot of them for building a factory. Therefore these blocks can be partially crafted from Nether Bricks, preventing to soon run out of clay."
    },
    {
      "type": "text",
      "text": "For a more seamless look, the block has varying textures depending on the positions where you place it. Clinkers are also available as Stairs, Walls, and Slabs.$(br2)If you need more texture variation, especially for rough areas of your factory, there are also craftable $(o)Stained Clinker Bricks$() to mix in."
    },
    {
      "type": "spotlight",
      "title": "Slag Bricks",
      "item": "engineersdecor:slag_brick_block",
      "text": "As one of the primary waste products in steel industries, slag debris was disposed on scree piles. One of the more unpopular byproducts were $(o)Slag Bricks$(), grayish and slightly porous bricks - but cheap.$(br)Similar to $(o)Clinker Bricks$(), these blocks have varying textures depending on the"
    },
    {
      "type": "text",
      "text": "position (and also have a bit more color than real slag bricks).$(br)You can also craft Stairs, Walls, and Slabs from $(o)Slag Bricks$()."
    }
  ]
}
