{
  "name": "Concretes",
  "icon": "engineersdecor:rebar_concrete",
  "category": "buildingblocks",
  "sortnum": 1020,
  "pages": [
    {
      "type": "spotlight",
      "title": "Rebar Concrete",
      "item": "engineersdecor:rebar_concrete",
      "text": "Rebar (\"REinforcing BAR\" concrete) is often used where structural integrity matters, i.e. bridges, basements, vaults, as well as ugly precast slab buildings. It consists of a thick steel wire mesh filled up with concrete. More rebar and higher quality steel the makes the composition stronger, but also more expensive. "
    },
    {
      "type": "text",
      "text": "The rebar concrete you see here is quite expensive. It $(t:...except maybe when a Draconic Core blows up)withstands explosions$() and is comparatively hard to break.$(br2)It comes with varying textures for seamless look (placement position dependent), and can also be transformed to Stairs, Walls, Slabs, and Slab Slices. The Wall shape differs from vanilla walls."
    },
    {
      "type": "spotlight",
      "title": "Gas Concrete",
      "item": "engineersdecor:gas_concrete",
      "text": "In contrast to $(o)Rebar Concrete$(), Gas Concrete is a lightweight and cheap building material. It is produced by aerating liquid concrete to make it foamy before casting. The mineral composition is more based on sand rather than coarse gravel."
    },
    {
      "type": "text",
      "text": "The Gas Concrete blocks have a smooth looking surface with texture variations, are fast to break, cheap to make, and have not much resistance against explosions.$(br)They are good material if you need to fill vast volumes like basement walls, tunnel walls, or floors.$(br)Walls, Stairs, Slabs, as well as Slab Slices can be crafted from Gas Concrete, too."
    }
  ]
}
