{
  "name": "Gates and Doors",
  "icon": "engineersdecor:steel_mesh_fence_gate",
  "category": "buildingblocks",
  "sortnum": 1060,
  "pages": [
    {
      "type": "spotlight",
      "title": "鋼製網狀柵欄門",
      "item": "engineersdecor:steel_mesh_fence_gate",
      "text": "A fence gate fitting the style of the $(o)Steel Mesh Fence$(). It can be placed one block high for normal fencing, or doubled for higher cage fences, and will form a fence door accordingly.$(br)Redstone open/close signals are accepted for the bottom segment from all sides, for the top segment only from above."
    },
    {
      "type": "text",
      "text": ""
    }
  ]
}
