{
  "name": "Glass",
  "icon": "engineersdecor:panzerglass_block",
  "category": "buildingblocks",
  "sortnum": 1030,
  "pages": [
    {
      "type": "spotlight",
      "title": "Panzer Glass",
      "item": "engineersdecor:panzerglass_block",
      "text": "Panzer Glass is a reinforced safety glass type, consisting of changing layers of tempered or chemically treated glass, metal meshes, organic layers, and other stuff. It is used where safety matters, e.g. in the field of personal security, or in explosion hazardous industrial areas."
    },
    {
      "type": "text",
      "text": "Similar to $(o)Rebar Concrete$(), this glass is quite expensive, comparatively hard to break, and explosion-proof.$(br)The application range reaches from enclosing critical areas like storage rooms to mob farming grounds."
    }
  ]
}
