{
  "name": "Slab Slices",
  "icon": "engineersdecor:halfslab_rebar_concrete",
  "category": "buildingblocks",
  "sortnum": 1040,
  "pages": [
    {
      "type": "spotlight",
      "title": "Slab Slices",
      "item": "engineersdecor:halfslab_rebar_concrete",
      "text": "For various blocks in this mod there are very thin horizontal slabs available.$(br2)While a normal slab fills half a block, you need eight of these thin slices for a full cube. They can be interesting for detailing roofs, floors, or making ramps."
    },
    {
      "title": "Placement & Pickup",
      "type": "text",
      "text": "You place the slices by clicking on the top or bottom faces of the blocks where you want to place them. Slice blocks will grow accordingly.$(br2)When you break a block of slices, the singulated parts will be dropped. Alternatively you can left-click a slice block while holding a slice in your hand to peel one layer off. This only works while looking almost straight down or up."
    }
  ]
}
