{
  "name": "Windows",
  "icon": "engineersdecor:treated_wood_window",
  "category": "buildingblocks",
  "sortnum": 1070,
  "pages": [
    {
      "type": "spotlight",
      "title": "Window Types",
      "item": "engineersdecor:treated_wood_window",
      "text": "These 3D framed windows have slightly stained panes, and can be placed horizontally or vertically.$(br)Other than vanilla glass panes, windows have no corner pieces, and the window glass will remain intact when you break the block (no $(o)Silk Touch$() needed)."
    },
    {
      "type": "spotlight",
      "title": "Placement",
      "item": "engineersdecor:steel_framed_window",
      "text": "To place a window in the ceiling or the floor, you have to look almost straight up or down. This makes it easier to place windows in walls without the need of scaffolding (or accidentally placing them horizontally). When you place a window next to another one, the same orientation will be used for similar reasons."
    }
  ]
}
