{
  "name": "惡魔靈域",
  "icon": "bloodmagic:demoncrucible",
  "category": "bloodmagic:demon_will/will_manipulation",
  "pages": [
    {
      "type": "text",
      "text": "正如我們所$(l:bloodmagic:demon_will/will_manipulation/demon_will)確定$()的，$(raw)惡魔意志$()會凝聚在某些生物周圍，並以邪惡的力量推動它們。 然而，這並不是$(raw)意志$()唯一可以存在的地方。 通過在$(item)惡魔坩堝$()中燃燒$(raw)意志$()，可以將意志釋放到$(thing)靈域$()中，從而達到偉大而迷人的效果。"
    },
    {
      "type": "crafting_soulforge",
      "heading": "惡魔坩堝",
      "recipe": "bloodmagic:soulforge/demon_crucible",
      "text": "將蘊含意志的$(l:bloodmagic:demon_will/will_manipulation/soul_gem)地獄魂石$()或任何$(item)惡魔意志$()或$(item)惡魔水晶$()放入其中並讓它運行。一旦$(raw)意志$()低於50，區塊內將會消耗一個$(item)水晶$()，而$(raw)惡魔意志$()（以物品形式或來自$(item)地獄魂石$()）將根據需要一次消耗一點。"
    },
    {
      "type": "image",
      "images": [
        "bloodmagic:images/entries/demon_will/demon_crucible.png"
      ],
      "title": "惡魔坩堝",
      "border": true,
      "text": "$(item)惡魔坩堝$()，裡面有一顆$(l:bloodmagic:demon_will/soul_gem)地獄魂石$()。"
    },
    {
      "type": "text",
      "text": "Now we have $(raw)Raw Will$() in the atmosphere. Great, now what? $(br2)Some $(thing)Rituals$() $(l:bloodmagic:rituals/ritual_tinkerer)benefit$() from $(raw)Raw Will$(), but the main benefit from this is the ability to create refined $(item)Demon Will Crystals$() and from there, $(l:bloodmagic:rituals/ritual_list/ritual_crystal_split)split them$() into their $(l:bloodmagic:demon_will/will_manipulation/aspected_will)Aspects$(). $(br2)Once you have some of these $(item)Aspected Will Crystals$(), you can burn them once more in the $(item)Crucible$() to unleash them into the $(thing)Aura$() for your rituals to benefit from."
    },
    {
      "type": "text",
      "text": "Some important points to note: Firstly, the $(thing)Aura$() is chunk-based. That is, any $(raw)Will$() you burn will fill up the chunk that you burn it in, up to a total cap of 100 for each type. You can measure this using a $(l:bloodmagic:demon_will/will_manipulation/aura_gauge)Demon Will Aura Gauge$(). $(br2)Currently, there is no way to transfer $(raw)Will$() from one chunk to another, so you're best off transferring it in item form - whether as $(item)Crystallized Will$() or by filling and emptying a $(l:bloodmagic:demon_will/will_manipulation/soul_gem)Tartaric Gem$()."
    },
    {
      "type": "text",
      "text": "Speaking of the $(l:bloodmagic:demon_will/will_manipulation/soul_gem)Tartaric Gem$(), placing one inside a $(l:bloodmagic:demon_will/will_manipulation/soul_forge)Hellfire Forge$() will cause it to rapidly absorb $(raw)Will$() from the chunk it's in. $(br2)With an Aspect of $(raw)Will$() in the chunk, such as $(raw)Raw$() or $(corrosive)Corrosive$(), and an empty $(item)Tartaric Gem$(), it's possible to fill the Gem with that Aspect. $(br2)This lets you modify your $(l:bloodmagic:demon_will/demonic_items/sentient_tools)Sentient Tools$() and $(l:bloodmagic:demon_will/demonic_items/sentient_sword)Sword$() accordingly. The effects are defined $(l:bloodmagic:demon_will/will_manipulation/aspected_will#sentient_aspects)here$()."
    },
    {
      "type": "relations",
      "title": "Related Links",
      "entries": [
        "rituals/ritual_tinkerer",
        "demon_will/crystallized_will",
        "demon_will/aspected_will",
        "rituals/ritual_list/ritual_crystal_split",
        "rituals/ritual_list/ritual_crystal_harvest"
      ],
      "text": "我還能做的更多，我能感覺得到..."
    }
  ]
}
