{
  "name": "Collected Dust",
  "icon": "crockpot:collected_dust",
  "category": "crockpot:misc",
  "advancement": "minecraft:nether/find_fortress",
  "read_by_default": true,
  "pages": [
    {
      "type": "patchouli:crafting",
      "recipe": "crockpot:crafting/collected_dust",
      "text": "$(item)Collected Dust$() is a special ingredient that can be used to cook $(item)Netherosia$()."
    },
    {
      "type": "crockpot:explosion_crafting",
      "recipe": "crockpot:explosion_crafting/blackstone_dust",
      "text": "$(item)Blackstone Dust$() is used to craft $(item)Collected Dust$(). Place $(item)Blackstone$() in the world and create an $(thing)explosion$() around it to have a chance of getting $(item)Blackstone Dust$()."
    }
  ]
}