{
  "name": "Tear Soaked Armor",
  "icon": "lacrimis:tear_soaked_chestplate",
  "category": "lacrimis:infusion",
  "advancement": "lacrimis:base/infusion_table",
  "sortnum": 4,
  "pages": [
    {
      "type": "text",
      "text": "A special kind of armor can be crafted out of tear soaked ingots, and while it is very strong, the tears cause it to degrade very quickly after creation. I am sure that there is some way to prevent it, but it is far beyond my abilities at the moment."
    },
    {
      "type": "lacrimis:infusion",
      "recipe": "lacrimis:infusion/tear_soaked_helmet",
      "recipe2": "lacrimis:infusion/tear_soaked_chestplate"
    },
    {
      "type": "lacrimis:infusion",
      "recipe": "lacrimis:infusion/tear_soaked_leggings",
      "recipe2": "lacrimis:infusion/tear_soaked_boots"
    }
  ]
}