{
  "name": "Soul Combiner",
  "icon": "lacrimis:combiner",
  "category": "lacrimis:infusion",
  "advancement": "lacrimis:base/solidified_tear",
  "sortnum": 7,
  "pages": [
    {
      "type": "text",
      "text": "The soul combiner is a special device used to infuse items with mob souls. When an $(l:runes/extraction)Soul Extraction Rune$(/l) connected to the same duct network is activated, it will kill the mob and store its soul for later use.$(br)Currently there is only one type of item craft-able in the soul combiner."
    },
    {
      "type": "lacrimis:infusion",
      "recipe": "lacrimis:infusion/combiner",
      "text": "Placing a $(l:runes/spawner)Broken Spawner$(/l) in the first slot will craft a new mob spawner. The second slot must have $(l:basics/tear_handling)Tainted Sludge$(/l)."
    }
  ]
}