{
  "name": "Divining Rod",
  "icon": "lacrimis:divining_rod",
  "category": "lacrimis:infusion",
  "advancement": "lacrimis:base/divining_rod",
  "sortnum": 2,
  "pages": [
    {
      "type": "text",
      "text": "The new metal seems very useful, so I created a \"divining rod\" out of it, as a tool I can use for my work.$(br2)Right click on a block holding tears to see the amount inside, shift + right click to safely pick up a crucible."
    },
    {
      "type": "crafting",
      "recipe": "lacrimis:crafting/divining_rod",
      "recipe2": "lacrimis:crafting/gold_divining_rod"
    }
  ]
}