{
  "name": "Infusion Basics",
  "icon": "lacrimis:infusion_table",
  "category": "lacrimis:infusion",
  "advancement": "lacrimis:base/rune_stone",
  "sortnum": 1,
  "pages": [
    {
      "type": "text",
      "text": "This table should allow me to create things using the tears. It would probably work fine for normal crafting if I gave it a few tears. At the very least it can act as a safer crucible."
    },
    {
      "type": "crafting",
      "recipe": "lacrimis:crafting/infusion_table",
      "text": "Place items in the infusion table and click the button to begin.$(br2)Redstone power should also work."
    }
  ]
}