{
  "name": "Taint Output",
  "icon": "lacrimis:taint_output",
  "category": "lacrimis:infusion",
  "advancement": "lacrimis:base/solidified_tear",
  "sortnum": 5,
  "pages": [
    {
      "type": "text",
      "text": "I have finally found a way to make rune systems safe to travel. Whenever a creature arrives at a Destination Rune, it will attempt to send the taint out elsewhere in the duct system. This device can receive that taint and drop it in a safer location."
    },
    {
      "type": "lacrimis:infusion",
      "recipe": "lacrimis:infusion/taint_output"
    }
  ]
}