{
  "name": "Tear Collector",
  "icon": "lacrimis:tear_collector",
  "category": "lacrimis:infusion",
  "advancement": "lacrimis:base/solidified_tear",
  "sortnum": 6,
  "pages": [
    {
      "type": "text",
      "text": "The number of tears needed for this project is growing, and things are getting a lot harder to manage. This device can consolidate tears into a single crucible."
    },
    {
      "type": "lacrimis:infusion",
      "recipe": "lacrimis:infusion/tear_collector",
      "text": "Place it against your target crucible, and use ducting to connect it to some tear sources. $(br2)Try to avoid making loops."
    }
  ]
}