{
   "name": "「千兆」",
   "icon": "flammpfeil.slashblade:slashbladenamed{ModelName: \"named/thousand/model_on\", TextureName: \"named/thousand/texture\"}",
   "category": "category_7",
   "pages": [
      {
         "type": "text",
         "text": "政死後的第三個月，河童來到我這邊詢問他的事情。$(br2)他們對政的死感到震驚與遺憾。$(br2)他們給我看了那振奇怪的刀——那是沒有刀刃的刀。"
      },
      {
         "type": "text",
         "text": "他們稱這振刀承載著全妖怪之山最高的科技水平——TLS系統的完全體。$(br2)啟動這個系統，紅色的雷射形成了刀刃……$(br2)他們原本想讓政來幫忙調整外形和一些其他工作，但是政已經不在了……"
      },
      {
         "type": "text",
         "text": "「千兆」這個名字，是我的自作主張。嘛，大概就是這麼回事吧。$(br2)——青竹 文正"
      },
      {
         "type": "crafting",
         "recipe": "lastsmith:flammpfeil.slashblade.named.thousand"
      }
   ],
   "advancement": "lastsmith:bunshi",
   "sortnum": 3
}
