{
   "name": "「文始」",
   "icon": "flammpfeil.slashblade:slashbladenamed{ModelName: \"named/rf_roukan/model\", TextureName: \"named/rf_roukan/texture_on\"}",
   "category": "category_7",
   "pages": [
      {
         "type": "text",
         "text": "TLS系統，全名為Tech-experimental Laser System，翻譯過來就是技術試驗性雷射系統。$(br2)作為一個比較傳統的刀匠，我是不太願意在刀上加一些奇怪的東西的。不過山下那些河童們也和我關係不錯，便幫助他們在一振「魂櫻之長刀」的複製品上搭載了這一系統。"
      },
      {
         "type": "text",
         "text": "啟動這個系統的時候，我感覺到強烈的衝擊感，看起來這個系統還不是很穩定，但是十分強力。$(br2)雷射的力量十分強大。或許雷射不是實體的原因，這振刀變得意外的鋒利，甚至輕輕一抹便直接斬斷了鋼材……"
      },
      {
         "type": "text",
         "text": "「文始」，文明時代的初始。$(br2)不過文明時代，指的是那種大量使用電力，大量生產物品的時代嗎？我可能目前無法理解。$(br2)TLS系統的名字，是河童們寫的，說實話我根本看不懂。"
      },
      {
         "type": "crafting",
         "recipe": "lastsmith:flammpfeil.slashblade.named.roukan_tech"
      }
   ],
   "advancement": "lastsmith:roukan_hakurou",
   "sortnum": 0
}
