{
  "name": "四倍礦物",
  "category": "indrev:enhanced_ore_processing",
  "sortnum": 2,
  "icon": "indrev:fluid_infuser_mk4",
  "pages": [
    {
      "type": "text",
      "text": "礦石處理的最後一步能有四倍產出。你將需要一台 $(l:machines/basic_machines#fluid_infuser)$(t:Go to Fluid Infuser)$(l)$(o)固體注入機$()、$(l:machines/basic_machines#smelter)$(t:Go to Industrial Smelter)$(l)$(o)工業熔爐$()、$(l:machines/basic_machines#condenser)$(t:Go to Condenser)$(l)$(o)聚合機$()、$(l:machines/basic_machines#pulverizer)$(t:Go to Pulverizer)$(l)$(o)粉碎機$()和足量的硫酸。$(br)$(#3ead36)硫酸$()生成於沼澤的湖中，或以 $(#b3b332)琉粉$()和$(#88adf2)水$()在液體注入機中合成。"
    },
    {
      "type": "text",
      "text": "$(l)1)$()將你的礦物和硫酸放入液體注入機，淨化礦物後就能得到精煉礦石。$(br)$(l)2)$() 將你的精鍊礦石放入工業熔爐裡，它將會被融化。$(br)$(l)3)$() 將熔融的礦物放入聚合機。$(br)$(l)4)$()粉碎礦物碎塊，你將會得到礦粉。$(br)$(l)5)$()把粉燒了。$(br2)恭喜你完成礦物四倍化。"
    }
  ]
}