{
  "name": "感知工具",
  "icon": "bloodmagic:soulpickaxe",
  "category": "bloodmagic:demon_will/demonic_items",
  "pages": [
    {
      "type": "text",
      "text": "The $(l:bloodmagic:demon_will/demonic_items/sentient_sword)Sentient Sword$() has proven to be a resounding success. You find yourself wondering how other tools may react to a similar treatment... $(br2) Note that these tools, as with the $(l:bloodmagic:demon_will/demonic_items/sentient_sword)Sentient sword$(), can be repaired with $(l:bloodmagic:demon_will/will_manipulation/crystallized_will)Crystallized Will$() in an Anvil. $(br2)Did we mention that Sentient Tools and Weapons are all highly enchantable?"
    },
    {
      "type": "crafting_soulforge",
      "heading": "感知之鎬",
      "recipe": "bloodmagic:soulforge/sentientpickaxe",
      "text": "This pickaxe improves with Will, cutting through stone with ease. With no Will to power it, it is only slightly better than the $(item)Iron Pickaxe$() it was crafted from; However, with a full enough $(l:bloodmagic:demon_will/will_manipulation/soul_gem)Tartaric Gem$(), you foresee it surpassing even a $(item)Netherite Pickaxe$()."
    },
    {
      "type": "text",
      "text": "The $(item)Sentient Scythe$() is a slightly different tool to its iron counterpart. Infusing it with will has transmuted it into a fearsome weapon. While slow and not as powerful as the other weapons, its great swings will deal full damage all enemies in its range, making it an excellent choice for crowd control."
    },
    {
      "type": "crafting_soulforge",
      "heading": "感知之鐮",
      "recipe": "bloodmagic:soulforge/sentientscythe",
      "text": "As with the pickaxe, with no Will to power your scythe, it is comparatively blunt and unwieldy; However, with a full enough $(l:bloodmagic:demon_will/will_manipulation/soul_gem)Tartaric Gem$(), you foresee it becoming a devastating tool. $(br)Did we mention that it still functions as a hoe?"
    },
    {
      "type": "text",
      "text": "Much like the $(item)Sentient Pickaxe$(), the $(item)Sentient Axe$() is a noticeable improvement over its Iron counterpart. Additionally, it gets a significant buff in its damage output, making it a fearsome weapon for those who don't mind its unwieldy nature."
    },
    {
      "type": "crafting_soulforge",
      "heading": "感知之斧",
      "recipe": "bloodmagic:soulforge/sentientaxe",
      "text": "As with the pickaxe, with no Will to power your axe, it is only slightly better than the $(item)Iron Axe$() it was crafted from; However, with a full enough $(l:bloodmagic:demon_will/will_manipulation/soul_gem)Tartaric Gem$(), you foresee it surpassing even a $(item)Netherite Axe$()."
    },
    {
      "type": "text",
      "text": "Much like the $(item)Sentient Pickaxe$(), the $(item)Sentient Shovel$() is a noticeable improvement over its Iron counterpart, even without additional $(l:bloodmagic:demon_will/will_manipulation/demon_will)Demon Will$() to power it."
    },
    {
      "type": "crafting_soulforge",
      "heading": "感知之鏟",
      "recipe": "bloodmagic:soulforge/sentientshovel",
      "text": "As with the pickaxe, with no Will to power your shovel, it is only slightly better than the $(item)Iron shovel$() it was crafted from; However, with a full enough $(l:bloodmagic:demon_will/will_manipulation/soul_gem)Tartaric Gem$(), you foresee it surpassing even a $(item)Netherite Shovel$()."
    }
  ]
}
