{
  "name": "Advanced Fumes",
  "category": "distilling_and_smelting",
  "icon": "bewitchment:cleansing_balm",
  "sortnum": 2,
  "pages": [
    {
      "type": "text",
      "text": "Basic Fumes can be combined in the Distillery with other reagents, including other Fumes, in order to make more advanced mixtures used in more powerful forms of magic."
    },
    {
      "type": "bewitchment:distillery_recipe",
      "recipe": "bewitchment:cleansing_balm",
      "text": "A salve with purifying powers"
    },
    {
      "type": "bewitchment:distillery_recipe",
      "recipe": "bewitchment:demonic_elixir",
      "text": "A foul mixture infused with the essence of a demon"
    },
    {
      "type": "bewitchment:distillery_recipe",
      "recipe": "bewitchment:fiery_unguent",
      "text": "Get your spicy memes here"
    },
    {
      "type": "bewitchment:distillery_recipe",
      "recipe": "bewitchment:oil_of_vitriol",
      "text": "Cruel and bitter criticism"
    },
    {
      "type": "bewitchment:distillery_recipe",
      "recipe": "bewitchment:swirl_of_depths",
      "text": "$(o)Might be kinda hypnotic"
    },
    {
      "type": "bewitchment:distillery_recipe",
      "recipe": "bewitchment:heaven_extract",
      "text": "From the heavens"
    },
    {
      "type": "bewitchment:distillery_recipe",
      "recipe": "bewitchment:stone_ichor",
      "text": "Earthy mixture"
    },
    {
      "type": "bewitchment:distillery_recipe",
      "recipe": "bewitchment:otherworld_tears",
      "text": "If you listen closely, you can hear them cry ~"
    }
  ]
}
