{
  "name": "高級魔法精華",
  "category": "distilling_and_smelting",
  "icon": "bewitchment:cleansing_balm",
  "sortnum": 2,
  "pages": [
    {
      "type": "text",
      "text": "可以使用蒸餾器將基礎魔法精華與其他魔法試劑(當然包括其他基礎精華)混合，以便製成更高級的混合物，這種混合物在更強大的魔法中會用到。"
    },
    {
      "type": "bewitchment:distillery_recipe",
      "recipe": "bewitchment:cleansing_balm",
      "text": "具有淨化能力的藥膏"
    },
    {
      "type": "bewitchment:distillery_recipe",
      "recipe": "bewitchment:demonic_elixir",
      "text": "被注入了惡魔本質的汙穢混合物"
    },
    {
      "type": "bewitchment:distillery_recipe",
      "recipe": "bewitchment:fiery_unguent",
      "text": "想來一點土（辣）味嗎？"
    },
    {
      "type": "bewitchment:distillery_recipe",
      "recipe": "bewitchment:oil_of_vitriol",
      "text": "毫不留情的批評"
    },
    {
      "type": "bewitchment:distillery_recipe",
      "recipe": "bewitchment:swirl_of_depths",
      "text": "$(o)可能這東西具有催眠的效果"
    },
    {
      "type": "bewitchment:distillery_recipe",
      "recipe": "bewitchment:heaven_extract",
      "text": "從天堂而來"
    },
    {
      "type": "bewitchment:distillery_recipe",
      "recipe": "bewitchment:stone_ichor",
      "text": "這瓶混合物還帶著泥土的芳香"
    },
    {
      "type": "bewitchment:distillery_recipe",
      "recipe": "bewitchment:otherworld_tears",
      "text": "仔細聆聽, 你能聽到他們的哭泣"
    }
  ]
}
