{
  "name": "Bottled Frostfire",
  "category": "distilling_and_smelting",
  "icon": "bewitchment:bottled_frostfire",
  "pages": [
    {
      "type": "bewitchment:distillery_recipe",
      "recipe": "bewitchment:bottled_frostfire",
      "text": "A strange anti-fire that is cold to the touch. When placed, it can smelt iron ore into Cold Iron when thrown in"
    },
    {
      "type": "spotlight",
      "item": "bewitchment:cold_iron_ingot",
      "text": "The bane of Oberon, and the bane of spirits in general, this is iron that has been worked in a cold flame, as to keep it's pristine nature, giving it dominion against spirits."
    },
    {
      "type": "crafting",
      "recipe": "bewitchment:equipment/armor/cold_iron_helmet",
      "recipe2": "bewitchment:equipment/armor/cold_iron_chestplate"
    },
    {
      "type": "crafting",
      "recipe": "bewitchment:equipment/armor/cold_iron_leggings",
      "recipe2": "bewitchment:equipment/armor/cold_iron_boots"
    },
    {
      "type": "crafting",
      "recipe": "bewitchment:equipment/tool/cold_iron_sword",
      "recipe2": "bewitchment:equipment/tool/cold_iron_pickaxe"
    },
    {
      "type": "crafting",
      "recipe": "bewitchment:equipment/tool/cold_iron_hoe",
      "recipe2": "bewitchment:equipment/tool/cold_iron_axe"
    },
    {
      "type": "crafting",
      "recipe": "bewitchment:equipment/tool/cold_iron_shovel"
    }
  ]
}
