{
  "name": "Bottled Hellfire",
  "category": "distilling_and_smelting",
  "icon": "bewitchment:bottled_hellfire",
  "pages": [
    {
      "type": "text",
      "text": "Bottled Hellfire is a very violently burning flames, imbued with magical powers. It will not spread and can be used to heat Cauldrons in areas where mundane fires may be problematic. However, one should not allow Hellfire to touch their flesh, as it will hurt forever."
    },
    {
      "type": "bewitchment:distillery_recipe",
      "recipe": "bewitchment:bottled_hellfire"
    }
  ]
}
