{
  "name": "瓶裝霜火",
  "category": "distilling_and_smelting",
  "icon": "bewitchment:bottled_frostfire",
  "pages": [
    {
      "type": "bewitchment:distillery_recipe",
      "recipe": "bewitchment:bottled_frostfire",
      "text": "一種奇怪的火，摸起來很冷. 當放置下來時，它可以將投擲進入其中的鐵礦燒製為寒鐵錠"
    },
    {
      "type": "spotlight",
      "item": "bewitchment:cold_iron_ingot",
      "text": "它是Oberon的禍根，也是靈魂的禍根, 這種鐵在霜火中鍛造而出, 它的本質給予了它排斥精神領域的特性"
    },
    {
      "type": "crafting",
      "recipe": "bewitchment:equipment/armor/cold_iron_helmet",
      "recipe2": "bewitchment:equipment/armor/cold_iron_chestplate"
    },
    {
      "type": "crafting",
      "recipe": "bewitchment:equipment/armor/cold_iron_leggings",
      "recipe2": "bewitchment:equipment/armor/cold_iron_boots"
    },
    {
      "type": "crafting",
      "recipe": "bewitchment:equipment/tool/cold_iron_sword",
      "recipe2": "bewitchment:equipment/tool/cold_iron_pickaxe"
    },
    {
      "type": "crafting",
      "recipe": "bewitchment:equipment/tool/cold_iron_hoe",
      "recipe2": "bewitchment:equipment/tool/cold_iron_axe"
    },
    {
      "type": "crafting",
      "recipe": "bewitchment:equipment/tool/cold_iron_shovel"
    }
  ]
}
