{
  "name": "Dimensional Sand",
  "category": "distilling_and_smelting",
  "icon": "bewitchment:dimensional_sand",
  "pages": [
    {
      "type": "text",
      "text": "Dimensional Sand feels strange in your hands… it is solid, but seems to flow like a liquid, and it shimmers in an unearthly way. It is acquired by burning Eyes of Ender or Chorus Fruit in the Oven."
    },
    {
      "type": "bewitchment:oven_recipe",
      "recipe": "bewitchment:dimensional_sand",
      "text": "A green-blue material you can feel resonating with aetheric energy, along with a powerful connection to the Ender."
    },
    {
      "type": "bewitchment:oven_recipe",
      "recipe": "bewitchment:dimensional_sand_alt0"
    },
    {
      "type": "bewitchment:oven_recipe",
      "recipe": "bewitchment:dimensional_sand_alt1"
    }
  ]
}
