{
  "name": "靈皮",
  "category": "distilling_and_smelting",
  "icon": "bewitchment:ectoplasm",
  "pages": [
    {
      "type": "text",
      "text": "一種超自然的黏性物質，它會從進入精神恍惚的中介主體身上滲出，亦可以從那些表徵著精神層面的材料中得到."
    },
    {
      "type": "bewitchment:oven_recipe",
      "recipe": "bewitchment:ectoplasm",
      "text": "那麼，你想要召喚誰?"
    },
    {
      "type": "bewitchment:oven_recipe",
      "recipe": "bewitchment:ectoplasm_alt"
    }
  ]
}
