{
  "name": "Ectoplasm",
  "category": "distilling_and_smelting",
  "icon": "bewitchment:ectoplasm",
  "pages": [
    {
      "type": "text",
      "text": "A supernatural viscous substance that is supposed to exude from the body of a medium during a spiritualistic trance and form the material for the manifestation of spirits."
    },
    {
      "type": "bewitchment:oven_recipe",
      "recipe": "bewitchment:ectoplasm",
      "text": "Who you gonna call?"
    },
    {
      "type": "bewitchment:oven_recipe",
      "recipe": "bewitchment:ectoplasm_alt"
    }
  ]
}
