{
  "name": "Baffle Cap",
  "icon": "roots:baffle_cap_mushroom",
  "category": "herbs",
  "advancement": "roots:pyre",
  "pages": [
    {
      "type": "spotlight",
      "item": "roots:baffle_cap_mushroom",
      "link_recipe": true,
      "text": "Baffle Caps are a bizarre variety of fungus, the spores of which seem to confound those who mishandle it.$(br2)$(info) Larger varieties of the baffle cap may be grown in ways you'd normally grow mushrooms."
    },
    {
      "type": "ritual_crafting_template",
      "recipe": "baffle_cap"
    }
  ]
}