{
  "name": "Cloud Berry",
  "icon": "roots:cloud_berry",
  "category": "herbs",
  "advancement": "roots:pyre",
  "pages": [
    {
      "type": "spotlight",
      "item": "roots:cloud_berry",
      "link_recipe": true,
      "text": "Light and fluffy, cloud berries contain the very essence of the sky and are delicate to the touch. Even while holding them, you can almost feel your feet lift free from the ground.$(br2)$(info) Can only be grown on $(l:resources/elemental_soil)Caelic Soil.$()"
    },
    {
      "type": "ritual_crafting_template",
      "recipe": "cloud_berry"
    },
    {
      "type": "relations",
      "entries": [
        "resources/elemental_soil"
      ]
    }
  ]
}