{
  "name": "Dewgonia",
  "icon": "roots:dewgonia",
  "category": "herbs",
  "advancement": "roots:pyre",
  "pages": [
    {
      "type": "spotlight",
      "item": "roots:dewgonia",
      "link_recipe": true,
      "text": "Dewgonia grows in stalks ending in flowers, which look similar to barely-contained water and yet are less delicate than they appear.$(br2)$(info) Can only be grown on $(l:resources/elemental_soil)Aqueous Soil.$()"
    },
    {
      "type": "ritual_crafting_template",
      "recipe": "dewgonia"
    },
    {
      "type": "relations",
      "entries": [
        "resources/elemental_soil"
      ]
    }
  ]
}