{
  "name": "Infernal Bulb",
  "icon": "roots:infernal_bulb",
  "category": "herbs",
  "advancement": "roots:pyre",
  "pages": [
    {
      "type": "spotlight",
      "item": "roots:infernal_bulb",
      "link_recipe": true,
      "text": "A tough-budded flower which never seems to bloom. The bulbs from which these flowers bud are warm to the touch even after they are removed from the main plant.$(br2)$(info) Can only be grown on $(l:resources/elemental_soil)Magmatic Soil.$()"
    },
    {
      "type": "ritual_crafting_template",
      "recipe": "infernal_bulb"
    },
    {
      "type": "relations",
      "entries": [
        "resources/elemental_soil"
      ]
    }
  ]
}