{
  "name": "Moonglow Leaf",
  "icon": "roots:moonglow_leaf",
  "category": "herbs",
  "advancement": "roots:pyre",
  "pages": [
    {
      "type": "spotlight",
      "item": "roots:moonglow_leaf",
      "link_recipe": true,
      "text": "Moonglow, at a first glance, seems to glow in the dark at night; observant druids have noted that it actually emits no light at all if the moon is obscured.$(br2)$(info) Moonglow seeds can be obtained and planted on normal farmland."
    },
    {
      "type": "ritual_crafting_template",
      "recipe": "moonglow_leaf"
    },
    {
      "type": "crafting",
      "recipe": "roots:moonglow_seed"
    }
  ]
}