{
  "name": "Pereskia",
  "icon": "roots:pereskia",
  "category": "herbs",
  "advancement": "roots:pyre",
  "pages": [
    {
      "type": "spotlight",
      "item": "roots:pereskia",
      "link_recipe": true,
      "text": "Once called \"feyblossom\" due to the belief that they originated in the gardens of fairies, the flower of this plant is magically potent.$(br2)$(info) Pereskia bulbs can be planted in normal farmland.$(br2)$(info) This herb is very precious and used in a number of crafting recipes."
    },
    {
      "type": "ritual_crafting_template",
      "recipe": "pereskia"
    },
    {
      "type": "crafting",
      "recipe": "roots:pereskia_seed"
    },
    {
      "type": "smelting",
      "recipe": "roots:pereskia_bulb",
      "text": "The bulbs of the pereskia are quite delicious when cooked."
    },
    {
      "type": "relations",
      "entries": [
        "apparatus/runic_shears",
        "herbs/wildewheet",
        "herbs/spirit_herb"
      ]
    }
  ]
}