{
  "name": "Spirit Herb",
  "icon": "roots:spirit_herb",
  "category": "herbs",
  "advancement": "roots:runic_shears",
  "pages": [
    {
      "type": "spotlight",
      "item": "roots:spirit_herb",
      "link_recipe": true,
      "text": "Used in ceremonies since ancient times, Spirit Herb resonate with the spirits of the deceased.$(br2)$(info) Crafting Spirit Herb will give you seeds, which can be planted on normal farmland."
    },
    {
      "type": "runic_shears_template",
      "recipe": "spirit_herb",
      "name": "Spirit Herb",
      "text": "Use Runic Shears on a fully grown Beetroot crop to obtain a Spirit Herb."
    },
    {
      "type": "crafting",
      "recipe": "roots:spirit_herb_seed"
    },
    {
      "type": "relations",
      "entries": [
        "apparatus/runic_shears"
      ]
    }
  ]
}