{
  "name": "Wildewheet",
  "icon": "roots:wildewheet",
  "category": "herbs",
  "advancement": "roots:runic_shears",
  "pages": [
    {
      "type": "spotlight",
      "item": "roots:wildewheet",
      "link_recipe": true,
      "text": "This lesser-known but hardy variety of wheat is adored by animals, although they are hesitant to eat it.$(br2)$(info) Wildewheet can be crafted into seeds, which can be planted on normal farmland."
    },
    {
      "type": "runic_shears_template",
      "recipe": "wildewheet",
      "name": "Wildewheet",
      "text": "Use Runic Shears on a fully grown wheat crop to obtain your first wildewheet."
    },
    {
      "type": "crafting",
      "recipe": "roots:wildewheet_seed",
      "recipe2": "roots:wildewheet_bread"
    },
    {
      "type": "relations",
      "entries": [
        "apparatus/runic_shears"
      ]
    }
  ]
}