{
  "name": "血之祭壇",
  "icon": "bloodmagic:altar",
  "category": "bloodmagic:altar",
  "priority": "true",
  "extra_recipe_mappings": [
    [
      "bloodmagic:daggerofsacrifice",
      13
    ]
  ],
  "pages": [
    {
      "type": "text",
      "text": "$(item)血之祭壇$()是本模組的核心方塊，它能夠將未經處理的$(blood)血液$()轉化為純粹的$(blood)生命源質$()。雖然剛開始的時候，祭壇又小又無甚大用，但隨著你對本模組的探索逐漸深入，它的能力以及體積都會隨之增強變大，離了它，你的實力十不存一。"
    },
    {
      "type": "crafting",
      "recipe": "bloodmagic:blood_altar"
    },
    {
      "type": "text",
      "text": "放置在世界中時，$(item)血之祭壇$()能將$(blood)血液$()轉化為$(blood)生命源質$(), 血之祭壇可以利用這些源質，轉化放置在祭壇中的物品。看向祭壇時按下[$(k:use)]，你可以將單個手中的物品放入祭壇內部的物品欄。空手按下[$(k:use)]則可以將內部的物品拿出來。"
    },
    {
      "type": "multiblock",
      "name": "等級 1 血之祭壇",
      "multiblock_id": "bloodmagic:altar_one",
      "text": "等級 1 的血之祭壇，這一級別的祭壇沒有符文。"
    },
    {
      "type": "text",
      "text": "我們將「生命源質（Life Essence）」簡稱為「$(blood)LP$()」，你若想增加 $(blood)LP$()，你首先就得合成一把$(item)獻祭匕首$()。手持匕首對著空氣按下[$(k:use)]，你可以「提取」出$(blood)200 點 LP$()，這會消耗掉你一顆心的血量，並將這些 LP 轉移到附近的祭壇裡。祭壇最開始的時候最多只可以容納 10,000LP，祭壇上的池子的血液高度顯示了祭壇內填充了百分之幾的 LP。$(l:bloodmagic:alchemy_array/sigil/divination)占卜印記$(/l)可以幫助你查看祭壇的詳細數據。"
    },
    {
      "type": "crafting",
      "recipe": "bloodmagic:sacrificial_dagger",
      "anchor": "knife",
      "text": "時刻牢記，祭壇會將自身容量上限的 10% 的 $(blood)LP$()，吸收到一個它內部不可見的流體槽中，這一流體槽可以從祭壇中提取出 LP，或是向祭壇提供 $(blood)LP$()。"
    },
    {
      "type": "text",
      "text": "一旦有玩家將物品放入到血之祭壇中，祭壇就會嘗試開始合成（或是會等待一次週期性的 5 秒）。在祭壇中的 $(blood)LP$() 會被緩慢地抽取（外顯紅色粒子），進行物品轉化。如果祭壇內沒有足夠的 $(blood)LP$()，祭壇會冒出灰色的煙霧，提示你祭壇的合成進度正在丟失。一旦消耗了足夠多的 $(blood)LP$()（總量為物品數量 x 單個物品消耗），整堆物品都會被轉化為新物品。"
    },
    {
      "type": "text",
      "text": "第一個你需要製作的物品，便是$(l:bloodmagic:altar/soul_network)虛弱氣血寶珠$(/l)，預設情況下，製作原料為一顆鑽石，加上 $(blood)2000 LP$() ，製作場所為等級 1 血之祭壇。使用 Just Enough Items（JEI）即可查看血之祭壇可以合成的所有物品。"
    },
    {
      "type": "text",
      "anchor": "blank_rune",
      "text": "若想升級血之祭壇，你需要製作出$(item)血之符文$()，並將符文擺在祭壇四周。血之符文就像是祭壇的升級，並且，使用高級版本的血之符文，你還可以給予你的祭壇不同的效果。 基礎版本的血之符文為$(item)空白符文$()，沒有任何的提升效果 - 它只是單純地能夠提升你的祭壇等級而已。"
    },
    {
      "type": "crafting",
      "recipe": "bloodmagic:blood_rune_blank"
    },
    {
      "type": "text",
      "text": "想要將血之祭壇升到等級 2，你必須在祭壇周圍放置 8 個$(item)血之符文$()。非四角的符文可以提供提升效果，而四角符文無法提供提升效果，直到等級 3 血之祭壇，四角處的符文才能充當提升效果符文。"
    },
    {
      "type": "multiblock",
      "name": "等級 2 血之祭壇",
      "multiblock_id": "bloodmagic:altar_two",
      "text": "等級 2 血之祭壇，有 8 個符文。"
    },
    {
      "type": "text",
      "anchor": "dagger_of_sacrifice",
      "text": "現在，你有了一個等級 2 祭壇，所以你可以嘗試從別人身上搞來$(blood)生命源質$()了。你現在可以用$(item)獻祭匕首$()獻祭站在祭壇旁兩格以內的別的生物（怪物或是被動生物），被獻祭的生物會被秒殺，並給予你適量的$(blood)LP$()。$(l:bloodmagic:altar/blood_rune/sacrifice_rune)獻祭符文$()可以提升你獻祭生物所獲得的 $(blood)LP$() 量。不同生物在獻祭後所給予的 $(blood)LP$() 量也不同。參看設定檔案可以獲得更加詳細的訊息。"
    },
    {
      "type": "crafting_altar",
      "heading": "獻祭匕首",
      "recipe": "bloodmagic:altar/daggerofsacrifice",
      "text": "獻祭村民，有趣有益！"
    },
    {
      "type": "text",
      "text": "若想將血之祭壇升到等級 3，你需要在之前的符文圈的每邊外的一層低、兩格遠的地方，再放上一圈$(item)血之符文$()，然後再在四角方塊的上方放上兩格方塊（也就是示例中$(item)石磚$()的位置），這樣就構成了新一圈的符文。接著再在每個柱子的頂部放上$(item)螢光石方塊$()。$(br)若想確認升級成功，你可以用$(l:bloodmagic:alchemy_array/sigil/divination)占卜印記$(/l)確認祭壇的等級。注意，四角柱子的的底部方塊可以使任何非空氣方塊。"
    },
    {
      "type": "multiblock",
      "name": "等級 3 血之祭壇",
      "multiblock_id": "bloodmagic:altar_three",
      "text": "等級 3 血之祭壇，共有 28 個符文。"
    },
    {
      "type": "text",
      "text": "若想將血之祭壇升到等級 4，你需要在之前的符文圈的每邊外的一層低、兩格遠的地方，再放上 7 個$(item)血之符文$()。然後在四個角各放上一個固體方塊，這樣就構成了新一圈的符文。接著再在每個柱子的頂部放上$(l:bloodmagic:utility/bloodstone_bricks)血石磚$(/l)以及 / 或者$(l:bloodmagic:utility/bloodstone_bricks)大血石磚$(/l)。"
    },
    {
      "type": "multiblock",
      "name": "等級 4 血之祭壇",
      "multiblock_id": "bloodmagic:altar_four",
      "text": "等級 4 血之祭壇，共有 56 個符文。"
    },
    {
      "type": "text",
      "text": "[WIP Notes]$(br)[等級-5 has No Content yet!]"
    },
    {
      "type": "multiblock",
      "name": "等級 5 血之祭壇",
      "multiblock_id": "bloodmagic:altar_five",
      "text": "等級 5 血之祭壇，共有 108 個符文。"
    }
  ]
}
