{
  "name": "紅石與自動化",
  "icon": "minecraft:redstone",
  "category": "bloodmagic:altar",
  "pages": [
    {
      "type": "text",
      "text": "$(l:bloodmagic:altar/blood_altar)血之祭壇$()乃是令人讚嘆的工具，但傻站在它旁邊，等著祭壇內的石板一個一個地合成，這就不是什麼快活時光了。好在，祭壇支持物品與 $(blood)LP$() 的自動化輸入輸出，這裡有一些關於這方面的注意事項。$(br2)當你使用$(item)漏斗$()自動輸入物品時，祭壇並不會阻止超過 1 個物品的輸入。它很樂意一次性合成 64 份石板，並消耗掉 64 份對應的 $(blood)LP$()。"
    },
    {
      "type": "text",
      "text": "然而，如果你的 $(blood)LP$() 供應速度不夠快，那你就有麻煩了。$(br2)此外，不會自動區分出輸入物和輸出物，所以，如果你沒有使用過濾器一類的東西進行控制，那麼，你的傳輸系統就會以最高工作頻率，不斷地對祭壇內的物品進行輸入和抽出。也許你可以研究一下路由節點的相關訊息，它可以幫你解決這些問題（等它實裝吧）。"
    },
    {
      "type": "text",
      "text": "祭壇同樣也支持$(blood)生命源質$()的傳輸，利用外部儲罐輸入或是輸出均可。你可以選擇你心儀的流體管道，將祭壇內的$(blood)生命源質$()抽出，用於之後的合成。$(br2)注意，預設的傳輸速度非常緩慢。如果你需要加速這一過程，你最好研究一下$(l:bloodmagic:altar/blood_rune/acceleration_rune)促速符文$()和$(l:bloodmagic:altar/blood_rune/dislocation_rune)轉位符文$()。"
    },
    {
      "type": "text",
      "text": "別忘了，$(blood)生命源質$()可不是直接從$(l:bloodmagic:altar/blood_altar)祭壇$()本身提取出來的，而是從一個次級 的、隱秘的內部流體槽中提取出來的。這一流體槽可以儲存祭壇容量的 10% 的血液，所以，如果你感覺你的祭壇的數值增量不大對勁，或是祭壇內的$(blood)生命源質$()逐漸消失，那估計這些源質就跑到了這個流體槽裡。這一限制也同樣會出現在抽取$(blood)生命源質$()的過程中。"
    },
    {
      "type": "text",
      "text": "(Also not implemented:) $(strike)你可以在側邊使用比較器閱讀血之祭壇內的 $(blood)LP$()$(strike) 值，這和原版的儲物箱類似。$(br2)$(strike)如果你在祭壇下方放置了一塊$(item)血石磚$()$(strike)，那麼比較器便會轉而閱讀放置在祭壇內寶珠的主人的$(l:bloodmagic:altar/soul_network)靈魂網路$(/l)。$(br2)$(strike)訊號強度取決於祭壇內寶珠的寶珠大小。而不是寶珠內網路的最大 $(blood)LP$()$(strike) 值，"
    },
    {
      "type": "text",
      "text": "$(strike)比方說，如果你有 $(blood)500,000 LP$()$(strike)，那麼一個虛弱氣血寶珠便會讓訊號全滿，而一個大師氣血寶珠只會讓訊號半滿。這一特性可以用在一些特定場景，例如，在 $(blood)LP$()$(strike) 過低時關閉一些特定的儀式，確保你不會被榨乾。$(br2)$(strike)最後，如果是在祭壇下方放上$(item)紅石燈$()$(strike)，比較器便會在合成結束時釋放紅石訊號。現在，只需要轉動起你的小腦袋瓜，這些特性應該足以讓你的石板生產完全自動化了。"
    }
  ]
}
