{
    "name": "遠古知識",
    "icon": "minecraft:experience_bottle",
    "category": "apotheosis:potion/effects",
    "flag": "apotheosis:potion",
    "sortnum": 0,
    "pages": [
        {
            "type": "patchouli:text",
            "text": "古代知識$(9)藥水$()是一種有益的效果。$(p)你殺死的生物產生的任何經驗都會成倍增加。"
        },
        {
            "type": "patchouli:text",
            "text": "在I級，經驗值會翻 2 倍。$(p)在II級，經驗值會翻 8 倍。"
        }
    ]
}