{
    "name": "破甲",
    "icon": "apotheosis:textures/mob_effect/sundering.png",
    "category": "apotheosis:potion/effects",
    "flag": "apotheosis:potion",
    "sortnum": 0,
    "pages": [
        {
            "type": "patchouli:text",
            "text": "$(c)破甲$()是一種負面效果。$(p)使所有受到的傷害每級增加 20%。"
        },
        {
            "type": "patchouli:text",
            "text": "破甲作為抗性的相反效果，能和抗性互相抵銷。$(p)如果你有破甲 II和抗性 II，你會受到正常的傷害。"
        }
    ]
}