<?xml version="1.0" encoding="utf-8"?>
<library>
    <template id="horizontal_rule" height="15">
        <p align="center"><image src="arcanearchives:gui/book" w="120" h="7" tx="50" ty="10"/></p>
    </template>

    <template id="page_title_shorter" height="32" mode="flow">
        <p align="center"><image src="gbook_snapshot:gui/book" w="120" h="7" tx="50" ty="10"/></p>
        <space height="4"/>
        <element index="0" align="center" scale="1.5"/> <!-- Intended use with one-line paragraph -->
        <p align="center"><image src="gbook_snapshot:gui/book" w="120" h="7" tx="50" ty="10"/></p>
    </template>
</library>
