{
  "title": "盔甲組裝台和裝配台",
  "text": [
    {
      "text": "要製作護甲，你需要兩個新的匠魂工作檯：盔甲組裝台和盔甲裝配台。"
    },
    {
      "text": "盔甲組裝台是入門級別的護甲工作檯。它可以製作護甲、修理和更換部件，但它不能對護甲進行強化。",
      "paragraph": true
    },
    {
      "text": "盔甲裝配台是升級的盔甲組裝台，能夠最終強化護甲以獲得更強的能力。",
      "paragraph": true
    }
  ]
}