{
  "name": "Aubergine",
  "icon": "mysticalworld:aubergine",
  "category": "cuisine",
  "pages": [
    {
      "type": "spotlight",
      "link_recipe": true,
      "item": "mysticalworld:cooked_aubergine",
      "text": "Aubergine can be harvested from $(l:crops/aubergine)mature aubergine crops$() and used in multiple ways."
    },
    {
      "type": "smelting",
      "recipe": "mysticalworld:aubergine",
      "title": "Cooked Aubergine",
      "text": "Once cooked and with the seeds removed, further additions can be made to the aubergine to make it even tastier!"
    },
    {
      "type": "crafting",
      "recipe": "mysticalworld:stuffed_aubergine",
      "title": "Stuffed Aubergine",
      "text": "A great vegetarian delicacy, the aubergine is combined with beets, carrots & potatoes for a truly magnificent meal!"
    }
  ]
}
