{
  "name": "Toasted Seeds",
  "icon": "mysticalworld:cooked_seeds",
  "category": "cuisine",
  "pages": [
    {
      "type": "crafting",
      "link_recipe": true,
      "recipe": "mysticalworld:assorted_seeds",
      "text": "Any 4 seeds of any variety of types can be combined together to form assorted seeds."
    },
    {
      "type": "smelting",
      "recipe": "mysticalworld:assorted_seeds",
      "title": "Toasted Seeds",
      "text": "A simple and quick snack that allows you to use up excess amounts of seeds, they provide a burst of energy just when you need it!"
    }
  ]
}
