{
  "name": "烤種子",
  "icon": "mysticalworld:cooked_seeds",
  "category": "cuisine",
  "pages": [
    {
      "type": "crafting",
      "link_recipe": true,
      "recipe": "mysticalworld:assorted_seeds",
      "text": "任意4個種子合成就可以得到混合種子。"
    },
    {
      "type": "smelting",
      "recipe": "mysticalworld:assorted_seeds",
      "title": "烤製種子",
      "text": "用多餘的種子就可以製作的簡單小零食，在你需要的時候給你補充能量！"
    }
  ]
}
