{
  "name": "Venison",
  "icon": "mysticalworld:cooked_venison",
  "category": "cuisine",
  "pages": [
    {
      "type": "spotlight",
      "link_recipe": true,
      "item": "mysticalworld:venison",
      "text": "Venison can be gathered from $(l:creatures/deer)deer$() and cooked into a hearty meal."
    },
    {
      "type": "smelting",
      "recipe": "mysticalworld:venison",
      "title": "Cooked Venison",
      "text": "Cooked form of the raw meat can also be obtained from deer that were killed while burning or with fire damage."
    }
  ]
}
