{
  "title": "歡迎",
  "text": [
    {
      "text": "歡迎閱讀《護甲鍛造手冊》！"
    },
    {
      "text": "如果你正在讀這本書，這就說明你一定是一位強悍的匠人，正期望步入裝甲的領域。這本指導書會與你在鑄造絕世護甲之路上同行。你會在這裡找到關於裝配台的訊息，還有不同的材料將如何影響你的裝備。",
      "paragraph": true
    },
    {
      "text": "師傅領進門，修行靠個人。祝你在鑄造之路上順風順水。",
      "paragraph": true
    }
  ]
}