{
    "name": "法術抄寫台",
    "icon": "ancientspellcraft:scribing_desk",
    "category": "2_研究中",
    "sortnum": 3,
    "pages": [
        {
            "type": "spotlight",
            "item": "ancientspellcraft:scribing_desk",
            "text": " 抄寫台可以用來把從奧術遺物中發現的知識轉化為一些實際用途……\n法術類型的石碑可以與寫字台一起使用來製作古代法術書。",
            "link_recipe": false
        },
        {
            "type": "crafting",
            "recipe": "ancientspellcraft:scribing_desk",
            "title": "法術抄寫台",
            "text": "法術抄寫台可以在合成台中被合成"
        },
        {
            "type": "image",
            "images": [
                "ancientspellcraft:textures/gui/entries/scribing_desk_gui_1.png"
            ],
            "title": "法術抄寫台",
            "text": ""
        },
        {
            "type": "text",
            "text": "法術抄寫台擁有7個物品欄。$(br)- 左上角欄位放置遺物像是石頭平板。$(br)- 左下角欄位放置魔法水晶。$(br)- 中間的書本欄位放置普通的書。$(br)- 右下角欄位放置墨水。$(br)- 另外中間三個欄位是放置材料"
        }
    ]
}