{
    "name": "Shield of Honor",
    "icon": "xat:damage_shield",
    "category": "trinkets",
    "pages": [
        {
            "type": "text",
            "text": "The Shield of Honor grants its wearer the resistance status effect as well as the ability to ignore the damage of every fourth attack."
        },
        {
            "type": "text",
            "text": "$(l)Default Attribute modifiers:$()$(br)$(2)+75%$() Explosion Damage Resistance$(br2)$(l)Mod Compatibility:$()$(br)$(n)First Aid$(): 1% chance to ignore headshot$(br)$(n)Enhanced Visuals$(): Removes the blur from explosions"
        },
        {
            "type": "合成",
            "text": "$(o)Disclaimer: Does not allow you to take 25% of other players' damage.",
            "recipe": "xat:shield_of_honor"
        }
    ]
}