{
    "name": "Ring of Enchanted Eyes",
    "icon": "xat:glow_ring",
    "category": "trinkets",
    "pages": [
        {
            "type": "text",
            "text": "The Ring of Enchanted Eyes is a wearable ring which grants its wearer night vision and immunity to blindness. This is used to craft the Dragon's Eye."
        },
        {
            "type": "crafting",
            "text": "$(o)Well boys, we did it. Nyctophobia is no more.",
            "recipe": "xat:glow_ring"
        }
    ]
}