{
    "name": "Wither Ring",
    "icon": "xat:wither_ring",
    "category": "trinkets",
    "pages": [
        {
            "type": "text",
            "text": "The Wither Ring grants its wearer immunity to the wither status effect. Additionally, the wearer has a chance of inflicting wither damage with their attacks, and can steal health from withered entities.$(br2)Item idea originally by BlockBreaker1361"
        },
        {
            "type": "crafting",
            "text": "$(o)Finally, revenge for all those times Wither Skeletons decided to be annoying.",
            "recipe": "xat:wither_ring"
        }
    ]
}