{
  "name": "Chunk Controller",
  "icon": "advancedperipherals:chunk_controller",
  "category": "advancedperipherals:items",
  "pages": [
    {
      "type": "text",
      "text": "The Chunk Controller is a crafting ingredient for the Chunky Turtle.$(p)Combine with a turtle or advanced turtle to make it chunk-loading!$(p)For the full documentation please see the $(9)$(l:https://docs.srendi.de/items/chunk_controller/)official wiki page$(/l)$()!"
    },
    {
      "type": "crafting",
      "recipe": "advancedperipherals:chunk_controller"
    }
  ]
}
