{
  "name": "區塊控制器",
  "icon": "advancedperipherals:chunk_controller",
  "category": "advancedperipherals:items",
  "pages": [
    {
      "type": "text",
      "text": "\nChunk Controller 是 Chunky Turtle 的製作原料。$(p)與海龜或高級海龜組合以使其載入塊！$(p)有關完整文檔，請參閱 $(9)$(l:https ://docs.srendi.de/items/chunk_controller/)官方維基頁面$(/l)$()！"
    },
    {
      "type": "crafting",
      "recipe": "advancedperipherals:chunk_controller"
    }
  ]
}
