{
  "name": "Computer Tool",
  "icon": "advancedperipherals:computer_tool",
  "category": "advancedperipherals:items",
  "pages": [
    {
      "type": "text",
      "text": "The Computer Tool is a tool to open GUI's from our blocks. Currently, the Computer Tool is useless, it's just a wonderful item.$(p)For the full documentation please see the $(9)$(l:https://docs.srendi.de/items/computer_tool/)official wiki page$(/l)$()!"
    },
    {
      "type": "crafting",
      "recipe": "advancedperipherals:computer_tool"
    }
  ]
}
