{
  "name": "分裂倉簡介",
  "icon": "alchemistry:fission_controller",
  "category": "fission_category",
  "pages": [
    {
      "type": "text",
      "text": "分裂倉可以使一種元素變為另外兩種原子序數之和等於該元素的兩種元素，除氫氣外，所有元素都可以進行分裂反應，反應列表在JEI中查看。"
    },
    {
      "type": "crafting",
      "recipe": "alchemistry:fission_controller",
      "recipe2": "alchemistry:fission_core"
    },
    {
      "type": "crafting",
      "recipe": "alchemistry:fission_casing"
    }
  ]
}