{
  "name": "Fission Multiblock Template",
  "icon": "alchemistry:fission_casing",
  "category": "fission_category",
  "pages": [
    {
      "type": "multiblock",
      "name": "Fission Multiblock",
      "multiblock": {
        "pattern": [
          [
            "CCCCC",
            "CCCCC",
            "CCCCC",
            "CCCCC",
            "CCCCC",
            "     "
          ],
          [
            "CCCCC",
            "C   C",
            "C R C",
            "C   C",
            "CCCCC",
            "     "
          ],
          [
            "CCCCC",
            "C   C",
            "C R C",
            "C   C",
            "CCCCC",
            "     "
          ],
          [
            "CCCCC",
            "C   C",
            "C R C",
            "C   C",
            "CCCCC",
            "     "
          ],
          [
            "CCCCC",
            "CCCCC",
            "CC0CC",
            "CCCCC",
            "CCCCC",
            "  T  "
          ]
        ],
        "mapping": {
          "C": "alchemistry:fission_casing",
          "T": "alchemistry:fission_controller",
          "R": "alchemistry:fission_core",
          "0": "alchemistry:fission_casing"
        }
      }
    },
    {
      "type": "text",
      "text": "98x Fission Casing $(br) 3x Fission Core $(br) 1x Fission Controller"
    }
  ]
}