{
  "name": "強化手冊",
  "icon": "bloodmagic:upgradetome",
  "priority": true,
  "category": "bloodmagic:alchemy_array/living_equipment",
  "extra_recipe_mappings": [
    [
      "bloodmagic:upgradetome",
      0
    ]
  ],
  "pages": [
    {
      "type": "text",
      "text": "啟動$(l:bloodmagic:rituals/ritual_list/ritual_upgrade_remove)淨靈之音$()儀式後，一系列的魔法手冊會在你的周圍顯現。$(br2)通過手持強化手冊並按下[$(k:use)]，你可以“教”你的胸甲對應的一級技能(假設它有足夠的點數來學習它)。 按著[$(k:sneak)]加[$(k:use)]會直接升至與手冊相應的等級。"
    },
    {
      "type": "text",
      "text": "這樣做將會消耗$(item)手冊$()並將其中的所有經驗值輸出到你的胸甲上 - 除非沒有足夠的$(thing)升級點數$()。 $(br2)在這種情況下，手冊將輸出盡可能多的經驗值並存儲其餘部分 - 除非剩餘的經驗值少於 1 等，在這種情況下，手冊將被銷毀。"
    },
    {
      "type": "text",
      "text": "這是一種更好的方式，可以將升級重點放在您需要的能力上，同時方便地去除那些您認為不太有用的能力。 $(br2)或者，你可以教不同的胸甲不同的技能，你可以有一個胸甲用於採礦，一個用於戰鬥，另一個用於探索。"
    }
  ]
}
