{
  "name": "botania.entry.lokiRing",
  "category": "botania:alfhomancy",
  "icon": "botania:loki_ring",
  "entry_color": "aa00aa",
  "advancement": "botania:challenge/loki_ring",
  "flag": "botania:relics",
  "pages": [
    {
      "type": "text",
      "text": "botania.page.lokiRing0"
    },
    {
      "type": "text",
      "text": "botania.page.lokiRing1"
    },
    {
      "type": "text",
      "text": "botania.page.lokiRing2"
    },
    {
      "type": "text",
      "text": "botania.page.lokiRing3"
    }
  ]
}
