{
  "category": "bewitchment:introduction",
  "name": "銀",
  "icon": "bewitchment:silver_ingot",
  "pages": [
    {
      "type": "text",
      "text": "Generating near Gold, Silver is a symbol of purity.$(br2)Blocks of Silver will damage unholy entities that stand on top of it.$(br2)Any time the term unholy entity is used in this book is equivalent to if the given entity has a weakness to the Smite enchantment."
    },
    {
      "type": "image",
      "images": [
        "bewitchment:textures/gui/patchouli/silver_ore.png"
      ],
      "border": true
    },
    {
      "type": "smelting",
      "recipe": "bewitchment:silver_ingot",
      "text": "Silver Ore can be processed in Furnaces and Blast Furnaces."
    },
    {
      "type": "crafting",
      "recipe": "bewitchment:silver_block",
      "recipe2": "bewitchment:silver_nugget"
    },
    {
      "type": "crafting",
      "recipe": "bewitchment:silver_arrow",
      "text": "Silver arrows can be shot just like normal arrows, but they have a built-in Smite effect."
    }
  ]
}
