{
  "name": "Call of the Zephyr",
  "icon": "minecraft:hopper",
  "category": "bloodmagic:rituals/ritual_list",
  "pages": [
    {
      "type": "multiblock",
      "name": "Call of the Zephyr",
      "multiblock_id": "bloodmagic:zephyr",
      "text": "使用$(l:bloodmagic:rituals/ritual_diviner)儀式推測仗$(/l)來輕鬆建造。"
    },
    {
      "type": "bloodmagic:ritual_info",
      "ritual": "zephyr"
    },
    {
      "type": "bloodmagic:ritual_data",
      "ritual": "zephyr",
      "page_type": "zephyrRange"
    },
    {
      "type": "bloodmagic:ritual_data",
      "ritual": "zephyr",
      "page_type": "chest"
    }
  ]
}