{
  "name": "牧養儀式",
  "icon": "minecraft:white_wool",
  "category": "bloodmagic:rituals/ritual_list",
  "pages": [
    {
      "type": "multiblock",
      "name": "牧養儀式",
      "multiblock_id": "bloodmagic:animal_growth",
      "text": "使用$(l:bloodmagic:rituals/ritual_diviner)儀式推測仗 [薄暮]$(/l)來輕鬆建造。"
    },
    {
      "type": "bloodmagic:ritual_info",
      "ritual": "animal_growth"
    },
    {
      "type": "bloodmagic:ritual_data",
      "ritual": "animal_growth",
      "page_type": "raw",
      "text_overrides": [
        [
          "Raw Will",
          "raw"
        ]
      ]
    },
    {
      "type": "bloodmagic:ritual_data",
      "ritual": "animal_growth",
      "page_type": "vengeful"
    },
    {
      "type": "bloodmagic:ritual_data",
      "ritual": "animal_growth",
      "page_type": "destructive"
    },
    {
      "type": "bloodmagic:ritual_data",
      "ritual": "animal_growth",
      "page_type": "steadfast",
      "text_overrides": [
        [
          "chest",
          "item"
        ]
      ]
    },
    {
      "type": "bloodmagic:ritual_data",
      "ritual": "animal_growth",
      "page_type": "growing"
    },
    {
      "type": "bloodmagic:ritual_data",
      "ritual": "animal_growth",
      "page_type": "chest",
      "text": "需要$(steadfast)堅毅意志$()。"
    }
  ]
}
