{
  "name": "湧泉儀式",
  "icon": "minecraft:water_bucket",
  "category": "bloodmagic:rituals/ritual_list",
  "pages": [
    {
      "type": "multiblock",
      "name": "湧泉儀式",
      "multiblock_id": "bloodmagic:water",
      "text": "使用$(l:bloodmagic:rituals/ritual_diviner)儀式推測仗$(/l)來輕鬆建造。"
    },
    {
      "type": "bloodmagic:ritual_info",
      "ritual": "water",
      "text_overrides": [
        [
          "Master Ritual Stone",
          "l:bloodmagic:rituals/ritual_stones"
        ]
      ]
    },
    {
      "type": "bloodmagic:ritual_data",
      "ritual": "water",
      "page_type": "waterRange"
    }
  ]
}
