{
  "name": "凈靈之音",
  "icon": "bloodmagic:upgradetome",
  "category": "bloodmagic:rituals/ritual_list",
  "pages": [
    {
      "type": "multiblock",
      "name": "凈靈之音",
      "multiblock_id": "bloodmagic:upgrade_remove",
      "text": "使用$(l:bloodmagic:rituals/ritual_diviner)儀式推測仗 [薄暮]$(/l)來輕鬆建造。"
    },
    {
      "type": "bloodmagic:ritual_info",
      "ritual": "upgrade_remove",
      "text_overrides": [
        [
          "Living Armor",
          "l:bloodmagic:alchemy_array/living_equipment/living_basics"
        ],
        [
          "Upgrade Tomes",
          "l:bloodmagic:alchemy_array/living_equipment/living_tomes"
        ]
      ]
    }
  ]
}
