{
  "name": "挖掘儀式",
  "icon": "minecraft:iron_pickaxe",
  "category": "bloodmagic:rituals/ritual_list",
  "pages": [
    {
      "type": "multiblock",
      "name": "挖掘儀式",
      "multiblock_id": "bloodmagic:crushing",
      "text": "使用$(l:bloodmagic:rituals/ritual_diviner)儀式推測仗 [薄暮]$(/l)來輕鬆建造。"
    },
    {
      "type": "bloodmagic:ritual_info",
      "ritual": "crushing"
    },
    {
      "type": "bloodmagic:ritual_data",
      "ritual": "crushing",
      "page_type": "raw",
      "text_overrides": [
        [
          "Raw Will",
          "raw"
        ]
      ]
    },
    {
      "type": "bloodmagic:ritual_data",
      "ritual": "crushing",
      "page_type": "corrosive",
      "text_overrides": [
        [
          "Cutting Fluid",
          "l:bloodmagic:alchemy_table/alchemy_table#cutting_fluid"
        ],
        [
          "Silk Touch",
          "item"
        ]
      ]
    },
    {
      "type": "bloodmagic:ritual_data",
      "ritual": "crushing",
      "page_type": "vengeful",
      "text": "例如，它會將煤炭變成煤炭塊，將紅石粉變成紅石磚等。"
    },
    {
      "type": "bloodmagic:ritual_data",
      "ritual": "crushing",
      "page_type": "destructive",
      "text_overrides": [
        [
          "Fortune III",
          "item"
        ]
      ]
    },
    {
      "type": "bloodmagic:ritual_data",
      "ritual": "crushing",
      "page_type": "steadfast",
      "text_overrides": [
        [
          "Silk Touch",
          "item"
        ],
        [
          "Fortune",
          "item"
        ]
      ]
    },
    {
      "type": "bloodmagic:ritual_data",
      "ritual": "crushing",
      "page_type": "chest"
    },
    {
      "type": "bloodmagic:ritual_data",
      "ritual": "crushing",
      "page_type": "crushingRange"
    }
  ]
}
