{
  "name": "苦難之井",
  "icon": "bloodmagic:life_essence_bucket",
  "category": "bloodmagic:rituals/ritual_list",
  "pages": [
    {
      "type": "multiblock",
      "name": "Well Of Suffering",
      "multiblock_id": "bloodmagic:well_of_suffering",
      "text": "使用$(l:bloodmagic:rituals/ritual_diviner)儀式推測仗 [薄暮]$(/l)來輕鬆建造。"
    },
    {
      "type": "bloodmagic:ritual_info",
      "ritual": "well_of_suffering",
      "text_overrides": [
        [
          "LP",
          "blood"
        ],
        [
          "blood altar",
          "l:bloodmagic:altar/blood_altar"
        ]
      ]
    },
    {
      "type": "text",
      "text": "This ritual attacks mobs within its damage zone and puts the harvested $(blood)Blood$() into a nearby $(l:bloodmagic:altar/blood_altar)Blood Altar$(). Put a $(l:bloodmagic:altar/soul_network)Blood Orb$() in the Altar, maybe add a few $(l:bloodmagic:altar/blood_rune/sacrifice_rune)Runes of Sacrifice$() for good measure and you'll never have to worry about your LP supplies again... As long as you can supply enough mobs."
    },
    {
      "type": "bloodmagic:ritual_data",
      "ritual": "well_of_suffering",
      "page_type": "altar",
      "text": "The Ritual can only link to one altar at a time.",
      "text_overrides": [
        [
          "Blood Altar",
          "l:bloodmagic:altar/blood_altar"
        ],
        [
          " Blood",
          "blood"
        ]
      ]
    },
    {
      "type": "bloodmagic:ritual_data",
      "ritual": "well_of_suffering",
      "page_type": "damage",
      "text": "Mobs will still drop non-Player Kill mob drops."
    }
  ]
}
