{
  "name": "綠叢儀式",
  "icon": "minecraft:bone_meal",
  "category": "bloodmagic:rituals/ritual_list",
  "pages": [
    {
      "type": "multiblock",
      "name": "綠叢儀式",
      "multiblock_id": "bloodmagic:green_grove",
      "text": "使用$(l:bloodmagic:rituals/ritual_diviner)儀式推測仗$(/l)來輕鬆建造。"
    },
    {
      "type": "bloodmagic:ritual_info",
      "ritual": "green_grove"
    },
    {
      "type": "bloodmagic:ritual_data",
      "ritual": "green_grove",
      "page_type": "raw",
      "text_overrides": [
        [
          "Raw Will",
          "raw"
        ]
      ]
    },
    {
      "type": "bloodmagic:ritual_data",
      "ritual": "green_grove",
      "page_type": "corrosive"
    },
    {
      "type": "bloodmagic:ritual_data",
      "ritual": "green_grove",
      "page_type": "vengeful"
    },
    {
      "type": "bloodmagic:ritual_data",
      "ritual": "green_grove",
      "page_type": "destructive",
      "text_overrides": [
        [
          "Destructive Will",
          "destructive"
        ]
      ]
    },
    {
      "type": "bloodmagic:ritual_data",
      "ritual": "green_grove",
      "page_type": "steadfast"
    },
    {
      "type": "bloodmagic:ritual_data",
      "ritual": "green_grove",
      "page_type": "growing"
    },
    {
      "type": "bloodmagic:ritual_data",
      "ritual": "green_grove",
      "page_type": "hydrate"
    },
    {
      "type": "bloodmagic:ritual_data",
      "ritual": "green_grove",
      "page_type": "leech"
    }
  ]
}
