{
  "name": "苦難之井",
  "icon": "bloodmagic:life_essence_bucket",
  "category": "bloodmagic:rituals/ritual_list",
  "pages": [
    {
      "type": "multiblock",
      "name": "苦難之井",
      "multiblock_id": "bloodmagic:well_of_suffering",
      "text": "使用$(l:bloodmagic:rituals/ritual_diviner)儀式推測仗 [薄暮]$(/l)來輕鬆建造。"
    },
    {
      "type": "bloodmagic:ritual_info",
      "ritual": "well_of_suffering",
      "text_overrides": [
        [
          "LP",
          "blood"
        ],
        [
          "blood altar",
          "l:bloodmagic:altar/blood_altar"
        ]
      ]
    },
    {
      "type": "text",
      "text": "這個儀式會攻擊其傷害範圍內的生物，並將收穫的$(blood)血液$()存入附近的$(l:bloodmagic:altar/blood_altar)血之祭壇$()。將$(l:bloodmagic:altar/soul_network)氣血寶珠$()放在祭壇中，也許可以添加一些$(l:bloodmagic:altar/blood_rune/sacrifice_rune)獻祭符文$()以獲得良好的測量效果，再也不用擔心你的LP補給了……只要你能準備足夠的生物。"
    },
    {
      "type": "bloodmagic:ritual_data",
      "ritual": "well_of_suffering",
      "page_type": "altar",
      "text": "儀式一次只能連結到一個祭壇。",
      "text_overrides": [
        [
          "Blood Altar",
          "l:bloodmagic:altar/blood_altar"
        ],
        [
          " Blood",
          "blood"
        ]
      ]
    },
    {
      "type": "bloodmagic:ritual_data",
      "ritual": "well_of_suffering",
      "page_type": "damage",
      "text": "生物仍然只會掉落非玩家殺害的生物掉落物。"
    }
  ]
}
