{
  "name": "結晶共鳴",
  "icon": "bloodmagic:vengefulcrystal",
  "category": "bloodmagic:rituals/ritual_list",
  "pages": [
    {
      "type": "multiblock",
      "name": "結晶共鳴",
      "multiblock_id": "bloodmagic:crystal_split",
      "text": "使用$(l:bloodmagic:rituals/ritual_diviner)儀式推測仗 [薄暮]$(/l)來輕鬆建造。"
    },
    {
      "type": "bloodmagic:ritual_info",
      "ritual": "crystal_split",
      "text_overrides": [
        [
          "Raw crystal cluster",
          "l:bloodmagic:demon_will/will_manipulation/crystallized_will"
        ],
        [
          "aspected crystal clusters",
          "l:bloodmagic:demon_will/will_manipulation/aspected_will"
        ]
      ]
    },
    {
      "type": "text",
      "text": "This ritual takes a well grown (at least 5 spires) $(l:bloodmagic:demon_will/will_manipulation/crystallized_will)Raw Crystal Cluster$(/l) located 2 blocks above the $(item)Master Ritual Stone$(), and splits it into new single spires of each $(l:bloodmagic:demon_will/will_manipulation/aspected_will)Aspected Will$(/l) Crystal Clusters located directly above the 4 elemental Ritual Stones. This spacing is designed to accommodate a $(item)Demon Crystallizer$() on top of the $(item)Master Ritual Stone$().$(br2)For information on growing Demon Will Crystals, please see $(l:bloodmagic:demon_will/will_manipulation/crystallized_will)Crystallized Will$(/l)."
    },
    {
      "type": "image",
      "title": "Ritual Setup",
      "images": [
        "bloodmagic:images/entries/demon_will/will_splitting.png"
      ],
      "border": true,
      "text": "Recommended setup for the Resonance of the Faceted Crystal ritual."
    }
  ]
}
