{
  "name": "重生儀式",
  "icon": "minecraft:golden_apple",
  "category": "bloodmagic:rituals/ritual_list",
  "pages": [
    {
      "type": "multiblock",
      "name": "重生儀式",
      "multiblock_id": "bloodmagic:regeneration",
      "text": "使用$(l:bloodmagic:rituals/ritual_diviner)儀式推測仗 [薄暮]$(/l)來輕鬆建造。"
    },
    {
      "type": "bloodmagic:ritual_info",
      "ritual": "regeneration"
    },
    {
      "type": "bloodmagic:ritual_data",
      "ritual": "regeneration",
      "page_type": "corrosive"
    },
    {
      "type": "bloodmagic:ritual_data",
      "ritual": "regeneration",
      "page_type": "heal"
    },
    {
      "type": "bloodmagic:ritual_data",
      "ritual": "regeneration",
      "page_type": "vampire",
      "text": "需要$(corrosive)腐蝕意志$()."
    }
  ]
}
