{
  "name": "祕境之刃",
  "icon": "bloodmagic:simplekey",
  "category": "bloodmagic:rituals/ritual_list",
  "pages": [
    {
      "type": "multiblock",
      "name": "祕境之刃",
      "multiblock_id": "bloodmagic:simple_dungeon",
      "text": "使用$(l:bloodmagic:rituals/ritual_diviner)儀式推測仗$(/l)來輕鬆建造。"
    },
    {
      "type": "bloodmagic:ritual_info",
      "ritual": "simple_dungeon",
      "text_overrides": [
        [
          "Demon Realm",
          "thing"
        ]
      ]
    }
  ]
}
