{
  "name": "結晶共鳴",
  "icon": "bloodmagic:vengefulcrystal",
  "category": "bloodmagic:rituals/ritual_list",
  "pages": [
    {
      "type": "multiblock",
      "name": "結晶共鳴",
      "multiblock_id": "bloodmagic:crystal_split",
      "text": "使用$(l:bloodmagic:rituals/ritual_diviner)儀式推測仗 [薄暮]$(/l)來輕鬆建造。"
    },
    {
      "type": "bloodmagic:ritual_info",
      "ritual": "crystal_split",
      "text_overrides": [
        [
          "Raw crystal cluster",
          "l:bloodmagic:demon_will/will_manipulation/crystallized_will"
        ],
        [
          "aspected crystal clusters",
          "l:bloodmagic:demon_will/will_manipulation/aspected_will"
        ]
      ]
    },
    {
      "type": "text",
      "text": "該儀式需要一個生長良好（至少5個尖頂）的$(l:bloodmagic:demon_will/will_manipulation/crystallized_will)原生意志晶簇$(/l)，位於$(item)主儀式石$()上方2格處，並將其分成新的單個尖頂，其他每個$(l:bloodmagic:demon_will/will_manipulation/aspected_will)意志晶簇$(/l)各自放在4個元素儀式石正上方。此間距設計用於在$(item)主儀式石$()頂部容納$(item)惡魔結晶壇$()。$(br2)有關種植惡魔意志水晶的訊息，請參閱$(l:bloodmagic:demon_will/will_manipulation/crystallized_will)結晶化意志$(/l)。"
    },
    {
      "type": "image",
      "title": "儀式設置",
      "images": [
        "bloodmagic:images/entries/demon_will/will_splitting.png"
      ],
      "border": true,
      "text": "推薦的結晶共鳴儀式設置。"
    }
  ]
}
