{
  "name": "磁引儀式",
  "icon": "minecraft:iron_ore",
  "category": "bloodmagic:rituals/ritual_list",
  "pages": [
    {
      "type": "multiblock",
      "name": "磁引儀式",
      "multiblock_id": "bloodmagic:magnetism",
      "text": "使用$(l:bloodmagic:rituals/ritual_diviner)儀式推測仗$(/l)來輕鬆建造。"
    },
    {
      "type": "bloodmagic:ritual_info",
      "ritual": "magnetism"
    },
    {
      "type": "text",
      "text": "一般情況下，$()磁引儀式$()會向下搜索距離$(item)主儀式石$()3格方塊半徑內的基岩以收集礦石。這可以通過在$(item)主儀式石$()正下方放置一個珍貴的方塊來增強距離，如下方所示：$(br)$(li)$(item)鐵磚$()-7格方塊。$(li)$(item)金磚$()-15格方塊。$(li)$(item)鑽石磚$()-31格方塊。"
    },
    {
      "type": "bloodmagic:ritual_data",
      "ritual": "magnetism",
      "page_type": "placementRange",
      "text_overrides": [
        [
          "ores",
          "item"
        ]
      ]
    }
  ]
}
