{
  "name": "豐收之月",
  "icon": "minecraft:wheat",
  "category": "bloodmagic:rituals/ritual_list",
  "pages": [
    {
      "type": "multiblock",
      "name": "豐收之月",
      "multiblock_id": "bloodmagic:harvest",
      "text": "使用$(l:bloodmagic:rituals/ritual_diviner)儀式推測仗 [薄暮]$(/l)來輕鬆建造。"
    },
    {
      "type": "bloodmagic:ritual_info",
      "ritual": "harvest"
    },
    {
      "type": "bloodmagic:ritual_data",
      "ritual": "harvest",
      "page_type": "harvestRange"
    }
  ]
}
