{
  "name": "Enderlings",
  "icon": "minecraft:ender_pearl",
  "category": "buddycards:enderlings",
  "sortnum": 0,
  "pages": [
    {
      "type": "text",
      "text": "Enderlings can be found wandering around rarely with endermen. These young endermen are very friendly and curious, and will not attack you. $(br2)The enderlings will gladly trade cards with you, but be careful not to lose them. There are benifiets to trading with the same enderling a lot."
    },
    {
      "type": "entity",
      "entity": "buddycards:enderling",
      "text": "Look at the lil' guy!"
    }
  ]
}