{
  "name": "紫礪代幣",
  "icon": "buddycards:zylex_token",
  "category": "buddycards:enderlings",
  "sortnum": 2,
  "pages": [
    {
      "type": "text",
      "text": "即使終界小販願意和你交易，他們也不會一次交易出所有的商品。 $(br2)如果您已經交易了他們提供的所有商品，您可以將紫礪代幣交給他們，讓他們重置交易。"
    },
    {
      "type": "crafting",
      "recipe": "buddycards:zylex_token",
      "text": "配方很簡單，它可以用一些終界系列卡片和紫礪來製造。"
    }
  ]
}