{
  "name": "Zylex",
  "icon": "buddycards:zylex",
  "category": "buddycards:enderlings",
  "sortnum": 1,
  "pages": [
    {
      "type": "text",
      "text": "Enderlings trade with Zylex, an extremely rare material only endermen have access to. Unlike their elders, the enderlings will gladly trade with it. $(br2)Zylex is an odd material, and making stuff with it is extremely hard, other then zylex blocks and tokens, you can't make much with it."
    },
    {
      "type": "crafting",
      "recipe": "buddycards:zylex",
      "recipe2": "buddycards:zylex_block"
    }
  ]
}