{
  "name": "Zylex Token",
  "icon": "buddycards:zylex_token",
  "category": "buddycards:enderlings",
  "sortnum": 2,
  "pages": [
    {
      "type": "text",
      "text": "Even if the Enderlings are willing to trade with you, they will try not to trade everything at once. $(br2)If you've traded for everything they have to offer, you can slip them one of these tokens for them to reset their trades."
    },
    {
      "type": "crafting",
      "recipe": "buddycards:zylex_token",
      "text": "The recipe is quite simple, it can be created with some end set cards and zylex."
    }
  ]
}