{
  "name": "紫礪",
  "icon": "buddycards:zylex",
  "category": "buddycards:enderlings",
  "sortnum": 1,
  "pages": [
    {
      "type": "text",
      "text": "終界小販會販售紫礪，這是一種只有終界使者才能取得的極其稀有的材料，與他們的長輩不同，終界小販很樂意交易它。$(br2)紫礪是一種奇怪的材料，很難用來製作東西，除了紫礪塊和紫礪代幣，你沒辦法用它來做太多。"
    },
    {
      "type": "crafting",
      "recipe": "buddycards:zylex",
      "recipe2": "buddycards:zylex_block"
    }
  ]
}