{
  "name": "動物",
  "category": "world",
  "icon": "bewitchment:owlets_wing",
  "pages": [
    {
      "type": "text",
      "text": "在你的旅途中可能發現的動物的尺寸和長相"
    },
    {
      "type": "empty",
      "draw_filler": false
    },
    {
      "type": "text",
      "title": "貓頭鷹",
      "text": "一種通常以兔子和其他小動物作為獵物的鳥。它優雅地飛行在茂密森林中，同樣，它可以將這份優雅帶給女巫。"
    },
    {
      "type": "entity",
      "entity": "bewitchment:owl",
      "scale": "0.75"
    },
    {
      "type": "text",
      "title": "烏鴉",
      "text": "一種生活在森林中的黑色鳥類。烏鴉以它們對亮晶晶的小玩意的喜愛而聞名，比如金銀粒等。在想掌握法術的女巫中，烏鴉也是廣受歡迎的鳥類。"
    },
    {
      "type": "entity",
      "entity": "bewitchment:raven",
      "scale": "0.75"
    },
    {
      "type": "text",
      "title": "蛇",
      "text": "一種以小動物為食的有毒爬行動物。這種蛇的毒液也可以用玻璃瓶來收集。蛇以自身對精神體的強大聯繫性而聞名，包括惡魔，並且可以將這種能力分享給膽子大到主動尋找這種動物的女巫。"
    },
    {
      "type": "entity",
      "entity": "bewitchment:snake",
      "scale": "0.425"
    },
    {
      "type": "text",
      "title": "蟾蜍",
      "text": "淡水域，特別是沼澤附近的一種兩棲動物，以無脊椎動物來餵養。蟾蜍由於可以幫助女巫提高釀造工藝而聞名。"
    },
    {
      "type": "entity",
      "entity": "bewitchment:toad",
      "scale": "0.75"
    },
    {
      "type": "text",
      "title": "蜥蜴",
      "text": "一種遍布於茂密森林和乾旱土地的常見爬行動物，喜歡吃節肢動物，包括蜘蛛。"
    },
    {
      "type": "entity",
      "entity": "bewitchment:lizard",
      "scale": "0.5"
    }
  ]
}
