{
  "name": "植物",
  "category": "world",
  "icon": "bewitchment:hellebore",
  "pages": [
    {
      "type": "spotlight",
      "item": "bewitchment:aconitum",
      "text": "一種有毒的花的種子，可以在高大的草叢中找到。對狼和其他犬科動物有著突出的傷害效果，包括狼人。雖然有毒，但其他生物不大受影響。"
    },
    {
      "type": "spotlight",
      "item": "bewitchment:belladonna",
      "text": "一個美麗而有毒的花，種子可以在高大的草叢中被發現。這種植物對精神的影響性使它被熟知，而且它是飛天軟膏的主要成分。"
    },
    {
      "type": "spotlight",
      "item": "bewitchment:garlic",
      "text": "蔥屬植物的一種，球梗可食。然而眾所周知，吸血鬼需要避開這種植物，通常被用來抵抗那些吸血鬼。其他形式的不死生物也似乎不喜歡它。"
    },
    {
      "type": "spotlight",
      "item": "bewitchment:hellebore",
      "text": "一種無害而且美麗的花，通常被種植於花園中。可以很容易地在雜草中發現它的種子。這朵花也以與惡魔的聯繫而聞名。"
    },
    {
      "type": "spotlight",
      "item": "bewitchment:mandrake_root",
      "text": "一種奇怪的植物，擁有影響精神的特性和不可思議的外觀。它的根包含巨大的魔力。可以在草地上發現這種植物的種子。"
    },
    {
      "type": "spotlight",
      "item": "bewitchment:white_sage",
      "text": "適應乾旱土地的植物。它的種子常常會被枯死的灌木所困。這種植物有能力驅趕惡魔和其他黑暗的靈魂。"
    },
    {
      "type": "spotlight",
      "item": "bewitchment:spanish_moss",
      "text": "在沼澤地區可以發現的懸掛著的植物。儘管它的名字裡帶有苔蘚（Moss），但它並不是一種苔蘚，它實際上是一種開花植物，只不過它的花非常小，很難看清。寄生藤與靈體世界有著很深的關聯，因此也可以和靈魂發生互動反應，它是製作巫毒娃娃的重要材料。"
    },
    {
      "type": "spotlight",
      "item": "bewitchment:spanish_moss",
      "text": "A hanging plant found in swampy areas. Despite its name, Spanish Moss is not actually a moss, and is rather a flowing plant, but its flowers are often too small to see. Spanish Moss has a strong connection to the spirit world and thus the soul, and is a vital part of Poppets due to this."
    }
  ]
}
