{
  "name": "植物",
  "category": "world",
  "icon": "bewitchment:hellebore",
  "pages": [
    {
      "type": "spotlight",
      "item": "bewitchment:aconitum",
      "text": "A toxic flower whose seeds can be found in tall grass. It is especially harmful to wolves and other canids, including lycanthropes. While toxic, other creatures aren’t affected by it as much."
    },
    {
      "type": "spotlight",
      "item": "bewitchment:belladonna",
      "text": "A beautiful but poisonous flower, seeds are commonly found in tall grass. This plant is known for its psychoactive properties, and is the main ingredient of Flying Ointment."
    },
    {
      "type": "spotlight",
      "item": "bewitchment:garlic",
      "text": "A type of Allium, with an edible bulb. However, vampires are known to avoid this plant, and is commonly used to protect against them. Other forms of undead also appear to have an aversion to it."
    },
    {
      "type": "spotlight",
      "item": "bewitchment:hellebore",
      "text": "A harmless and gorgeous flower commonly cultivated for gardens. Its seeds can easily be found in overgrown grasses. This flower is also known for its connection to demons."
    },
    {
      "type": "spotlight",
      "item": "bewitchment:mandrake_root",
      "text": "A strange plant with both psychoactive properties and an uncanny appearance. Its root contains great magical powers. Seeds of this plant can be found in grass."
    },
    {
      "type": "spotlight",
      "item": "bewitchment:white_sage",
      "text": "A plant adapted to arid lands, its seeds often get stuck in Dead Bushes. This plant has the power to ward away demons and other dark spirits."
    },
    {
      "type": "spotlight",
      "item": "bewitchment:wormwood",
      "text": "An herbaceous plant that often grows in and near Tall Grass. Wormwood is used to help communicate with spirits. Some groups are known to use this plant to brew potent alcohols."
    },
    {
      "type": "spotlight",
      "item": "bewitchment:spanish_moss",
      "text": "A hanging plant found in swampy areas. Despite its name, Spanish Moss is not actually a moss, and is rather a flowing plant, but its flowers are often too small to see. Spanish Moss has a strong connection to the spirit world and thus the soul, and is a vital part of Poppets due to this."
    }
  ]
}
