{
  "name": "靈體",
  "category": "world",
  "icon": "bewitchment:spectral_dust",
  "pages": [
    {
      "type": "text",
      "text": "物質世界經常被超自然的事物所拜訪，它們要嘛充當守護者和保護者，要嘛在某些情況下帶有惡意地造成破壞。不管它們的性質如何，寒鐵都是對付他們的實際工具。"
    },
    {
      "type": "empty",
      "draw_filler": false
    },
    {
      "type": "text",
      "title": "黑狗",
      "text": "黑狗像一個巨大的影子犬，並以騷擾村鎮、折磨住在那裡的人而被熟知。如果受到攻擊，黑狗可能會變得不可見，只有眼睛的光芒可見。"
    },
    {
      "type": "entity",
      "entity": "bewitchment:black_dog",
      "scale": "0.5"
    },
    {
      "type": "text",
      "title": "杜爾登",
      "text": "人們通常會將這種生物與樹精相混淆，實際上德魯登可以被是作為樹精的暗黑版本。這種邪惡生物常在黑暗的森林中徘徊，並突襲進入其領域的人類。而且據傳聞，他們也會在野外打獵。"
    },
    {
      "type": "entity",
      "entity": "bewitchment:druden",
      "scale": "0.8"
    },
    {
      "type": "text",
      "title": "幽靈",
      "text": "幽靈乃是死者的靈魂，它們要嘛憑藉自身來完成自己身前的遺願，警告他人危險，要嘛在某些情況下被女巫故意誘騙。它們還可能在某些古老的建築中徘徊，甚至可能還會停留在他們死去的地方，去折磨那些造成他不公正死亡的人。"
    },
    {
      "type": "entity",
      "entity": "bewitchment:ghost",
      "scale": "0.7"
    },
    {
      "type": "text",
      "title": "暗影之民",
      "text": "似人形的惡魔，隱約像是一個影子，它們似乎徘徊於已被遺棄的據點大廳，有時它會通過某些儀式被召入這個世界。所有與他們的相遇都以其滿滿的惡意結束。"
    },
    {
      "type": "entity",
      "entity": "bewitchment:shadow_person",
      "scale": "0.8"
    },
    {
      "type": "text",
      "title": "惡魔受胎",
      "text": "惡魔受胎是惡魔和凡人的後代，但被遺棄在物質世界中。它們曾試圖融入村民團體中，但它們在村民那似乎並不受待見。"
    },
    {
      "type": "entity",
      "entity": "bewitchment:cambion",
      "scale": "0.8"
    }
  ]
}
