{
  "name": "AR擴充實境控制器",
  "icon": "進階電腦週邊設備：AR擴充實境控制器",
  "category": "進階電腦週邊設備：週邊設備",
  "pages": [
    {
      "type": "text",
      "text": "AR擴充實境控制器用來無線控制你的AR擴充實境視鏡。你可以繪製任何想要的東西並且於配戴視鏡時疊層於視野。.$(p)完整文件檔請參見$(9)$(l:https://docs.srendi.de/peripherals/ar_controller/)official wiki page$(/l)$()！"
    },
    {
      "type": "crafting",
      "recipe": "進階電腦週邊設備：AR擴充實境控制器"
    },
    {
      "type": "multiblock",
      "multiblock": {
        "mapping": {
          "0": "計算機工藝：進階計算機",
          "P": "進階電腦週邊設備：AR擴充實境控制器"
        },
        "pattern": [
          [
            "0參數"
          ]
        ]
      },
      "text": "連接你的AR擴充實境控制器到電腦上使用！"
    }
  ]
}
