{
  "name": "AR擴充實境控制器",
  "icon": "advancedperipherals:ar_controller",
  "category": "advancedperipherals:peripherals",
  "pages": [
    {
      "type": "text",
      "text": "AR擴充實境控制器用來無線控制你的AR擴充實境視鏡。你可以繪製任何想要的東西並且於配戴視鏡時疊層於視野。.$(p)完整文件檔請參見$(9)$(l:https://docs.srendi.de/peripherals/ar_controller/)official wiki page$(/l)$()！"
    },
    {
      "type": "crafting",
      "recipe": "advancedperipherals:ar_controller"
    },
    {
      "type": "multiblock",
      "multiblock": {
        "mapping": {
          "0": "computercraft:computer_advanced",
          "P": "advancedperipherals:ar_controller"
        },
        "pattern": [
          [
            "0P"
          ]
        ]
      },
      "text": "連接你的AR擴充實境控制器到電腦上使用！"
    }
  ]
}
