{
  "name": "Block reader",
  "icon": "advancedperipherals:block_reader",
  "category": "advancedperipherals:peripherals",
  "pages": [
    {
      "type": "text",
      "text": "This block is able to read data of blocks and tile entities in front of it.$(p)For the full documentation please see the $(9)$(l:https://docs.srendi.de/peripherals/block_reader/)official wiki page$(/l)$()!"
    },
    {
      "type": "crafting",
      "recipe": "advancedperipherals:block_reader"
    },
    {
      "type": "multiblock",
      "multiblock": {
        "mapping": {
          "0": "computercraft:computer_advanced",
          "P": "advancedperipherals:block_reader",
          "T": "minecraft:dirt"
        },
        "pattern": [
          [
            "0PT"
          ]
        ]
      },
      "text": "Connect your Block reader to a computer and target block to make use of it!"
    }
  ]
}
