{
  "name": "方塊讀取器",
  "icon": "進階電腦週邊設備：方塊讀取器",
  "category": "進階電腦週邊設備：週邊設備",
  "pages": [
    {
      "type": "text",
      "text": "此方塊可以讀取方塊的數據和前方鋪陳物件。.$(p)詳細文件檔參見 $(9)$(l:https://docs.srendi.de/peripherals/block_reader/)official wiki page$(/l)$()！"
    },
    {
      "type": "crafting",
      "recipe": "進階電腦週邊設備：方塊讀取器"
    },
    {
      "type": "multiblock",
      "multiblock": {
        "mapping": {
          "0": "計算機工藝：進階計算機",
          "P": "進階電腦週邊設備：方塊讀取器",
          "T": "minecraft:泥土"
        },
        "pattern": [
          [
            "0參數"
          ]
        ]
      },
      "text": "將你的方塊讀取器連接到計算機和選取方塊以使用它！"
    }
  ]
}
