{
  "name": "Colony integrator",
  "icon": "advancedperipherals:colony_integrator",
  "category": "進階電腦週邊設備：週邊設備",
  "pages": [
    {
      "type": "text",
      "text": "The colony integrator can interact with a colony from MineColonies..$(p)For the full documentation please see the $(9)$(l:https://docs.srendi.de/peripherals/colony_integrator/)official wiki page$(/l)$()!"
    },
    {
      "type": "crafting",
      "recipe": "advancedperipherals:colony_integrator"
    },
    {
      "type": "multiblock",
      "multiblock": {
        "mapping": {
          "0": "計算機工藝：進階計算機",
          "P": "advancedperipherals:colony_integrator"
        },
        "pattern": [
          [
            "0參數"
          ]
        ]
      },
      "text": "Connect your Colony integrator to a computer in area of village to make use of it!"
    }
  ]
}
