{
  "name": "Environment Detector",
  "icon": "advancedperipherals:environment_detector",
  "category": "進階電腦週邊設備：週邊設備",
  "pages": [
    {
      "type": "text",
      "text": "The Environment Detector is able to receive information from the environment like the current time, the current moon phase, the light level of the block and many more.$(p)For the full documentation please see the $(9)$(l:https://docs.srendi.de/peripherals/environment_detector/)official wiki page$(/l)$()!"
    },
    {
      "type": "crafting",
      "recipe": "advancedperipherals:environment_detector"
    },
    {
      "type": "multiblock",
      "multiblock": {
        "mapping": {
          "0": "計算機工藝：進階計算機",
          "P": "advancedperipherals:environment_detector"
        },
        "pattern": [
          [
            "0參數"
          ]
        ]
      },
      "text": "Connect your Environment Detector to a computer to make use of it!"
    }
  ]
}
