{
  "name": "Inventory Manager",
  "icon": "advancedperipherals:inventory_manager",
  "category": "advancedperipherals:peripherals",
  "pages": [
    {
      "type": "text",
      "text": "The Inventory Manager can communicate with the player's inventory. You need to right click a Memory Card and put the card into the manager to use it.$(p)For the full documentation please see the $(9)$(l:https://docs.srendi.de/peripherals/inventory_manager/)official wiki page$(/l)$()!"
    },
    {
      "type": "crafting",
      "recipe": "advancedperipherals:inventory_manager"
    },
    {
      "type": "multiblock",
      "multiblock": {
        "mapping": {
          "0": "computercraft:computer_advanced",
          "P": "advancedperipherals:inventory_manager"
        },
        "pattern": [
          [
            "0P"
          ]
        ]
      },
      "text": "Connect your Inventory Manager to a computer to make use of it!"
    }
  ]
}
