{
  "name": "NBT Storage",
  "icon": "advancedperipherals:nbt_storage",
  "category": "advancedperipherals:peripherals",
  "pages": [
    {
      "type": "text",
      "text": "NBT Storage is custom block that allow input/output custom data to block. Mostly provided for ID support.$(p)For the full documentation please see the $(9)$(l:https://docs.srendi.de/peripherals/nbt_storage/)official wiki page$(/l)$()!"
    },
    {
      "type": "crafting",
      "recipe": "advancedperipherals:nbt_storage"
    },
    {
      "type": "multiblock",
      "multiblock": {
        "mapping": {
          "0": "computercraft:computer_advanced",
          "P": "advancedperipherals:nbt_storage"
        },
        "pattern": [
          [
            "0P"
          ]
        ]
      },
      "text": "Connect your NBT Storage to a computer to make use of it!"
    }
  ]
}
