{
  "name": "Player Detector",
  "icon": "advancedperipherals:player_detector",
  "category": "advancedperipherals:peripherals",
  "pages": [
    {
      "type": "text",
      "text": "The Player Detector is able to recognize players within a certain range. In addition, it recognizes the player who clicks on him.$(p)For the full documentation please see the $(9)$(l:https://docs.srendi.de/peripherals/player_detector/)official wiki page$(/l)$()!"
    },
    {
      "type": "crafting",
      "recipe": "advancedperipherals:player_detector"
    },
    {
      "type": "multiblock",
      "multiblock": {
        "mapping": {
          "0": "computercraft:computer_advanced",
          "P": "advancedperipherals:player_detector"
        },
        "pattern": [
          [
            "0P"
          ]
        ]
      },
      "text": "Connect your Player Detector to a computer to make use of it!"
    }
  ]
}
