{
  "name": "RS Bridge",
  "icon": "advancedperipherals:rs_bridge",
  "category": "advancedperipherals:peripherals",
  "pages": [
    {
      "type": "text",
      "text": "The RS Bridge is able to interact with Refined Storage. You can retrieve items, craft items, get all items as a list and more.$(p)For the full documentation please see the $(9)$(l:https://docs.srendi.de/peripherals/rs_bridge/)official wiki page$(/l)$()!"
    },
    {
      "type": "crafting",
      "recipe": "advancedperipherals:rs_bridge"
    },
    {
      "type": "multiblock",
      "multiblock": {
        "mapping": {
          "0": "computercraft:computer_advanced",
          "P": "advancedperipherals:rs_bridge"
        },
        "pattern": [
          [
            "0P"
          ]
        ]
      },
      "text": "Connect your RS Bridge to a computer to make use of it!"
    }
  ]
}
