{
  "name": "How to Enchant",
  "sortnum": -1,
  "icon": "ars_nouveau:enchanting_apparatus",
  "category": "enchantments",
  "pages": [
    {
      "type": "text",
      "text": "The Enchanting Apparatus may add new enchantments or upgrade existing ones by using Mana and items. To begin, select a level 1 enchantment and add its items to the pedestals. Place a jar of mana nearby, and use the item you want to enchant on the apparatus. The apparatus may only apply enchantments that are valid to the item you have given it."
    },
    {
      "type": "text",
      "text": "To apply a level 2 or higher enchantment, the item must already have the previous level. For example, to apply Smite 3, the item must already have Smite 2."
    },
    {
      "type": "relations",
      "entries": [
        "machines/enchanting_apparatus",
        "machines/mana_jar"
      ]
    }
  ]
}