{
  "name": "enchantment.minecraft.feather_falling",
  "icon": "minecraft:enchanted_book",
  "category": "附魔",
  "pages": [
    {
      "type": "enchanting_recipe",
      "recipe": "ars_nouveau:feather_falling_1"
    },
    {
      "type": "enchanting_recipe",
      "recipe": "ars_nouveau:feather_falling_2"
    },
    {
      "type": "enchanting_recipe",
      "recipe": "ars_nouveau:feather_falling_3"
    },
    {
      "type": "enchanting_recipe",
      "recipe": "ars_nouveau:feather_falling_4"
    }
  ]
}