{
  "name": "enchantment.minecraft.power",
  "icon": "minecraft:enchanted_book",
  "category": "附魔",
  "pages": [
    {
      "type": "enchanting_recipe",
      "recipe": "ars_nouveau:power_1"
    },
    {
      "type": "enchanting_recipe",
      "recipe": "ars_nouveau:power_2"
    },
    {
      "type": "enchanting_recipe",
      "recipe": "ars_nouveau:power_3"
    },
    {
      "type": "enchanting_recipe",
      "recipe": "ars_nouveau:power_4"
    },
    {
      "type": "enchanting_recipe",
      "recipe": "ars_nouveau:power_5"
    }
  ]
}