{
  "name": "促速符文",
  "icon": "bloodmagic:accelerationrune",
  "category": "bloodmagic:altar/blood_rune",
  "pages": [
    {
      "type": "text",
      "text": "$(item)促速符文$()可以提升某些操作的速率。正常情況下，$(l:bloodmagic:altar/blood_rune/charging_rune)充能符文$(/l)與$(l:bloodmagic:altar/blood_rune/dislocation_rune)轉位符文$(/l)的操作為每 20 tick 進行一次，每個促速符文可以移除 1 tick 的間隔時間，最小值為每個 tick 執行一次操作。 "
    },
    {
      "type": "crafting",
      "recipe": "bloodmagic:blood_rune_acceleration"
    }
  ]
}