{
  "category": "bewitchment:tools",
  "name": "煉金術士盔甲",
  "icon": "bewitchment:alchemist_robes",
  "advancement": "bewitchment:hidden_unlocks/witch_cauldron",
  "pages": [
    {
      "type": "text",
      "text": "This high-end couture enables the wearer to master $(l:bewitchment:brewing/brewing_basics)Potion Brewing$(), doubling the duration of $(l:bewitchment:brewing/brewing_basics)Brews$().$(br2)Carpets made from the same fabric can be placed on $(l:bewitchment:introduction/altars)Altars$()."
    },
    {
      "type": "crafting",
      "recipe": "bewitchment:alchemist_hat",
      "recipe2": "bewitchment:alchemist_hood"
    },
    {
      "type": "crafting",
      "recipe": "bewitchment:alchemist_robes",
      "recipe2": "bewitchment:alchemist_pants"
    },
    {
      "type": "crafting",
      "recipe": "bewitchment:alchemist_wool",
      "recipe2": "bewitchment:alchemist_carpet"
    }
  ]
}
