{
  "category": "bewitchment:tools",
  "name": "Brooms",
  "icon": "bewitchment:juniper_broom",
  "advancement": "bewitchment:hidden_unlocks/demon_heart",
  "pages": [
    {
      "type": "text",
      "text": "Brooms are magical devices commonly used by witches. Through the use of $(l:bewitchment:introduction/altars#internalme)ME$(), they enable the user to fly through the skies.$(br2)Brooms come in four variants, each with unique properties."
    },
    {
      "type": "crafting",
      "recipe": "bewitchment:juniper_broom",
      "text": "$(l:bewitchment:introduction/juniper_trees)Juniper$() Brooms are the fastest of all brooms, without any other special properties."
    },
    {
      "type": "crafting",
      "recipe": "bewitchment:cypress_broom",
      "text": "$(l:bewitchment:introduction/cypress_trees)Cypress$() Brooms ward the user, reducing both damage input and output."
    },
    {
      "type": "crafting",
      "recipe": "bewitchment:elder_broom",
      "text": "$(l:bewitchment:introduction/elder_trees)Elder$() Brooms will return the user to where they mounted it after dismounting."
    },
    {
      "type": "crafting",
      "recipe": "bewitchment:dragons_blood_broom",
      "text": "$(l:bewitchment:introduction/dragons_blood_trees)Dragon's Blood$() Brooms can have $(l:bewitchment:sigils/using_sigils)Active Sigils$() applied to them, much like any other $(l:bewitchment:introduction/dragons_blood_trees)Dragon's Blood$() block."
    }
  ]
}
