{
  "category": "bewitchment:tools",
  "name": "Candelabras",
  "icon": "bewitchment:iron_candelabra",
  "pages": [
    {
      "type": "text",
      "text": "Candelabras are one fancy source of lighting.$(br2)They can be lit with a Flint and Steel. when lit, they will repel $(l:bewitchment:creatures/ghost)Ghosts$(), preventing them from going near it, with better materials increasing the repelling effect."
    },
    {
      "type": "crafting",
      "recipe": "bewitchment:iron_candelabra",
      "recipe2": "bewitchment:golden_candelabra"
    },
    {
      "type": "crafting",
      "recipe": "bewitchment:silver_candelabra",
      "recipe2": "bewitchment:netherite_candelabra"
    }
  ]
}
