{
  "category": "bewitchment:tools",
  "name": "地獄飾品",
  "icon": "bewitchment:hellish_bauble",
  "advancement": "bewitchment:hidden_unlocks/demon_horn",
  "pages": [
    {
      "type": "text",
      "text": "Through the power of fire, the Hellish Bauble extinguishes any flames using some $(l:bewitchment:introduction/altars#internalme)ME$().$(br2)Note that this does not enable you to swim in The Nether. The bauble does not protect against direct damage from lava.$(br2)Being made out of Netherite, this item is completely fireproof."
    },
    {
      "type": "crafting",
      "recipe": "bewitchment:hellish_bauble"
    }
  ]
}
