{
  "name": "Living Equipment Basics",
  "icon": "bloodmagic:reagentbinding",
  "priority": "是",
  "category": "bloodmagic:alchemy_array/living_equipment",
  "extra_recipe_mappings": [
    [
      "bloodmagic:reagentbinding",
      1
    ]
  ],
  "pages": [
    {
      "type": "text",
      "text": "To create $(item)Living Equipment$(), you will first need $(item)Iron Armor$() (or $(item)Iron Armour$(), if you prefer), some $(l:bloodmagic:alchemy_array/functional_arrays/arcane_ash)Arcane Ash$(), and some $(item)Binding Reagent$(). You'll also need at least a $(br)$(l:bloodmagic:demon_will/soul_gem)Common Tartaric Gem$() in order to hold the $(item)Demon Will$() required."
    },
    {
      "type": "crafting_alchemy_table",
      "heading": "束縛試劑",
      "recipe": "bloodmagic:alchemytable/reagent_binding",
      "text": "$(italic)It clings to me tightly...$()"
    },
    {
      "type": "text",
      "text": "as with any other Alchemy Array, right click the top of the ground with the $(item)Arcane Ashes$() and apply the $(item)Binding Reagent$(). Then place in your $(item)Iron Helmet$(), $(item)Iron Chestplate$(), $(item)Iron Leggings$() or $(item)Iron Boots$(), stand back, and watch the show.$(br2) Living Equipment starts off equivalent to Iron, but it has $(item)Upgrade Points$() that can, with care, be spent to train it in specific ways. It starts with 100, but there may be ways to surpass this limitation..."
    },
    {
      "type": "crafting_array",
      "heading": "Ritual of Binding",
      "recipe": "bloodmagic:array/living_helmet",
      "text": "It's alive, all right... and it's learning from me. I'd best be careful what I teach it. $(br2)I can keep a closer eye on what it's learned so far by holding shift when I look at it."
    }
  ]
}
