{
   "name": "「梨木利亞」",
   "icon": "flammpfeil.slashblade:slashbladenamed{ModelName: \"named/arthurs/model_pear\", TextureName: \"named/arthurs/texture_pear\"}",
   "category": "category_6",
   "pages": [
      {
         "type": "text",
         "text": "梨木桑，全名「梨木利亞」，妖怪之山鍛刀鋪元老成員。$(br2)Minecraft吧現任吧主，MC百科元老成員，當今Minecraft圈的一名重要人物……$(br2)射命丸政除了父母之外最關心的人……$(br2)一度挽救陷入絕望的孩子的人……\n"
      },
      {
         "type": "crafting",
         "recipe": "lastsmith:flammpfeil.slashblade.named.mmf.limuness"
      }
   ],
   "advancement": "lastsmith:final_blade",
   "sortnum": 2
}
