{
   "name": "射命丸政的天雲「寒齒」",
   "icon": "flammpfeil.slashblade:slashbladenamed{ModelName: \"named/smith/model\", TextureName: \"named/arthurs/texture_zheng\"}",
   "category": "category_6",
   "pages": [
      {
         "type": "text",
         "text": "妖怪之山鍛刀鋪的技術擔當：射命丸政。$(br2)TLS項目的創建人、程序開發、部分美術以及故事設計。$(br2)無名刀匠的身份其實就是這位。所以他的佩刀實際上就是「無念」的另一姿態。$(br2)$(m)事實上讓TLS變得這麼噁心人也是這位的想法。"
      },
      {
         "type": "crafting",
         "recipe": "lastsmith:flammpfeil.slashblade.named.mmf.zheng"
      }
   ],
   "advancement": "lastsmith:final_blade",
   "sortnum": 1
}
