{
   "name": "酒石酸菌的日耀劍「光日」",
   "icon": "flammpfeil.slashblade:slashbladenamed{ModelName: \"named/sange/sange\", TextureName: \"named/arthurs/texture_943\"}",
   "category": "category_6",
   "pages": [
      {
         "type": "text",
         "text": "日耀拔刀！！！$(br2)酒石酸菌，沒錯，就是那個車萬女僕的作者，以及國內模組漢化及教學製作者——酒石酸菌$(br2)他為TLS做了早期的宣傳片，也曾經為拔刀劍寫過文字教學，所以在此為他留下了一振刀。$(br2)材質是他本人要求的，現在全世界都會知道他其實是個桑尼廚了。"
      },
      {
         "type": "crafting",
         "recipe": "lastsmith:flammpfeil.slashblade.named.mmf.tartaric_acid"
      }
   ],
   "advancement": "lastsmith:final_blade",
   "sortnum": 4
}
