{
   "name": "lrsoft的「祭鋼刃」",
   "icon": "flammpfeil.slashblade:slashbladenamed{ModelName: \"named/arthurs/model_irsort\", TextureName: \"named/arthurs/texture_irsoft\"}",
   "category": "category_6",
   "pages": [
      {
         "type": "text",
         "text": "lrsoft，技術革新的製作者，早期TLS奈米太刀聯動代碼技術幫助。$(br2)其實他只不過是把奈米太刀的技術先搬運到了高版本，而且現在TLS的奈米太刀和他也沒有關係了。$(br2)現在摸魚中……"
      },
      {
         "type": "crafting",
         "recipe": "lastsmith:flammpfeil.slashblade.named.mmf.lrsoft"
      }
   ],
   "advancement": "lastsmith:final_blade",
   "sortnum": 4
}
