{
   "name": "蕭琥璃GF的無銘「影狐」",
   "icon": "flammpfeil.slashblade:slashbladenamed{ModelName: \"named/arthurs/model_fox\", TextureName: \"named/arthurs/texture_fox\"}",
   "category": "category_6",
   "pages": [
      {
         "type": "text",
         "text": "蕭琥璃GF，原先是諾頓鑄劍館的成員。$(br2)也是個畫材質的美工，不過TLS的美工除了他自己的專屬刀之外就沒有了。$(br2)原本還有幾把他設計的刀的，不過沒有被採用。$(br2)$(m)被射命丸政壓榨的對象。"
      },
      {
         "type": "crafting",
         "recipe": "lastsmith:flammpfeil.slashblade.named.mmf.fox"
      }
   ],
   "advancement": "lastsmith:final_blade",
   "sortnum": 3
}
