{
   "name": "Nethop的「V.V.V.V.V.」",
   "icon": "flammpfeil.slashblade:slashbladenamed{ModelName: \"named/arthurs/model_grand\", TextureName: \"named/arthurs/texture_grand\"}",
   "category": "category_6",
   "pages": [
      {
         "type": "text",
         "text": "Nethop，通常我們叫他典儀長（或者直接電椅），妖怪之山鍛刀鋪元老成員。$(br2)梨木桑的好友之一，MCBBS拔刀劍附屬索引貼的樓主，MC百科元老編輯員之一。$(br2)最近他從虛無之中回來了，令人感動。"
      },
      {
         "type": "crafting",
         "recipe": "lastsmith:flammpfeil.slashblade.named.mmf.nethop"
      }
   ],
   "advancement": "lastsmith:final_blade",
   "sortnum": 5
}
