{
  "name": "Brewing",
  "category": "cauldron_and_brewing",
  "icon": "bewitchment:witches_cauldron",
  "pages": [
    {
      "type": "text",
      "text": "Of course, the main reason a witch will use a Cauldron is to concoct magical brews, for good or for ill."
    },
    {
      "type": "text",
      "title": "Brews",
      "text": "In order to designate cauldron tomfoolery as a brew, a Mandrake Root must be thrown in first before any other reagents. After that, throw in the other reagents you wish, however the more you add, the more expensive the brew will be, ME-wise."
    },
    {
      "type": "text",
      "text": "Including redstone will increase the duration of the brew, up to a certain amount. Glowstone has the same effect on potency, and a Raven's Feather will prevent particles from appearing. Gunpowder may also be thrown in to create a splash brew, and if an Owlet's Wing is thrown in as well, it becomes a lingering brew."
    },
    {
      "type": "bewitchment:brew",
      "recipe": "bewitchment:instant_health",
      "text": "Heals the target if they are alive, or damages them if undead"
    },
    {
      "type": "bewitchment:brew",
      "recipe": "bewitchment:instant_damage",
      "text": "Damages the target if they are alive, or heals them if undead"
    },
    {
      "type": "bewitchment:brew",
      "recipe": "bewitchment:regeneration",
      "text": "Grants regeneration if the target is alive, does nothing otherwise"
    },
    {
      "type": "bewitchment:brew",
      "recipe": "bewitchment:poison",
      "text": "Poisons the target if they are alive, does nothing otherwise"
    },
    {
      "type": "bewitchment:brew",
      "recipe": "bewitchment:wither",
      "text": "Similar to poison but the capacity to kill, and damages undead as well"
    },
    {
      "type": "bewitchment:brew",
      "recipe": "bewitchment:night_vision",
      "text": "Allows the target to see clearly in low light areas. The Eye of Old will give this in addition to Water Breathing"
    },
    {
      "type": "bewitchment:brew",
      "recipe": "bewitchment:blindness",
      "text": "Obscures the target's vision, and prevents them from sprinting"
    },
    {
      "type": "bewitchment:brew",
      "recipe": "bewitchment:strength",
      "text": "Strengthens the target's arms, allowing them to deal more melee damage"
    },
    {
      "type": "bewitchment:brew",
      "recipe": "bewitchment:weakness",
      "text": "Weakens the target's arms, forcing them to deal less melee damage"
    },
    {
      "type": "bewitchment:brew",
      "recipe": "bewitchment:resistance",
      "text": "Toughens the target's skin to receive less damage from non magical sources"
    },
    {
      "type": "bewitchment:brew",
      "recipe": "bewitchment:fire_resistance",
      "text": "Grants the target immunity to fire and lava"
    },
    {
      "type": "bewitchment:brew",
      "recipe": "bewitchment:absorption",
      "text": "Gives a temporarily boost to health"
    },
    {
      "type": "bewitchment:brew",
      "recipe": "bewitchment:jump_boost",
      "text": "Strengthens the target's legs, allowing them to jump higher"
    },
    {
      "type": "bewitchment:brew",
      "recipe": "bewitchment:speed",
      "text": "Strengthens the target's legs, allowing them to move faster"
    },
    {
      "type": "bewitchment:brew",
      "recipe": "bewitchment:slowness",
      "text": "Weakens the target's legs, forcing them to move slower"
    },
    {
      "type": "bewitchment:brew",
      "recipe": "bewitchment:haste",
      "text": "Strengthens the target's arms, allowing them to mine and attack faster"
    },
    {
      "type": "bewitchment:brew",
      "recipe": "bewitchment:mining_fatigue",
      "text": "Weakens the target's arms, forcing them to mine and attack slower"
    },
    {
      "type": "bewitchment:brew",
      "recipe": "bewitchment:luck",
      "text": "Gives the target a better chance at obtaining good loot"
    },
    {
      "type": "bewitchment:brew",
      "recipe": "bewitchment:unluck",
      "text": "Gives the target a worse chance at obtaining good loot"
    },
    {
      "type": "bewitchment:brew",
      "recipe": "bewitchment:water_breathing",
      "text": "Causes the target the grow a temporary set of gills, allowing them to breath while submerged in liquid. The Eye of Old will give this in addition to Night Vision"
    },
    {
      "type": "bewitchment:brew",
      "recipe": "bewitchment:invisibility",
      "text": "Causes all light to pass through the target, rendering them invisible. Does not apply to the target's armor and held items, however"
    },
    {
      "type": "bewitchment:brew",
      "recipe": "bewitchment:hunger",
      "text": "Causes the target to think too much about their next meal"
    },
    {
      "type": "bewitchment:brew",
      "recipe": "bewitchment:nausea",
      "text": "Disorients the target"
    },
    {
      "type": "bewitchment:brew",
      "recipe": "bewitchment:glowing",
      "text": "Causes the target to glow"
    },
    {
      "type": "bewitchment:brew",
      "recipe": "bewitchment:levitation",
      "text": "Slowly raises the target into the air"
    },
    {
      "type": "bewitchment:brew",
      "recipe": "bewitchment:absence",
      "text": "Purges the target of all potion effects"
    },
    {
      "type": "bewitchment:brew",
      "recipe": "bewitchment:purification",
      "text": "Purges the target of negative potion effects"
    },
    {
      "type": "bewitchment:brew",
      "recipe": "bewitchment:corruption",
      "text": "Purges the target of positive potion effects"
    },
    {
      "type": "bewitchment:brew",
      "recipe": "bewitchment:magic_resistance",
      "text": "Allows the target to take less damage from magical sources"
    },
    {
      "type": "bewitchment:brew",
      "recipe": "bewitchment:magic_weakness",
      "text": "Makes the target take more damage from magical sources"
    },
    {
      "type": "bewitchment:brew",
      "recipe": "bewitchment:hellworld",
      "text": "Converts the surrounding area into a Nether-like landscape, and sets some of the land and all entities unfortunate enough to be hit by the splash on fire"
    },
    {
      "type": "bewitchment:brew",
      "recipe": "bewitchment:iceworld",
      "text": "Converts the surrounding area into a winter wonderland, and extinguishes fires both on the ground and on entities. Perpetual Ice, a form of ice that does not melt, may appear, and may be crafted into Embittered Bricks similar to Stone Bricks"
    },
    {
      "type": "bewitchment:brew",
      "recipe": "bewitchment:rubedo",
      "text": "Converts sand and colored blocks to their red counterpart"
    },
    {
      "type": "bewitchment:brew",
      "recipe": "bewitchment:citrinitas",
      "text": "Converts red sand and colored blocks to their yellow counterpart"
    },
    {
      "type": "bewitchment:brew",
      "recipe": "bewitchment:desertification",
      "text": "Converts various and plants into their desert counterpart"
    },
    {
      "type": "bewitchment:brew",
      "recipe": "bewitchment:fertility",
      "text": "Causes plants to grow and animals to breed"
    },
    {
      "type": "bewitchment:brew",
      "recipe": "bewitchment:harvest",
      "text": "Instantly harvests and re-plants seeds, and may make leaves drop apples and cause pumpkins to grow"
    },
    {
      "type": "bewitchment:brew",
      "recipe": "bewitchment:spore_cloud",
      "text": "Causes mushrooms, mycelium, ferns, and moss to grow. I hope you don’t have allergies…"
    },
    {
      "type": "bewitchment:brew",
      "recipe": "bewitchment:blight",
      "text": "Kills plants and crops, and weakens living creatures"
    },
    {
      "type": "bewitchment:brew",
      "recipe": "bewitchment:ruin",
      "text": "Causes various blocks to decay or break down"
    },
    {
      "type": "bewitchment:brew",
      "recipe": "bewitchment:pesticide",
      "text": "Damages arthropods"
    },
    {
      "type": "bewitchment:brew",
      "recipe": "bewitchment:arachnophobia",
      "text": "Wraps the target in spider webs, and summons hungry spiders to attack them"
    },
    {
      "type": "bewitchment:brew",
      "recipe": "bewitchment:mending",
      "text": "Turn dirt and mycelium to grass, and cure zombie villagers"
    },
    {
      "type": "bewitchment:brew",
      "recipe": "bewitchment:holy_water",
      "text": "Next only to the Holy Hand Grenade! Damages unholy creatures, such as undead or demons"
    },
    {
      "type": "bewitchment:brew",
      "recipe": "bewitchment:wolfsbane",
      "text": "Damages wolves and other canids"
    },
    {
      "type": "bewitchment:brew",
      "recipe": "bewitchment:deviants_decomposure",
      "text": "Damages outcasts of society, such as illagers or witches. Has no effect on witch hunters"
    },
    {
      "type": "bewitchment:brew",
      "recipe": "bewitchment:sleeping",
      "text": "Blinds and slows the target, and may kill them if they are on low enough health"
    },
    {
      "type": "bewitchment:brew",
      "recipe": "bewitchment:volatility",
      "text": "KABOOM. Explode upon taking damage. Does not affect blocks"
    },
    {
      "type": "bewitchment:brew",
      "recipe": "bewitchment:grace",
      "text": "Causes the target to take less fall damage"
    },
    {
      "type": "bewitchment:brew",
      "recipe": "bewitchment:shell_armor",
      "text": "Damages those who attack the target"
    },
    {
      "type": "bewitchment:brew",
      "recipe": "bewitchment:deflection",
      "text": "Ting! Reflects arrows and other projectiles away from the target"
    },
    {
      "type": "bewitchment:brew",
      "recipe": "bewitchment:revealing",
      "text": "Purges invisibility from hit entities"
    },
    {
      "type": "bewitchment:brew",
      "recipe": "bewitchment:disrobing",
      "text": "Takes off the armour and baubles of a target"
    },
    {
      "type": "bewitchment:brew",
      "recipe": "bewitchment:sinking",
      "text": "It becomes harder to jump, to the point of preventing jumping at stronger potencies"
    },
    {
      "type": "bewitchment:brew",
      "recipe": "bewitchment:cursed_leaps",
      "text": "Throws the target into the air, making them unable to act and then taking fall damage"
    },
    {
      "type": "bewitchment:brew",
      "recipe": "bewitchment:fear",
      "text": "You suddenly feel dread overcome you."
    },
    {
      "type": "bewitchment:brew",
      "recipe": "bewitchment:bulk",
      "text": "Increases armor rating"
    },
    {
      "type": "bewitchment:brew",
      "recipe": "bewitchment:corrosion",
      "text": "Decreases armor rating"
    },
    {
      "type": "bewitchment:brew",
      "recipe": "bewitchment:butterfingers",
      "text": "Drops held items"
    },
    {
      "type": "bewitchment:brew",
      "recipe": "bewitchment:rhino_hide",
      "text": "Increases armor toughness"
    },
    {
      "type": "bewitchment:brew",
      "recipe": "bewitchment:paper_skin",
      "text": "Decreases armor toughness"
    },
    {
      "type": "bewitchment:brew",
      "recipe": "bewitchment:rage",
      "text": "Angers mobs and renders them hostile to you"
    },
    {
      "type": "bewitchment:brew",
      "recipe": "bewitchment:friendship",
      "text": "Renders a mob tame to you"
    }
  ]
}
