{
  "name": "Cauldron Washing",
  "category": "cauldron_and_brewing",
  "icon": "minecraft:water_bucket",
  "pages": [
    {
      "type": "text",
      "text": "One of the more mundane uses of the Cauldron is to wash ink and other suck markings from materials."
    },
    {
      "type": "bewitchment:cauldron_recipe",
      "recipe": "bewitchment:banner_pattern_removal",
      "text": "A more mundane use of the cauldron is to clean dye from banners."
    },
    {
      "type": "bewitchment:cauldron_recipe",
      "recipe": "bewitchment:wash_sigil",
      "text": "Removes applied sigils from dragons blood brooms"
    }
  ]
}
