{
  "name": "Chalks",
  "category": "cauldron_and_brewing",
  "icon": "bewitchment:focal_chalk",
  "pages": [
    {
      "type": "text",
      "text": "Chalk is used in [Circle Rites] in order to help focus and channel power. The Chalk Circles draws are just as important as the reagents used in the rite."
    },
    {
      "type": "crafting",
      "recipe": "bewitchment:ritual_chalk",
      "text": "The first form of chalk, both used on its own and as a base for the other chalks."
    },
    {
      "type": "bewitchment:cauldron_recipe",
      "recipe": "bewitchment:focal_chalk",
      "text": "The heart of any circle ritual."
    },
    {
      "type": "bewitchment:cauldron_recipe",
      "recipe": "bewitchment:fiery_chalk",
      "text": "Used for rituals of a more diabolic nature."
    },
    {
      "type": "bewitchment:cauldron_recipe",
      "recipe": "bewitchment:phasing_chalk",
      "text": "Used for rituals that require communication with other dimensions or across large areas."
    }
  ]
}
