{
  "name": "流體管道速度",
  "category": "modern_industrialization:midgame",
  "icon": "minecraft:water_bucket",
  "pages": [
    {
      "type": "text",
      "text": "您可能想知道如何才能在每刻中傳輸所有這些數千毫桶的蒸汽？答案是：使用普通的流體管道！$(br2)每個流體管道都有一個正好是一個桶（= 1000 毫桶）的內部緩衝區。當您直接連接多個管道時，它們會相互連接並共享其內部儲存空間。"
    },
    {
      "type": "text",
      "text": "然後，每刻傳輸多少流體受網路總容量的限制。例如，連接在一起的 25 根流體管道可以傳輸高達 25000 mb/t 的流體——當然前提是你可以生產這麼多流體！$(br2)請注意，您可能會受到管道所連接的儲罐/機器的傳輸速率的限制。"
    }
  ],
  "sortnum": 203
}