{
    "name": "Enchanting Apparatus",
    "icon": "ars_nouveau:enchanting_apparatus",
    "category": "machines",
    "pages": [
        {
            "type": "text",
            "text": "ars_nouveau.page.enchanting_apparatus1"
        },
        {
            "type": "crafting",
            "recipe": "ars_nouveau:arcane_pedestal",
            "recipe2": "ars_nouveau:arcane_core"
        },
        {
            "type": "crafting",
            "recipe": "ars_nouveau:enchanting_apparatus"
        }
    ]
}