{
    "name": "block.ars_nouveau.potion_melder",
    "icon": "ars_nouveau:potion_melder",
    "category": "machines",
    "pages": [
        {
            "type": "text",
            "text": "ars_nouveau.page1.potion_melder"
        },
        {
            "type": "apparatus_recipe",
            "recipe": "ars_nouveau:potion_melder"
        },
        {
            "type": "multiblock",
            "multiblock": {
                "mapping": {
                    "C": "ars_nouveau:potion_jar",
                    "0": "ars_nouveau:potion_melder",
                    "J": "ars_nouveau:mana_jar"
                },
                "pattern": [
                    [
                        "   "
                    ],
                    [
                        "C0C"
                    ],
                    [
                        " C "
                    ]
                ],
                "symmetrical": true
            },
            "text": "Takes from two adjacent jars and outputs beneath in a 3:1 ratio."
        },
        {
            "type": "relations",
            "entries": [
                "machines/potion_jar"
            ]
        }
    ]
}