{
  "name": "基本的寶石修補",
  "icon": "conjuring:ignorance_charm",
  "category": "conjuring:basics",
  "pages": [
    {
      "type": "text",
      "text": "(物品)寶石工匠是一種非常特殊的符文裝置，需要創造(項目)方面寶石().這些小石頭每個都表達了定制的不同方面，所有這些都可以應用於大多數工具軸承(召喚：基礎知識/靈魂複合材料#靈魂合金)靈魂合金.4 種不同的寶石由這些材料製成: 紅石, 青金石, 末影之眼 和綠寶石",
      "anchor": "aspect_gems"
    },
    {
      "type": "crafting",
      "recipe": "conjuring:crafting/gem_tinkerer",
      "text": "要操作寶石工匠,  首先要在上面放一些(l:召喚：基礎/咒法精華#次要精髓)次級咒法精華在上面. 所有懸停列都需要安裝所需的項目。最後，一個簡單的 Shift-右鍵單擊,空手將啟動製作過程。"
    },
    {
      "type": "text",
      "text": "The violent conditions inside a $(l:conjuring:basics/conjurer)Conjurer$() necessitate extra care when trying to use $(item)Aspect Gems$() inside one. In fact, reinforcing them using $(item)Gem Sockets$() is required. These sturdy little receptacles allow the $(item)Gems$() to focus their energy directly into the installed $(l:conjuring:basics/conjuring_focus)Conjuring Focus$(), augmenting it's capabilities."
    },
    {
      "type": "soulfire_forge_recipe",
      "recipe": "conjuring:soulfire_forge/gem_socket"
    }
  ]
}