{
  "name": "Huts",
  "icon": "mysticalworld:thatch",
  "category": "locations",
  "pages": [
    {
      "type": "text",
      "title": "Huts",
      "text": "You may find huts throughout the world, especially in flat or plains-type biomes. They serve a decent starting base, and you might find something nice in the cellar!"
    },
    {
      "type": "image",
      "title": "Huts in the Wild!",
      "text": "A nice place to call home.",
      "images": [
        "mysticalworld:textures/hut.png"
      ]
    }
  ]
}
