{
    "name": "附魔種子",
    "icon": "minecraft:wheat_seeds",
    "category": "apotheosis:enchanting/table",
    "flag": "apotheosis:enchanting",
    "pages": [
        {
            "type": "patchouli:text",
            "text": "附魔中的所有內容（以及其他一些機制）都基於你的$(9)附魔種子$()。$(p)每當你在附魔台上附魔物品時，附魔種子都會改變。"
        },
        {
            "type": "patchouli:text",
            "text": "除非種子發生更改，否則所有基於種子的隨機結果將保持不變。$(p)例如，為特定選項選擇的附魔是基於種子的隨機結果。"
        }
    ]
}