{
    "name": "Basic",
    "icon": "bigreactors:basic_turbinecasing",
    "category": "bigreactors:turbine-variants",
    "read_by_default": true,
    "sortnum": 2,
    "pages": [
        {
            "type": "patchouli:text",
            "text": "As for the Reactor, the Basic variant is your starter Turbine.$(br2)With a maximum size of 5x5x10 blocks and mostly needing only iron ingots to craft, it's a cheap solution for your early/mid game energy needs.$(br2)Basic Turbines can use up to 1000 mB/t of vapor to spin their Rotor."
        }
    ]
}