{
    "name": "Inductor Coils",
    "icon": "minecraft:gold_block",
    "category": "bigreactors:turbine",
    "read_by_default": true,
    "sortnum": 3,
    "pages": [
        {
            "type": "text",
            "text": "An Inductor Coil is a block, usually metallic, that can be placed around the Rotor shaft and that, while engaged, will extract energy from it while slowing it down.$(br2)A particular coil could be more efficient at extracting energy from the spinning Rotor than another one, or may extract energy more rapidly then others."
        },
        {
            "type": "text",
            "text": "Usually a rare block, or one particularly expensive to craft, has better stats than a common, or cheap, one.$(br2)Extreme Reactors register, by default, a score of vanilla and modded blocks as Inductor Coils.$(br2)Other mods or mod packs can add their own moderators or modify/remove the default ones."
        },
        {
            "type": "text",
            "text": "Only valid coils can be placed inside the Turbine, around it's Rotor shaft. Invalid blocks will prevent the Turbine multiblock from forming."
        }
    ]
}