{
    "name": "Inner workings",
    "icon": "bigreactors:turbinebearing",
    "category": "bigreactors:turbine",
    "read_by_default": true,
    "sortnum": 1,
    "pages": [
        {
            "type": "text",
            "text": "How does a Turbine generate energy?$(br2)By spinning its $(l:turbine/rotor)Rotor$(/l).$(br2)The fluid from the Turbine Vapor Fluid Tank is pumped in the $(l:turbine/rotor)Rotor$(/l) chamber, at the rate you configured in the $(l:turbine/part-controller)Controller$(/l) graphical interface.$(br2)A small amount of the vapor it's captured by each $(l:turbine/part-rotorblade)Rotor Blade$(/l) making the $(l:turbine/rotor)Rotor$(/l) spin."
        },
        {
            "type": "text",
            "text": "When the $(l:turbine/coils)Induction Coils$(/l) are $(l:turbine/part-controller)engaged$(/l), energy is generated depending on the $(l:turbine/rotor)Rotor$(/l) speed and the average values of properties like efficiency and drag amount of all your your coil blocks.$(br2)$(italic)Please note that, while being close enough to let you create the best Turbines possible, this is an oversimplification of what's really going on inside your Turbine.$() "
        }
    ]
}