{
    "name": "Housing",
    "icon": "bigreactors:reinforced_turbinecasing",
    "category": "bigreactors:turbine-parts",
    "read_by_default": true,
    "sortnum": 1,
    "pages": [
        {
            "type": "patchouli:spotlight",
            "item": "bigreactors:reinforced_turbinecasing",
            "link_recipe": true,
            "title": "Housing",
            "text": "Housing blocks are the building blocks of the Turbine.$(br2)They are required to build its frame, support its $(l:bigreactors:turbine/rotor)Rotor$(/l) and are also used to craft the other parts. Housing blocks can also be used to fill the faces of the Turbine if you don't like glass too much.$(br2)You will craft a lot of them."
        },
        {
            "type": "bigreactors:crafting2x",
            "title1": "Basic",
            "recipe1": "bigreactors:turbine/basic/casing",
            "title2": "Reinforced",
            "recipe2": "bigreactors:turbine/reinforced/casing"
        },
        {
            "type": "bigreactors:part_usage",
            "text": "$(l)Mandatory:$() they are required to build the frame and the $(l:bigreactors:turbine/rotor)Rotor$(/l)$(br)$(l)Valid positions:$() any$(br)$(l)Variants:$() all$(br)$(l)Graphical interface:$() no"
        }
    ]
}