{
    "name": "Rotor Shaft",
    "icon": "bigreactors:turbinerotorshaft",
    "category": "bigreactors:turbine-parts",
    "read_by_default": true,
    "sortnum": 5,
    "pages": [
        {
            "type": "spotlight",
            "item": "bigreactors:turbinerotorshaft",
            "link_recipe": true,
            "title": "Rotor Shaft",
            "text": "The Rotor Shaft is the main component of the Turbine $(l:turbine/rotor)Rotor$(/l)$(br2)The Rotor Shaft blocks must be placed one after the other inside the Turbine and must encompass its entire length, starting from the $(l:turbine/part-rotorbearing)Rotor Bearing$(/l) and ending against a $(l:turbine/part-casing)Housing$(/l) block on the other side.$(br2)"
        },
        {
            "type": "crafting",
            "recipe": "bigreactors:turbinerotorshaft",
            "title": "Rotor Shaft"
        },
        {
            "type": "part_usage",
            "text": "$(l)Mandatory:$() yes$(br)$(l)Valid positions:$() inside the Turbine$(br)$(l)Graphical interface:$() no"
        }
    ]
}