{
    "name": "Rotor Blade",
    "icon": "bigreactors:turbinerotorblade",
    "category": "bigreactors:turbine-parts",
    "read_by_default": true,
    "sortnum": 6,
    "pages": [
        {
            "type": "spotlight",
            "item": "bigreactors:turbinerotorblade",
            "link_recipe": true,
            "title": "Rotor Blade",
            "text": "The Rotor Blade is the last component of your $(l:turbine/rotor)Rotor$(/l), but it's the one that will make it spin.$(br2)A Rotor Blade can only be placed perpendicularly to a $(l:turbine/part-rotorshaft)Rotor Shaft$(/l) block or beside an already placed Blade, moving away from the shaft block."
        },
        {
            "type": "crafting",
            "recipe": "bigreactors:turbinerotorblade",
            "title": "Rotor Blade"
        },
        {
            "type": "part_usage",
            "text": "$(l)Mandatory:$() yes$(br)$(l)Valid positions:$() inside the Turbine, connected to another Blade or a Rotor Shaft block$(br)$(l)Graphical interface:$() no"
        }
    ]
}