{
    "name": "Fluid Port",
    "icon": "bigreactors:turbinefluidport",
    "category": "bigreactors:turbine-parts",
    "read_by_default": true,
    "sortnum": 7,
    "pages": [
        {
            "type": "spotlight",
            "item": "bigreactors:turbinefluidport",
            "link_recipe": true,
            "title": "Fluid Port",
            "text": "The Fluid Port allow you to insert or extract fluids from a Turbine.$(br2)This Port accept and emit vanilla fluids but only if they are valid $(l:misc/coolantsystem)coolants or vapors$(/l).$(br2)A $(l:misc/wrench)wrench$(/l) can be used to change the Port from input to output mode."
        },
        {
            "type": "crafting",
            "recipe2": "bigreactors:turbinefluidport",
            "title": "Fluid Port"
        },
        {
            "type": "part_usage",
            "text": "$(l)Mandatory:$() no$(br)$(l)Valid positions:$() any face (not on frame)$(br)$(l)Graphical interface:$() no$(br)$(l)Wrench:$() a $(l:misc/wrench)wrench$(/l) can be used to toggle the Port mode"
        }
    ]
}