{
    "name": "Forge Charging Port",
    "icon": "bigreactors:reinforced_turbinechargingportfe",
    "category": "bigreactors:turbine-parts",
    "read_by_default": true,
    "sortnum": 8,
    "pages": [
        {
            "type": "patchouli:spotlight",
            "item": "bigreactors:reinforced_turbinechargingportfe",
            "link_recipe": true,
            "title": "Forge Charging Port",
            "text": "The Forge Charging Port allow you to use the energy stored in your Turbine to charge items that use the the Forge Energy $(l:bigreactors:misc/powersystem)power system$(/l) to function.$(br2)Open the graphical interface of the port and insert the item you want charged into the input slot in the center."
        },
        {
            "type": "patchouli:text",
            "text": "Once the item energy buffer is full, the item will be automatically moved to the interface output slot for you to collect.$(br2)If, for any reason, you need to stop the charging process, press the eject button to move the item to the output slot immediately."
        },
        {
            "type": "bigreactors:crafting2x",
            "title1": "Basic",
            "recipe1": "bigreactors:turbine/basic/chargingfe",
            "title2": "Reinforced",
            "recipe2": "bigreactors:turbine/reinforced/chargingfe"
        },
        {
            "type": "bigreactors:part_usage",
            "text": "$(l)Mandatory:$() no$(br)$(l)Valid positions:$() any face (not on frame)$(br)$(l)Variants:$() all$(br)$(l)Graphical interface:$() yes"
        }
    ]
}
