{
    "name": "Rotor Bearing",
    "icon": "bigreactors:turbinebearing",
    "category": "bigreactors:turbine-parts",
    "read_by_default": true,
    "sortnum": 4,
    "pages": [
        {
            "type": "spotlight",
            "item": "bigreactors:turbinebearing",
            "link_recipe": true,
            "title": "Rotor Bearing",
            "text": "The Rotor Bearing is the base of your Turbine $(l:turbine/rotor)Rotor$(/l) assembly.$(br2)It must be placed in one of the Turbine faces, usually in the center, and followed by some $(l:turbine/part-rotorshaft)Rotor Shaft$(/l) blocks."
        },
        {
            "type": "crafting",
            "recipe": "bigreactors:turbinebearing",
            "title": "Rotor Bearing"
        },
        {
            "type": "part_usage",
            "text": "$(l)Mandatory:$() one, and only one, is required$(br)$(l)Valid positions:$() any face (not on frame)$(br)$(l)Graphical interface:$() no"
        }
    ]
}