{
    "name": "Glass",
    "icon": "bigreactors:turbineglass",
    "category": "bigreactors:turbine-parts",
    "read_by_default": true,
    "sortnum": 2,
    "pages": [
        {
            "type": "spotlight",
            "item": "bigreactors:turbineglass",
            "link_recipe": true,
            "title": "Glass",
            "text": "Glass blocks are decorative blocks that can be used, instead of a $(l:turbine/part-casing)Housing$(/l) block, to show the interior of the Turbine."
        },
        {
            "type": "crafting",
            "recipe": "bigreactors:turbineglass_vanillaglass",
            "title": "Glass"
        },
        {
            "type": "part_usage",
            "text": "$(l)Mandatory:$() no$(br)$(l)Valid positions:$() any face (not on frame)$(br)$(l)Graphical interface:$() no"
        }
    ]
}