{
    "name": "Forge Fluid Port",
    "icon": "bigreactors:reinforced_turbinefluidport_forge_passive",
    "category": "bigreactors:turbine-parts",
    "read_by_default": true,
    "sortnum": 7,
    "pages": [
        {
            "type": "patchouli:spotlight",
            "item": "bigreactors:reinforced_turbinefluidport_forge_passive",
            "link_recipe": true,
            "title": "Forge Fluid Port",
            "text": "The Forge Fluid Port allow you to insert or extract fluids from a Turbine.$(br2)This Port accept and emit vanilla fluids but only if they are valid $(l:bigreactors:misc/coolantsystem)coolants or vapors$(/l).$(br2)A $(l:bigreactors:misc/wrench)wrench$(/l) can be used to change the Port from input to output mode."
        },
        {
            "type": "bigreactors:crafting2x",
            "title1": "Basic (Passive)",
            "recipe1": "bigreactors:turbine/basic/passivefluidport_forge",
            "title2": "Reinforced (Passive)",
            "recipe2": "bigreactors:turbine/reinforced/passivefluidport_forge"
        },
        {
            "type": "bigreactors:crafting2x",
            "title1": "Basic (Active)",
            "recipe1": "bigreactors:turbine/basic/activefluidport_forge",
            "title2": "Reinforced (Active)",
            "recipe2": "bigreactors:turbine/reinforced/activefluidport_forge"
        },
        {
            "type": "bigreactors:part_usage",
            "text": "$(l)Mandatory:$() no$(br)$(l)Valid positions:$() any face (not on frame)$(br)$(l)Variants:$() all$(br)$(l)Graphical interface:$() no$(br)$(l)Wrench:$() a $(l:bigreactors:misc/wrench)wrench$(/l) can be used to toggle the Port mode"
        }
    ]
}