{
    "name": "Rotor Bearing",
    "icon": "bigreactors:reinforced_turbinerotorbearing",
    "category": "bigreactors:turbine-parts",
    "read_by_default": true,
    "sortnum": 4,
    "pages": [
        {
            "type": "patchouli:spotlight",
            "item": "bigreactors:reinforced_turbinerotorbearing",
            "link_recipe": true,
            "title": "Rotor Bearing",
            "text": "The Rotor Bearing is the base of your Turbine $(l:bigreactors:turbine/rotor)Rotor$(/l) assembly.$(br2)It must be placed in one of the Turbine faces, usually in the center, and followed by some $(l:bigreactors:turbine/part-rotorshaft)Rotor Shaft$(/l) blocks."
        },
        {
            "type": "bigreactors:crafting2x",
            "title1": "Basic",
            "recipe1": "bigreactors:turbine/basic/bearing",
            "title2": "Reinforced",
            "recipe2": "bigreactors:turbine/reinforced/bearing"
        },
        {
            "type": "bigreactors:part_usage",
            "text": "$(l)Mandatory:$() one, and only one, is required$(br)$(l)Valid positions:$() any face (not on frame)$(br)$(l)Variants:$() all$(br)$(l)Graphical interface:$() no"
        }
    ]
}