{
    "name": "Forge Energy Power Tap",
    "icon": "bigreactors:reinforced_turbinepowertapfe_active",
    "category": "bigreactors:turbine-parts",
    "read_by_default": true,
    "sortnum": 8,
    "pages": [
        {
            "type": "patchouli:spotlight",
            "item": "bigreactors:reinforced_turbinepowertapfe_active",
            "link_recipe": true,
            "title": "Forge Energy Power Tap",
            "text": "The Forge Energy Power Tap allow you to extract energy from a Turbine.$(br2)Like it's name imply, this Power Tap output energy using the Forge Energy $(l:bigreactors:misc/powersystem)power system$(/l) and so it can be connected only to pipes or machines compatible with that system."
        },
        {
            "type": "patchouli:text",
            "text": "Only one $(l:bigreactors:misc/powersystem)power system$(/l) can be used for each Turbine and so only one type of Power Taps can be used to build a single Turbine.$(br2)The Power Tap is available in both $(l:bigreactors:misc/passiveactiveparts)passive and active$(/l) form. "
        },
        {
            "type": "bigreactors:crafting2x",
            "title1": "Basic (Passive)",
            "recipe1": "bigreactors:turbine/basic/passivetap_fe",
            "title2": "Reinforced (Passive)",
            "recipe2": "bigreactors:turbine/reinforced/passivetap_fe"
        },
        {
            "type": "bigreactors:crafting2x",
            "title1": "Basic (Active)",
            "recipe1": "bigreactors:turbine/basic/activetap_fe",
            "title2": "Reinforced (Active)",
            "recipe2": "bigreactors:turbine/reinforced/activetap_fe"
        },
        {
            "type": "bigreactors:part_usage",
            "text": "$(l)Mandatory:$() no$(br)$(l)Valid positions:$() any face (not on frame)$(br)$(l)Variants:$() all$(br)$(l)Graphical interface:$() no$(br)$(l)Power system:$() Forge Energy"
        }
    ]
}