{
    "name": "Redstone Port",
    "icon": "bigreactors:reinforced_turbineredstoneport",
    "category": "bigreactors:turbine-parts",
    "read_by_default": true,
    "sortnum": 8,
    "pages": [
        {
            "type": "patchouli:spotlight",
            "item": "bigreactors:reinforced_turbineredstoneport",
            "link_recipe": true,
            "title": "Redstone Port",
            "text": "The Redstone Port allow you to automate your Turbine using Redstone.$(br2)Open the Port graphical interface to configure it. You can then choose between three input settings (that listen for a Redstone signal) and four output ones (that emit a Redstone signal)."
        },
        {
            "type": "patchouli:text",
            "text": "$(bold)Input settings$()$(br2)Perform one of the following actions when a Redstone signal is received$(br2)$(li)$(o)On / Off :$() turn the Turbine on or off depending on the signal received$(li)$(o)Induction Coils :$() engage or disengage the induction coils$(li)$(o)Flow Rate :$() change the maximum flow rate of vapor inside the Turbine."
        },
        {
            "type": "patchouli:text",
            "text": "$(bold)Output settings$()$(br2)Emit a Redstone signal when one of the following conditions are meet$(br2)$(li)$(o)Rotor Speed :$() the speed of the Turbine rotor is above, below or in between a given value$(li)$(o)Coolant amount :$() the amount of coolant in the Turbine is above, below or in between a given value$(li)$(o)Vapor amount :$() the amount of vapor in the Turbine is above, below or in between a given value"
        },
        {
            "type": "patchouli:text",
            "text": "$(li)$(o)Energy Stored :$() the amount of energy stored in the internal energy buffer is above, below or in between a given value.$(br2)You will usually need two or more Redstone Port to fully automate a Turbine.$(br2)For more complex automations, check the $(l:bigreactors:turbine/part-computerport)Computer Port$(/l)."
        },
        {
            "type": "bigreactors:crafting2x",
            "title1": "Basic",
            "recipe1": "bigreactors:turbine/basic/redstoneport",
            "title2": "Reinforced",
            "recipe2": "bigreactors:turbine/reinforced/redstoneport"
        },
        {
            "type": "bigreactors:part_usage",
            "text": "$(l)Mandatory:$() no$(br)$(l)Valid positions:$() any face (not on frame)$(br)$(l)Variants:$() all$(br)$(l)Graphical interface:$() yes"
        }
    ]
}
