{
    "name": "Rotor Shaft",
    "icon": "bigreactors:reinforced_turbinerotorshaft",
    "category": "bigreactors:turbine-parts",
    "read_by_default": true,
    "sortnum": 5,
    "pages": [
        {
            "type": "patchouli:spotlight",
            "item": "bigreactors:reinforced_turbinerotorshaft",
            "link_recipe": true,
            "title": "Rotor Shaft",
            "text": "The Rotor Shaft is the main component of the Turbine $(l:bigreactors:turbine/rotor)Rotor$(/l)$(br2)The Rotor Shaft blocks must be placed one after the other inside the Turbine and must encompass its entire length, starting from the $(l:bigreactors:turbine/part-rotorbearing)Rotor Bearing$(/l) and ending against a $(l:bigreactors:turbine/part-casing)Housing$(/l) block on the other side.$(br2)"
        },
        {
            "type": "bigreactors:crafting2x",
            "title1": "Basic",
            "recipe1": "bigreactors:turbine/basic/shaft",
            "title2": "Reinforced",
            "recipe2": "bigreactors:turbine/reinforced/shaft"
        },
        {
            "type": "bigreactors:part_usage",
            "text": "$(l)Mandatory:$() yes$(br)$(l)Valid positions:$() inside the Turbine$(br)$(l)Variants:$() all$(br)$(l)Graphical interface:$() no"
        }
    ]
}