{
    "name": "The Rotor",
    "icon": "bigreactors:turbinerotorshaft",
    "category": "bigreactors:turbine",
    "read_by_default": true,
    "sortnum": 2,
    "pages": [
        {
            "type": "text",
            "text": "The Rotor is the most important component of your Turbine as its design will have a direct impact on the $(l:turbine/innerworking)energy production$(/l) of the Turbine.$(br2)A Rotor is built using four types of blocks:$(li)a single $(l:turbine/part-rotorbearing)Rotor Bearing$(/l)$(li)some $(l:turbine/part-rotorshaft)Rotor Shaft$(/l) blocks$(li)a number of $(l:turbine/part-rotorblade)Rotor Blades$(/l)$(li)a single $(l:turbine/part-casing)Housing$(/l) block"
        },
        {
            "type": "multiblock",
            "multiblock": {
                "mapping": {
                    "0": "bigreactors:turbinebearing",
                    "S": "bigreactors:turbinerotorshaft[state=Y_NOBLADES]",
                    "A": "bigreactors:turbinerotorshaft[state=Y_XZ]",
                    "B": "bigreactors:turbinerotorshaft[state=Y_Z]",
                    "C": "bigreactors:turbinerotorshaft[state=Y_X]",
                    "1": "bigreactors:turbinerotorblade[state=Y_X_NEG]",
                    "3": "bigreactors:turbinerotorblade[state=Y_X_POS]",
                    "2": "bigreactors:turbinerotorblade[state=Y_Z_NEG]",
                    "4": "bigreactors:turbinerotorblade[state=Y_Z_POS]",
                    "X": "bigreactors:turbinehousing"
                },
                "pattern": [
                    [
                        "       ",
                        "       ",
                        "       ",
                        "   X   ",
                        "       ",
                        "       ",
                        "       "
                    ],
                    [
                        "       ",
                        "       ",
                        "       ",
                        "   S   ",
                        "       ",
                        "       ",
                        "       "
                    ],
                    [
                        "       ",
                        "       ",
                        "   1   ",
                        "  2A4  ",
                        "   3   ",
                        "       ",
                        "       "
                    ],
                    [
                        "       ",
                        "   1   ",
                        "   1   ",
                        " 22A44 ",
                        "   3   ",
                        "   3   ",
                        "       "
                    ],
                    [
                        "   1   ",
                        "   1   ",
                        "   1   ",
                        "   C   ",
                        "   3   ",
                        "   3   ",
                        "   3   "
                    ],
                    [
                        "       ",
                        "       ",
                        "       ",
                        "222B444",
                        "       ",
                        "       ",
                        "       "
                    ],
                    [
                        "   1   ",
                        "   1   ",
                        "   1   ",
                        "222A444",
                        "   3   ",
                        "   3   ",
                        "   3   "
                    ],
                    [
                        "       ",
                        "       ",
                        "       ",
                        "   S   ",
                        "       ",
                        "       ",
                        "       "
                    ],
                    [
                        "       ",
                        "       ",
                        "       ",
                        "   0   ",
                        "       ",
                        "       ",
                        "       "
                    ]
                ]
            }
        },
        {
            "type": "text",
            "text": "$(bold)Building the Rotor$()$(br2)The Rotor can be build following any of the three axis (X, Y, or Z) of the Turbine.$(br2)The first block of your Rotor mush be a $(l:turbine/part-rotorbearing)Rotor Bearing$(/l) placed on one face of the Turbine, usually in the middle.$(br2)Starting from the bearing, place down as many $(l:turbine/part-rotorshaft)Rotor Shaft$(/l) blocks as needed to reach the opposite face of the Turbine where it should meet a $(l:turbine/part-casing)Housing$(/l) there."
        },
        {
            "type": "text",
            "text": "After the shaft is complete, it's time to place some $(l:turbine/part-rotorblade)Rotor Blades$(/l) down. They can be placed in any position that is perpendicular, and adjacent, to a $(l:turbine/part-rotorshaft)Rotor Shaft$(/l) or next to an already placed blade.$(br2)Your Rotor can have as many blades as you like, in any combination.$(br)However, it's important to note that the number of blades, along with their vapor capacity, has a direct relation to the Rotor speed."
        },
        {
            "type": "text",
            "text": "$(bold)How many Blades?$()$(br2)Each Blade has a maximum vapor capacity of 25 mB: this is the maximum amount of vapor they can capture and $(italic)use$() to spin the Rotor.$(br2)Use this value to calculate how many Blades you need to handle the vapor flow rate you've set for your Turbine (in the Controller graphical interface)."
        },
        {
            "type": "text",
            "text": "$(bold)Inductor Coils$()$(br2)To actually generate energy, you need to place al least some $(l:turbine/coils)Inductor Coils$(/l) at the end of your Rotor (near the closing $(l:turbine/part-casing)Housing$(/l) block.$(br2)$(italic)And remember to engage them in the $(l:turbine/part-controller)Controller$(/l) graphical interface!$()$(br2)You can place up to three rings of coils, each ring consisting of up to eight coil blocks."
        },
        {
            "type": "text",
            "text": "Mixing coil types is permitted and, if you do so, the Turbine will make the average of the values of their properties.$(br2)Doing so allow you to start with easily available, or cheap, coils and then replace them gradually instead of waiting to have the more rare or expensive coils on hand.$(br2)In the following page you can see the example Rotor shown previously with some $(l:turbine/coils)Inductor Coils$(/l) added."
        },
        {
            "type": "multiblock",
            "multiblock": {
                "mapping": {
                    "0": "bigreactors:turbinebearing",
                    "S": "bigreactors:turbinerotorshaft[state=Y_NOBLADES]",
                    "A": "bigreactors:turbinerotorshaft[state=Y_XZ]",
                    "B": "bigreactors:turbinerotorshaft[state=Y_Z]",
                    "C": "bigreactors:turbinerotorshaft[state=Y_X]",
                    "1": "bigreactors:turbinerotorblade[state=Y_X_NEG]",
                    "3": "bigreactors:turbinerotorblade[state=Y_X_POS]",
                    "2": "bigreactors:turbinerotorblade[state=Y_Z_NEG]",
                    "4": "bigreactors:turbinerotorblade[state=Y_Z_POS]",
                    "X": "bigreactors:turbinehousing",
                    "I": "minecraft:iron_block",
                    "G": "minecraft:gold_block"
                },
                "pattern": [
                    [
                        "       ",
                        "       ",
                        "       ",
                        "   X   ",
                        "       ",
                        "       ",
                        "       "
                    ],
                    [
                        "       ",
                        "       ",
                        "  IGG  ",
                        "  GSI  ",
                        "  GII  ",
                        "       ",
                        "       "
                    ],
                    [
                        "       ",
                        "       ",
                        "   1   ",
                        "  2A4  ",
                        "   3   ",
                        "       ",
                        "       "
                    ],
                    [
                        "       ",
                        "   1   ",
                        "   1   ",
                        " 22A44 ",
                        "   3   ",
                        "   3   ",
                        "       "
                    ],
                    [
                        "   1   ",
                        "   1   ",
                        "   1   ",
                        "   C   ",
                        "   3   ",
                        "   3   ",
                        "   3   "
                    ],
                    [
                        "       ",
                        "       ",
                        "       ",
                        "222B444",
                        "       ",
                        "       ",
                        "       "
                    ],
                    [
                        "   1   ",
                        "   1   ",
                        "   1   ",
                        "222A444",
                        "   3   ",
                        "   3   ",
                        "   3   "
                    ],
                    [
                        "       ",
                        "       ",
                        "       ",
                        "   S   ",
                        "       ",
                        "       ",
                        "       "
                    ],
                    [
                        "       ",
                        "       ",
                        "       ",
                        "   0   ",
                        "       ",
                        "       ",
                        "       "
                    ]
                ]
            }
        }
    ]
}