{
    "name": "啟用冷卻",
    "icon": "minecraft:water_bucket",
    "category": "bigreactors:reactor-operational_mode",
    "read_by_default": true,
    "sortnum": 2,
    "pages": [
        {
            "type": "text",
            "text": "A actively cooled Reactor is a Reactor that uses an external coolant to dissipate it's internal heat.$(br2)The coolant will be vaporized in the process and the resulting vapor can be extracted from the Reactor to drive the rotors of one or more Turbines."
        },
        {
            "type": "text",
            "text": "To build an actively cooled Reactor you need to include at least two Fluid Ports in the multiblock, one configured for inserting a coolant into the Reactor and one for extracting the generated vapor from the Reactor.$(br2)The extracted vapor can then be piped into your Turbines to generate energy."
        }
    ]
}