{
    "name": "管理者",
    "icon": "minecraft:iron_block",
    "category": "bigreactors:reactor",
    "read_by_default": true,
    "sortnum": 3,
    "pages": [
        {
            "type": "text",
            "text": "A radiation moderator is a block or fluid that can be placed inside the Reactor to absorb part of the radiation emitted by the fuel and $(l:bigreactors:reactor/innerworking)move heat$(/l) away from the $(l:bigreactors:reactor/part-fuelrod)Fuel Rods$(/l).$(br2)A particular moderator could convert radiation to heat more or less efficiently than another one, or could absorb more radiation than others. Or it could conducts heat way better than it's companions."
        },
        {
            "type": "text",
            "text": "Or it could be dirty cheap but extremely inefficient all around. Like air for example: it works, but barely.$(br2)Usually a rare block/fluid, or one particularly expensive to craft, has better stats than a common, or cheap, one.$(br2)Extreme Reactors register, by default, a score of vanilla and modded blocks/fluids as moderators.$(br)Other mods or mod packs can add their own moderators or modify/remove the default ones."
        },
        {
            "type": "text",
            "text": "Only valid moderators can be placed inside the Reactors. Invalid moderators will prevent the Reactor multiblock from forming.$(br2)Blocks and fluids (check the bucket) that can be used as moderators are marked with a special tooltip that you can see if you want to spoiler yourself and you have enabled the $(italic)Advanced Tooltips$() feature of Minecraft (F3 + H)."
        }
    ]
}