{
    "name": "Redstone Port",
    "icon": "bigreactors:reinforced_reactorredstoneport",
    "category": "bigreactors:reactor-parts",
    "read_by_default": true,
    "sortnum": 8,
    "pages": [
        {
            "type": "spotlight",
            "item": "bigreactors:reinforced_reactorredstoneport",
            "link_recipe": true,
            "title": "Redstone Port",
            "text": "The Redstone Port allow you to automate your Reactor using Redstone.$(br2)Open the Port graphical interface to configure it. You can then choose between three input settings (that listen for a Redstone signal) and six output ones (that emit a Redstone signal)."
        },
        {
            "type": "text",
            "text": "$(bold)Input settings$()$(br2)Perform one of the following actions when a Redstone signal is received$(br2)$(li)$(o)On / Off :$() turn the Reactor on or off depending on the signal received$(li)$(o)Eject Waste :$() eject waste material to Access Ports in outlet mode$(li)$(o)Control Rods Insertion :$() set the insertion percentage of all Control Rods in the Reactor."
        },
        {
            "type": "text",
            "text": "$(bold)Output settings$()$(br2)Emit a Redstone signal when one of the following conditions are meet$(br2)$(li)$(o)Casing heat :$() the heat of the Reactor Casing is above, below or in between a given temperature$(li)$(o)Core heat :$() the heat of the Reactor Core is above, below or in between a given temperature$(li)$(o)Fuel Richness :$() the Fuel Richness percentile is above, below or in between a given value"
        },
        {
            "type": "text",
            "text": "$(li)$(o)Fuel Amount :$() the amount of fuel available is above, below or in between a given value$(li)$(o)Waste Amount :$() the amount of waste available is above, below or in between a given value.$(li)$(o)Energy Stored :$() the amount of energy stored in the internal energy buffer is above, below or in between a given value.$(li)$(o)Coolant amount :$() the amount of coolant in the Turbine is above, below or in between a given value"
        },
        {
            "type": "text",
            "text": "$(li)$(o)Vapor amount :$() the amount of vapor in the Turbine is above, below or in between a given value$(br2)You will usually need two or more Redstone Port to fully automate a Reactor.$(br2)For more complex automations, check the $(l:bigreactors:reactor/part-computerport)Computer Port$(/l)."
        },
        {
            "type": "crafting2x",
            "title1": "Basic",
            "recipe1": "bigreactors:reactor/basic/redstoneport",
            "title2": "Reinforced",
            "recipe2": "bigreactors:reactor/reinforced/redstoneport"
        },
        {
            "type": "part_usage",
            "text": "$(l)Mandatory:$() no$(br)$(l)Valid positions:$() any face (not on frame)$(br)$(l)Variants:$() all$(br)$(l)Graphical interface:$() yes"
        }
    ]
}