{
    "name": "Solid Access Port",
    "icon": "bigreactors:reinforced_reactorsolidaccessport",
    "category": "bigreactors:reactor-parts",
    "read_by_default": true,
    "sortnum": 6,
    "pages": [
        {
            "type": "spotlight",
            "item": "bigreactors:reinforced_reactorsolidaccessport",
            "link_recipe": true,
            "title": "Solid Access Port",
            "text": "The Solid Access Port convert solid materials (usually ingots) into fuel reactants that will fill your $(l:bigreactors:reactor/part-fuelrod)Fuel Rods$(/l) and power your Reactor.$(br2)In the graphical interface you can set the Port mode: in $(bold)inlet mode$() the Port will accept fuel source materials, in $(bold)outlet mode$() it will output wastes."
        },
        {
            "type": "text",
            "text": "A $(l:bigreactors:misc/wrench)wrench$(/l) can be used to change the Port mode.$(br2)The graphical interface can also be used to insert and extract materials manually.$(br2)The Solid Access Port is a quick solution to add fuel to your Reactor but, as every quick solutions ever, is not perfect and a small material loss is unavoidable."
        },
        {
            "type": "crafting2x",
            "title1": "Basic",
            "recipe1": "bigreactors:reactor/basic/solidaccessport",
            "title2": "Reinforced",
            "recipe2": "bigreactors:reactor/reinforced/solidaccessport"
        },
        {
            "type": "part_usage",
            "text": "$(l)Mandatory:$() no, but you will need a couple anyway$(br)$(l)Valid positions:$() any face (not on frame)$(br)$(l)Variants:$() all$(br)$(l)Graphical interface:$() yes$(br)$(l)Wrench:$() a $(l:bigreactors:misc/wrench)wrench$(/l) can be used to toggle the Port mode"
        }
    ]
}