{
    "name": "Forge Fluid Port",
    "icon": "bigreactors:reinforced_reactorfluidport_forge_passive",
    "category": "bigreactors:reactor-parts",
    "read_by_default": true,
    "sortnum": 10,
    "pages": [
        {
            "type": "spotlight",
            "item": "bigreactors:reinforced_reactorfluidport_forge_passive",
            "link_recipe": true,
            "title": "Forge Fluid Port",
            "text": "The Forge Fluid Port allow you to insert or extract fluids from an $(l:bigreactors:reactor/active)actively cooled$(/l) Reactor.$(br2)This Port accept and emit vanilla fluids but only if they are valid $(l:bigreactors:misc/coolantsystem)coolants or vapors$(/l).$(br2)A $(l:bigreactors:misc/wrench)wrench$(/l) can be used to change the Port from input to output mode."
        },
        {
            "type": "crafting2x",
            "title1": "Reinforced (Passive)",
            "recipe1": "bigreactors:reactor/reinforced/passivefluidport_forge",
            "title2": "Reinforced (Active)",
            "recipe2": "bigreactors:reactor/reinforced/activefluidport_forge"
        },
        {
            "type": "part_usage",
            "text": "$(l)Mandatory:$() no$(br)$(l)Valid positions:$() any face (not on frame)$(br)$(l)Variants:$() Reinforced$(br)$(l)Graphical interface:$() no$(br)$(l)Wrench:$() a $(l:bigreactors:misc/wrench)wrench$(/l) can be used to toggle the Port mode"
        }
    ]
}