{
    "name": "控制器",
    "icon": "bigreactors:reinforced_reactorcontroller",
    "category": "bigreactors:reactor-parts",
    "read_by_default": true,
    "sortnum": 3,
    "pages": [
        {
            "type": "spotlight",
            "item": "bigreactors:reinforced_reactorcontroller",
            "link_recipe": true,
            "title": "Controller",
            "text": "The Controller is your main interface to the Reactor.$(br2)Right click on the Controller to open it's graphical user interface and from there you can turn the Reactor on or off, check how much reactants are present in the Fuel Rods, how hot the Reactor is and so on."
        },
        {
            "type": "text",
            "text": "Depending on the operational mode of the Reactor, you can also check the status of it's internal energy buffer and production ratio for $(l:bigreactors:reactor/passive)passively cooled$(/l) Reactors or the amount of coolants and vapors present in an $(l:bigreactors:reactor/active)actively cooled$(/l) Reactor.$(br2)If you hover on a control in the interface, a tooltip will be displayed with additional information or an explanatory text for that control."
        },
        {
            "type": "crafting2x",
            "title1": "Basic",
            "recipe1": "bigreactors:reactor/basic/controller_ingots_yellorium",
            "title2": "Reinforced",
            "recipe2": "bigreactors:reactor/reinforced/controller_ingots_yellorium"
        },
        {
            "type": "part_usage",
            "text": "$(l)Mandatory:$() at least one is required$(br)$(l)Valid positions:$() any face (not on frame)$(br)$(l)Variants:$() all$(br)$(l)Graphical interface:$() yes"
        }
    ]
}