{
    "name": "Creative Water Generator",
    "icon": "bigreactors:reinforced_reactorcreativewatergenerator",
    "category": "bigreactors:reactor-parts",
    "read_by_default": true,
    "sortnum": 12,
    "pages": [
        {
            "type": "spotlight",
            "item": "bigreactors:reinforced_reactorcreativewatergenerator",
            "link_recipe": true,
            "title": "Water Generator",
            "text": "The Water Generator is a creative only part that act as a constant source of water for an $(l:bigreactors:reactor/active)actively cooled$(/l) Reactor.$(br2)This part automatically supply one bucket of water to the Coolant Fluid Tank, but only when the Reactor is active."
        },
        {
            "type": "part_usage",
            "text": "$(l)Mandatory:$() no$(br)$(l)Valid positions:$() any face (not on frame)$(br)$(l)Variants:$() Reinforced$(br)$(l)Graphical interface:$() no$(br)$(l)Creative mode:$() this part is only available in creative mode and there is no crafting recipe for it"
        }
    ]
}