{
    "name": "Reactants",
    "icon": "bigreactors:yellorium_ingot",
    "category": "bigreactors:reactor",
    "read_by_default": true,
    "sortnum": 2,
    "pages": [
        {
            "type": "text",
            "text": "A reactant is a chemical substance that you can use inside your Reactor to sustain a nuclear reaction.$(br2)There are two types of reactant:$(li)$(bold)Fuel:$() literally, the fuel that sustain the nuclear chain reaction inside the $(l:bigreactors:reactor/part-fuelrod)Fuel Rods$(/l)$(li)$(bold)Waste:$() the product of the reaction that consume the fuel once it's irradiated."
        },
        {
            "type": "text",
            "text": "Extreme Reactors register, by default, four reactants: the fuels named Yellorium and Blutonium and their associated wastes, Cyanite and Magentite.$(br2)Every reactants has a list of items that can be used to produce that reactant by, for example, inserting then in a $(l:bigreactors:reactor/part-solidaccessport)Solid Access Port$(/l).$(br2)Yellorium, for example, can be obtained from $(l:bigreactors:intro/ores)Yellorium Ingots$(/l). Cyanite, when ejected from the Reactor, turn into Cyanite Ingots."
        },
        {
            "type": "text",
            "text": "Some reactants can be produced in the $(l:bigreactors:reprocessor/reprocessing)Reprocessor$(/l) by converting wastes into new fuel sources.$(br2)Each type of Fuel has it's own properties and behave differently inside the Reactor$(br2)Other mods or mod packs can add their own reactants, fuel types and reactants source or modify/remove the default ones."
        },
        {
            "type": "text",
            "text": "Items that can be used to produce a reactant of the fuel type are marked with a special tooltip that you can see if you want to spoiler yourself and you have enabled the $(italic)Advanced Tooltips$() feature of Minecraft (F3 + H)."
        }
    ]
}