{
  "processor": "com.glisco.conjuring.compat.patchouli.SoulfireForgeProcessor",
  "components": [
    {
      "type": "patchouli:image",
      "image": "conjuring:textures/gui/patchouli/soulfire_forge_patchouli.png",
      "width": 120,
      "height": 64,
      "texture_width": 128,
      "y": 6
    },
    {
      "type": "patchouli:header",
      "text": "#iname",
      "maxWidth": 10,
      "x": -1,
      "y": -3
    },
    {
      "type": "text",
      "text": "#time",
      "x": 69,
      "y": 54
    },
    {
      "type": "text",
      "text": "#text",
      "y": 71,
      "x": 2
    },
    {
      "type": "item",
      "item": "#input0",
      "x": 5,
      "y": 10
    },
    {
      "type": "item",
      "item": "#input1",
      "x": 24,
      "y": 10
    },
    {
      "type": "item",
      "item": "#input2",
      "x": 43,
      "y": 10
    },
    {
      "type": "物品",
      "item": "#input3",
      "x": 5,
      "y": 30
    },
    {
      "type": "item",
      "item": "#input4",
      "x": 24,
      "y": 30
    },
    {
      "type": "item",
      "item": "#input5",
      "x": 43,
      "y": 30
    },
    {
      "type": "item",
      "item": "#input6",
      "x": 5,
      "y": 50
    },
    {
      "type": "item",
      "item": "#input7",
      "x": 24,
      "y": 50
    },
    {
      "type": "patchouli:item",
      "item": "#input8",
      "x": 43,
      "y": 50
    },
    {
      "type": "item",
      "item": "#output",
      "x": 92,
      "y": 30,
      "link_recipe": true
    },
    {
      "type": "item",
      "item": "conjuring:soulfire_forge",
      "x": 92,
      "y": 51
    }
  ]
}