{
  "name": "區域",
  "icon": "pneumaticcraft:textures/items/progwidgets/area_piece.png",
  "category": "widget_other",
  "advancement": "pneumaticcraft:programmer",
  "pages": [
    {
      "type": "text",
      "text": "$(thing)區域/$拼圖僅用作其餘拼圖的參數，用於指定其將在哪個區域（可以只有一個方塊）執行。要使用該拼圖，需要$(l:tools/gps_tool)定位工具/$和/或$(l:tools/gps_area_tool)區域定位工具/$。$(p)一般有兩種方法設定區域拼圖："
    },
    {
      "type": "text",
      "text": "1. 在$(l:programmming/programmer)編程器/$中$(thing)右擊/$區域拼圖以打開設定介面，並在此處設定。可以使用兩個$(thing)GPS/$按鈕（點擊後顯示另一介面，在其中從你的物品欄選取定位工具）以設定區域的範圍，並通過下方的單選框選擇$(thing)區域類型/$以及配套的參數。"
    },
    {
      "type": "text",
      "text": "2. 在世界中設定$(l:tools/gps_tool)定位工具/$或$(l:tools/gps_area_tool)區域定位工具/$。在$(l:programming/programmer)編程器/$介面中可以：$(li)使用$(item)（區域）定位工具/$$(thing)左擊/$已有的$(thing)區域/$拼圖以將定位工具內的設定複製到拼圖中$(li)使用$(item)定位工具/$$(thing)左擊/$空白的程式區域以創建一個$(l:programming/coordinate)坐標/$拼圖$(li)使用$(item)定位工具/$ $(thing)Shift 左擊/$空白的程式區域以創建一個$(thing)區域/$拼圖$(li)使用$(item)區域定位工具/$$(thing)左擊/$空白的程式區域以創建一個$(thing)區域/$拼圖"
    },
    {
      "type": "text",
      "text": "3. 高級選項：可以使用$(thing)變數/$，正如$(l:programming/coordinate_operator)坐標運算元/$所創建的一樣。變數只在$(l:programming/programmer)編程器/$的$(thing)高級/$模式下可用；在定位按鍵之外，下拉選單選擇在調整模式後將會出現。可以在此選擇已知的變數名，此後該區域拼圖的對應角落將會使用該變數對應的位置。"
    },
    {
      "type": "image",
      "images": [
        "pneumaticcraft:textures/items/progwidgets/area_piece.png"
      ],
      "text": "$(italic)區域/$"
    }
  ]
}