{
  "name": "Area Widget",
  "icon": "pneumaticcraft:textures/items/progwidgets/area_piece.png",
  "category": "widget_other",
  "advancement": "pneumaticcraft:programmer",
  "pages": [
    {
      "type": "text",
      "text": "The $(thing)Area/$ widget is solely used as a parameter for other widgets, to tell them what area (which could be a single block) they should apply to. To use this widget, you will need a $(l:tools/gps_tool)GPS Tool/$ and/or $(l:tools/gps_area_tool)GPS Area Tool/$.$(p)There are three common ways to set up an Area widget:"
    },
    {
      "type": "text",
      "text": "1. $(thing)Right-click/$ the Area widget in the $(l:programming/programmer)Programmer/$ GUI to open a configuration GUI, and set it up there. You can set the area's extent with the two $(thing)GPS/$ buttons (click to open another GUI and select a $(l:tools/gps_tool)GPS Tool/$ from your inventory), and choose the $(thing)Area Type/$ and associated parameters with the radio buttons beneath."
    },
    {
      "type": "text",
      "text": "2. Set up a $(l:tools/gps_tool)GPS Tool/$ or $(l:tools/gps_area_tool)GPS Area Tool/$ in-world. In the $(l:programming/programmer)Programmer/$ GUI, you can: $(li)$(thing)Left-click/$ the $(item)GPS (Area) Tool/$ on an existing $(thing)Area/$ widget to copy the tool's settings to the widget$(li)$(thing)Left-click/$ a $(item)GPS Tool/$ on an empty programming area to create a new $(l:programming/coordinate)Coordinate/$ widget$(li)$(thing)Shift+left-click/$ a $(item)GPS Tool/$ on an empty programming area to create a new $(thing)Area/$ widget$(li)$(thing)Left-click/$ a $(item)GPS Area Tool/$ on an empty programming area to create a new $(thing)Area/$ widget."
    },
    {
      "type": "text",
      "text": "3. The advanced option: you can use $(thing)variables/$, as created by the $(l:programming/coordinate_operator)Coordinate Operator/$ widget. The $(l:programming/programmer)Programmer/$ must be in $(thing)Advanced/$ mode for variables to be available; beside the GPS buttons, you will now also see drop-down selection fields. You can choose a known variable name there, and the corresponding corner of this Area will use that variable's position."
    },
    {
      "type": "image",
      "images": [
        "pneumaticcraft:textures/items/progwidgets/area_piece.png"
      ],
      "text": "$(italic)Area Widget/$"
    }
  ]
}