{
  "name": "Comment Widget",
  "icon": "pneumaticcraft:textures/items/progwidgets/comment_piece.png",
  "category": "widget_other",
  "advancement": "pneumaticcraft:programmer",
  "pages": [
    {
      "type": "text",
      "text": "This widget allows addition of $(thing)comments/$ to your program, and has no functional effect. It does not cost any $(l:programming/puzzle_pieces)Puzzle Pieces/$ to use."
    },
    {
      "type": "image",
      "images": [
        "pneumaticcraft:textures/items/progwidgets/comment_piece.png"
      ],
      "text": "$(italic)Comment Widget/$"
    }
  ]
}