{
  "name": "電腦控制",
  "icon": "pneumaticcraft:textures/items/progwidgets/computer_craft_piece.png",
  "category": "widget_other",
  "flag": "|mod:computercraft,mod:opencomputers",
  "advancement": "pneumaticcraft:programmer",
  "pages": [
    {
      "type": "text",
      "text": "$(thing)電腦控制/$拼圖允許$(l:tools/drone)無人機/$被 $(thing)ComputerCraft/$ 或 $(thing)OpenComputers/$ 的電腦控制。欲知更多關於這一控制如何實現的資訊，參見$(l:machines/drone_interface)無人機介面/$。"
    },
    {
      "type": "image",
      "images": [
        "pneumaticcraft:textures/items/progwidgets/computer_craft_piece.png"
      ],
      "text": "$(italic)電腦控制/$"
    }
  ]
}