{
  "name": "Computer Control Widget",
  "icon": "pneumaticcraft:textures/items/progwidgets/computer_craft_piece.png",
  "category": "widget_other",
  "flag": "|mod:computercraft,mod:opencomputers",
  "advancement": "pneumaticcraft:programmer",
  "pages": [
    {
      "type": "text",
      "text": "The $(thing)Computer Control/$ widget allows $(l:tools/drone)Drones/$ to be controlled via $(thing)ComputerCraft/$ or $(thing)OpenComputers/$ computers. See the $(l:machines/drone_interface)Drone Interface/$ for more information on how to do this."
    },
    {
      "type": "image",
      "images": [
        "pneumaticcraft:textures/items/progwidgets/computer_craft_piece.png"
      ],
      "text": "$(italic)Computer Control Widget/$"
    }
  ]
}