{
  "name": "條件：物品",
  "icon": "pneumaticcraft:textures/items/progwidgets/condition_item_inventory_piece.png",
  "category": "widget_cond",
  "advancement": "pneumaticcraft:programmer",
  "pages": [
    {
      "type": "text",
      "text": "這是一個$(l:programming/conditions)條件/$拼圖。$(p)$(thing)條件：物品/$檢查一個容器裡是否有一定量的物品。其將會對所有匹配的物品（由連接的$(l:programming/item_filter)物品過濾器/$指定；不連接物品過濾器即所有物品都匹配）計數。"
    },
    {
      "type": "image",
      "images": [
        "pneumaticcraft:textures/items/progwidgets/condition_item_inventory_piece.png"
      ],
      "text": "$(italic)條件：物品/$"
    }
  ]
}