{
  "name": "Condition: Pressure Widget",
  "icon": "pneumaticcraft:textures/items/progwidgets/condition_pressure_piece.png",
  "category": "widget_cond",
  "advancement": "pneumaticcraft:programmer",
  "pages": [
    {
      "type": "text",
      "text": "This is a $(l:programming/conditions)Condition/$ widget.$(p)The $(thing)Condition: Pressure/$ widget allows you to (remotely) check if the $(l:base_concepts/pressure)pressure/$ of the pneumatic block(s) in the connected $(l:programming/area)Area/$ widget matches the configured pressure threshold."
    },
    {
      "type": "image",
      "images": [
        "pneumaticcraft:textures/items/progwidgets/condition_pressure_piece.png"
      ],
      "text": "$(italic)Condition: Pressure Widget/$"
    }
  ]
}