{
  "name": "條件：壓力",
  "icon": "pneumaticcraft:textures/items/progwidgets/condition_pressure_piece.png",
  "category": "widget_cond",
  "advancement": "pneumaticcraft:programmer",
  "pages": [
    {
      "type": "text",
      "text": "這是一個$(l:programming/conditions)條件/$拼圖。$(p)$(thing)條件：壓力/$允許你（遠程）檢查指定$(l:programming/area)區域/$內的氣動方塊的$(l:base_concepts/pressure)壓力/$是否達到指定值。"
    },
    {
      "type": "image",
      "images": [
        "pneumaticcraft:textures/items/progwidgets/condition_pressure_piece.png"
      ],
      "text": "$(italic)條件：壓力/$"
    }
  ]
}