{
  "name": "Condition: Light Widget",
  "icon": "pneumaticcraft:textures/items/progwidgets/condition_light_piece.png",
  "category": "widget_cond",
  "advancement": "pneumaticcraft:programmer",
  "pages": [
    {
      "type": "text",
      "text": "This is a $(l:programming/conditions)Condition/$ widget.$(p)The $(thing)Condition: Light/$ widget allows you to (remotely) check if the light level of the block(s) in the connected $(l:programming/area)Area/$ widget matches the configured light threshold."
    },
    {
      "type": "image",
      "images": [
        "pneumaticcraft:textures/items/progwidgets/condition_light_piece.png"
      ],
      "text": "$(italic)Condition: Light Widget/$"
    }
  ]
}