{
  "name": "條件：亮度等級",
  "icon": "pneumaticcraft:textures/items/progwidgets/condition_light_piece.png",
  "category": "widget_cond",
  "advancement": "pneumaticcraft:programmer",
  "pages": [
    {
      "type": "text",
      "text": "這是一個$(l:programming/conditions)條件/$拼圖。$(p)$(thing)條件：亮度等級/$條件：亮度等級允許你（遠程）檢查指定$(l:programming/area)區域/$內的方塊亮度等級是否達到閾值。"
    },
    {
      "type": "image",
      "images": [
        "pneumaticcraft:textures/items/progwidgets/condition_light_piece.png"
      ],
      "text": "$(italic)條件：亮度等級/$"
    }
  ]
}