{
  "name": "條件：紅石",
  "icon": "pneumaticcraft:textures/items/progwidgets/condition_redstone_piece.png",
  "category": "widget_cond",
  "advancement": "pneumaticcraft:programmer",
  "pages": [
    {
      "type": "text",
      "text": "這是一個$(l:programming/conditions)條件/$拼圖。$(p)$(thing)條件：紅石/$允許你（遠程）檢查指定$(l:programming/area)區域/$內的方塊是否被以特定的紅石強度充能。"
    },
    {
      "type": "image",
      "images": [
        "pneumaticcraft:textures/items/progwidgets/condition_redstone_piece.png"
      ],
      "text": "$(italic)條件：紅石/$"
    }
  ]
}