{
  "name": "Condition: Items Widget",
  "icon": "pneumaticcraft:textures/items/progwidgets/condition_item_inventory_piece.png",
  "category": "widget_cond",
  "advancement": "pneumaticcraft:programmer",
  "pages": [
    {
      "type": "text",
      "text": "This is a $(l:programming/conditions)Condition/$ widget.$(p)The $(thing)Condition: Items/$ widget checks an inventory for a certain amount of items. It will count up all matching items (specified by a connected $(l:programming/item_filter)Item Filter/$; omit the filter to count every item)."
    },
    {
      "type": "image",
      "images": [
        "pneumaticcraft:textures/items/progwidgets/condition_item_inventory_piece.png"
      ],
      "text": "$(italic)Condition: Items Widget/$"
    }
  ]
}