{
  "name": "Condition: Coordinate Widget",
  "icon": "pneumaticcraft:textures/items/progwidgets/condition_coordinate_piece.png",
  "category": "widget_cond",
  "advancement": "pneumaticcraft:programmer",
  "pages": [
    {
      "type": "text",
      "text": "This is a $(l:programming/conditions)Condition/$ widget.$(p)The $(thing)Condition: Coordinate/$ widget compares two $(l:programming/coordinate)Coordinates/$. Different tests can be done on these coordinates, and more specifically on every axis (X/Y/Z) of the coordinate. You can check if just one axis of both coordinates matches, or two, or all three."
    },
    {
      "type": "text",
      "text": "The axis or axes being compared are defined by the checkboxes in the widget's GUI. Similarly, the condition to use ('=', '>=') is defined by the radio buttons in the GUI.$(p)Your coordinate comparison is also displayed textually in the GUI (e.g. $(thing)x1 <= x2 and z1 <= z2/$)."
    },
    {
      "type": "image",
      "images": [
        "pneumaticcraft:textures/items/progwidgets/condition_coordinate_piece.png"
      ],
      "text": "$(italic)Condition: Coordinate Widget/$"
    }
  ]
}