{
  "name": "Condition: Item Filter Widget",
  "icon": "pneumaticcraft:textures/items/progwidgets/condition_item.png",
  "category": "widget_cond",
  "advancement": "pneumaticcraft:programmer",
  "pages": [
    {
      "type": "text",
      "text": "This is a $(l:programming/conditions)Condition/$ widget.$(p)The $(thing)Condition: Item Filter/$ widget allows you to compare $(l:programming/item_filter)Item Filters/$. This is mostly useful when you are using Item Filters with $(l:programming/variables)variables/$.$(p)The widget examines the item in a single $(l:programming/item_filter)Item Filter/$ widget connected on the top row, right-hand side, and checks if that item matches the filter specified by $(thing)Item Filter(s)/$ on the second row."
    },
    {
      "type": "text",
      "text": "As usual, use the right-hand side to whitelist (meaning the item should match this filter), and left-hand side to blacklist (saying that this item should $(italic)not/$ match this filter). If it matches, the condition is evaluated $(thing)true/$. Otherwise, the condition is evaluated $(thing)false/$."
    },
    {
      "type": "text",
      "text": "You can add more than one item to check. By connecting multiple second-row $(l:programming/item_filter)Item Filters/$ on the right-hand side, the condition will only evaluate $(thing)true/$ if $(italic)all/$ items match the filter. $(l:programming/item_filter)Item Filters/$ placed on the left-hand side must $(italic)not/$ match the Filter for the condition to be evaluated $(thing)true/$."
    },
    {
      "type": "image",
      "images": [
        "pneumaticcraft:textures/items/progwidgets/condition_item.png"
      ],
      "text": "$(italic)Condition: Item Filter Widget/$"
    }
  ]
}