{
  "name": "Condition: Entity Widget",
  "icon": "pneumaticcraft:textures/items/progwidgets/condition_entity_piece.png",
  "category": "widget_cond",
  "advancement": "pneumaticcraft:programmer",
  "pages": [
    {
      "type": "text",
      "text": "This is a $(l:programming/conditions)Condition/$ widget.$(p)The $(thing)Condition: Entity/$ widget allows you to count entities in the connected $(l:programming/area)Area/$ widget. These can be filtered by connecting an optional $(l:programming/text)Text/$ widget used as an $(l:base_concepts/entity_filter)Entity Filter/$."
    },
    {
      "type": "image",
      "images": [
        "pneumaticcraft:textures/items/progwidgets/condition_entity_piece.png"
      ],
      "text": "$(italic)Condition: Entity Widget/$"
    }
  ]
}