{
  "name": "Condition: Redstone Widget",
  "icon": "pneumaticcraft:textures/items/progwidgets/condition_redstone_piece.png",
  "category": "widget_cond",
  "advancement": "pneumaticcraft:programmer",
  "pages": [
    {
      "type": "text",
      "text": "This is a $(l:programming/conditions)Condition/$ widget.$(p)The $(thing)Condition: Redstone/$ widget allows you to (remotely) check if the Redstone level of the block(s) in the connected $(l:programming/area)Area/$ widget matches the configured Redstone threshold."
    },
    {
      "type": "image",
      "images": [
        "pneumaticcraft:textures/items/progwidgets/condition_redstone_piece.png"
      ],
      "text": "$(italic)Condition: Redstone Widget/$"
    }
  ]
}