{
  "name": "Coordinate Widget",
  "icon": "pneumaticcraft:textures/items/progwidgets/coordinate_piece.png",
  "category": "widget_other",
  "advancement": "pneumaticcraft:programmer",
  "pages": [
    {
      "type": "text",
      "text": "The $(thing)Coordinate/$ is a widget solely used as a parameter for the $(l:programming/coordinate_operator)Coordinate Operator/$ and $(l:programming/condition_coordinate)Condition: Coordinate/$ widgets.$(p)This widget could be compared to the $(l:programming/area)Area/$ widget: with the $(thing)Area/$ widget you're supplying $(italic)two/$ coordinates to make up an area, while with this widget you're just supplying $(italic)one/$. There are two ways to supply a coordinate:"
    },
    {
      "type": "text",
      "text": "$(bold)Constant/$$(br)A constant coordinate is, well... constant. You can select one by selecting a $(l:tools/gps_tool)GPS Tool/$, or just type X/Y/Z values into the textfields directly.$(p)$(bold)Variable/$$(br)By selecting Variable you can return the value stored in the $(l:programming/variables)variable/$ as the coordinate. Keep in mind that with this you can only supply a coordinate, not modify the variable!"
    },
    {
      "type": "image",
      "images": [
        "pneumaticcraft:textures/items/progwidgets/coordinate_piece.png"
      ],
      "text": "$(italic)Coordinate Widget/$"
    }
  ]
}

