{
  "name": "坐標運算元",
  "icon": "pneumaticcraft:textures/items/progwidgets/coordinate_operation_plus_minus.png",
  "category": "widget_other",
  "advancement": "pneumaticcraft:programmer",
  "pages": [
    {
      "type": "text",
      "text": "$(thing)坐標運算元/$用於定義和/或操縱$(l:programming/variables)變數/$，可以用於進階功能。該拼圖需要連接一個或多個$(l:programming/coordinate)坐標/$拼圖來定義要被使用的數值，並對其進行指定的算術運算（在坐標運算元的設定介面中定義）。"
    },
    {
      "type": "text",
      "text": "可用運算有：$(li)$(bold)+ -$：把右側的拼圖相加，並減去左側的拼圖。$(li)$(bold)* //$：把右側的拼圖相乘，並將結果除以左側拼圖。$(li)$(bold)最大值 最小值$：從右側的拼圖中選取最大的 x, y, z 坐標值，然後從左側的拼圖中選取最小的 x, y, z 坐標值，最後選取這兩個值的最大值。"
    },
    {
      "type": "text",
      "text": "最終結果被儲存在設定介面中的變數名代表的$(l:programming/variables)變數/$。可以稍後使用該$(thing)變數/$取回運算結果：$(li)在$(l:programming/area)區域/$拼圖中可以使用$(thing)變數/$名而非定位坐標來定義坐標$(li)可以使用$(l:programming/condition_coordinate)條件：坐標/$執行對於$(thing)變數/$的測試。"
    },
    {
      "type": "image",
      "images": [
        "pneumaticcraft:textures/items/progwidgets/coordinate_operation_plus_minus.png"
      ],
      "text": "$(italic)坐標運算元/$"
    }
  ]
}