{
  "name": "Coordinate Operator Widget",
  "icon": "pneumaticcraft:textures/items/progwidgets/coordinate_operation_plus_minus.png",
  "category": "widget_other",
  "advancement": "pneumaticcraft:programmer",
  "pages": [
    {
      "type": "text",
      "text": "The $(thing)Coordinate Operator/$ widget is used to define and/or manipulate $(l:programming/variables)variables/$, to allow for some advanced drone functionality. This widget needs one or more connected $(l:programming/coordinate)Coordinate/$ widgets to define the values to be used, and carries out a given arithmetic operation (defined in the widget's GUI) on those connected pieces."
    },
    {
      "type": "text",
      "text": "The available operations are:$(li)$(bold)Add/Subtract/$: Adds up the widgets on the right, and subtracts the widgets on the left.$(li)$(bold)Multiply/Divide/$: multiplies the widgets on the right, and divides the result by the widgets on the left.$(li)$(bold)Min/Max/$: takes the maximum X/Y/Z from the widgets on the right, then takes the minimum of the widgets on the left and the maximum that was determined earlier."
    },
    {
      "type": "text",
      "text": "The end result is stored in a $(l:programming/variables)variable/$, defined by the name entered in the Coordinate Operator GUI. Using this $(thing)variable/$, you can retrieve the coordinate later:$(li)In the $(l:programming/area)Area/$ widget you can, instead of using a GPS coordinate, use a $(thing)variable/$ name$(li)You can use the $(l:programming/condition_coordinate)Condition: Coordinate/$ to carry out tests on the $(thing)variable/$."
    },
    {
      "type": "image",
      "images": [
        "pneumaticcraft:textures/items/progwidgets/coordinate_operation_plus_minus.png"
      ],
      "text": "$(italic)Coordinate Operator Widget/$"
    }
  ]
}