{
  "name": "Crafting Widget",
  "icon": "pneumaticcraft:textures/items/progwidgets/craft_piece.png",
  "category": "widget_interact",
  "advancement": "pneumaticcraft:programmer",
  "pages": [
    {
      "type": "text",
      "text": "The $(l:tools/drone)Drone/$ will craft items using items it has in its inventory. To specify a crafting recipe, place $(l:programming/item_filter)Item Filters/$ on the right side of the Crafting widget, in the pattern of the crafting recipe.$(p)You don't need to use exactly 9 $(thing)Item Filters/$: as long as you can create the recipe pattern, it will work."
    },
    {
      "type": "text",
      "text": "By default the Crafting widget will try to craft as many items as possible; you can limit this in the widget GUI with the $(thing)Use Count/$ setting.$(p)You will probably want to install some $(l:base_concepts/upgrades#dispenser)Dispenser Upgrades/$ in the $(item)Drone/$ to give it a larger inventory."
    },
    {
      "type": "image",
      "images": [
        "pneumaticcraft:textures/items/progwidgets/craft_piece.png"
      ],
      "text": "$(italic)Crafting Widget/$"
    }
  ]
}