{
  "name": "Drone Condition: Fluid Widget",
  "icon": "pneumaticcraft:textures/items/progwidgets/condition_drone_liquid_piece.png",
  "category": "widget_cond",
  "advancement": "pneumaticcraft:programmer",
  "pages": [
    {
      "type": "text",
      "text": "This is a $(l:programming/conditions)Condition/$ widget.$(p)The $(thing)Drone Condition: Fluid/$ widget allows you to check the tank of this $(l:tools/drone)Drone/$ for a certain amount of fluid. It will only count the fluid that's allowed by a connected $(l:programming/liquid_filter)Fluid Filter/$ (or no filter to count any fluid)."
    },
    {
      "type": "image",
      "images": [
        "pneumaticcraft:textures/items/progwidgets/condition_drone_liquid_piece.png"
      ],
      "text": "$(italic)Drone Condition: Fluid Widget/$"
    }
  ]
}