{
  "name": "無人機條件：RF",
  "icon": "pneumaticcraft:textures/items/progwidgets/condition_drone_rf_piece.png",
  "category": "widget_cond",
  "advancement": "pneumaticcraft:programmer",
  "pages": [
    {
      "type": "text",
      "text": "這是一個$(l:programming/conditions)條件/$拼圖。$(p)$(thing)無人機條件：RF/$ 允許你檢查$(l:tools/drone)無人機/$攜帶的$(thing)FE能量/$。$(p)$(italic)與其名字不同，該拼圖檢查FE能量，而非RF（紅石通量）。該拼圖的命名屬於歷史遺留問題。/$"
    },
    {
      "type": "image",
      "images": [
        "pneumaticcraft:textures/items/progwidgets/condition_drone_rf_piece.png"
      ],
      "text": "$(italic)無人機條件：RF/$"
    }
  ]
}