{
  "name": "無人機條件：壓力",
  "icon": "pneumaticcraft:textures/items/progwidgets/condition_drone_pressure_piece.png",
  "category": "widget_cond",
  "advancement": "pneumaticcraft:programmer",
  "pages": [
    {
      "type": "text",
      "text": "這是一個$(l:programming/conditions)條件/$拼圖。$(p)$(thing)無人機條件：壓力/$允許你檢查$(l:tools/drone)無人機/$的$(l:base_concepts/pressure)壓力/$。"
    },
    {
      "type": "image",
      "images": [
        "pneumaticcraft:textures/items/progwidgets/condition_drone_pressure_piece.png"
      ],
      "text": "$(italic)無人機條件：壓力/$"
    }
  ]
}