{
  "name": "Drone Condition: Pressure Widget",
  "icon": "pneumaticcraft:textures/items/progwidgets/condition_drone_pressure_piece.png",
  "category": "widget_cond",
  "advancement": "pneumaticcraft:programmer",
  "pages": [
    {
      "type": "text",
      "text": "This is a $(l:programming/conditions)Condition/$ widget.$(p)The $(thing)Drone Condition: Pressure/$ widget allows you to check the $(l:base_concepts/pressure)pressure/$ of this $(l:tools/drone)Drone/$."
    },
    {
      "type": "image",
      "images": [
        "pneumaticcraft:textures/items/progwidgets/condition_drone_pressure_piece.png"
      ],
      "text": "$(italic)Drone Condition: Pressure Widget/$"
    }
  ]
}