{
  "name": "Drone Condition: Item Widget",
  "icon": "pneumaticcraft:textures/items/progwidgets/condition_drone_inventory_piece.png",
  "category": "widget_cond",
  "advancement": "pneumaticcraft:programmer",
  "pages": [
    {
      "type": "text",
      "text": "The $(thing)Drone Condition: Item/$ widget allows you to check the inventory of this $(l:tools/drone)Drone/$ for a certain amount of items. It will count up all matching items (specified by a connected $(l:programming/item_filter)Item Filter/$, or no filter to count every item)."
    },
    {
      "type": "image",
      "images": [
        "pneumaticcraft:textures/items/progwidgets/condition_drone_inventory_piece.png"
      ],
      "text": "$(italic)Drone Condition: Item Widget/$"
    }
  ]
}