{
  "name": "扔出物品",
  "icon": "pneumaticcraft:textures/items/progwidgets/item_drop_piece.png",
  "category": "widget_interact",
  "advancement": "pneumaticcraft:programmer",
  "pages": [
    {
      "type": "text",
      "text": "該拼圖將會使$(l:tools/drone)無人機/$在指定$(l:programming/area)區域/$從自身的物品欄扔出物品。$(thing)右擊/$ $(thing)扔出物品/$拼圖可以調出設定介面，在此可以指定在區域中的每個方塊扔出多少物品。同樣可以在此於$(thing)隨機/$與$(thing)直線/$模式間切換，亦即，$(item)無人機/$將分別賦予扔出的物品一個隨機的偏移動量（與原版$(item)投擲器/$行為相同），或者不給予這一隨機動量。"
    },
    {
      "type": "text",
      "text": "同樣可以連接$(l:programming/item_filter)物品過濾器/$。連接後，只有符合過濾的物品才可以被扔出。$(p)當$(item)無人機/$的物品欄中沒有可用的物品或$(item)無人機/$在區域內的所有位置都執行了扔出物品時，該拼圖結束執行。"
    },
    {
      "type": "image",
      "images": [
        "pneumaticcraft:textures/items/progwidgets/item_drop_piece.png"
      ],
      "text": "$(italic)扔出物品/$"
    }
  ]
}