{
  "name": "Drop Item Widget",
  "icon": "pneumaticcraft:textures/items/progwidgets/item_drop_piece.png",
  "category": "widget_interact",
  "advancement": "pneumaticcraft:programmer",
  "pages": [
    {
      "type": "text",
      "text": "This will make the $(l:tools/drone)Drone/$ drop items from its inventory in the connected $(l:programming/area)Area/$. By $(thing)right-clicking/$ the $(thing)Drop Item/$ widget you can specify how many items per position in the area may be dropped. You can also toggle between $(thing)Random/$ and $(thing)Straight/$ modes, which mean it will drop the item with a small random offset (like a vanilla $(item)Dropper)/$, or drop the item straight down, respectively."
    },
    {
      "type": "text",
      "text": "You can also connect an $(l:programming/item_filter)Item Filter/$. With a filter, only items that are allowed by the filter will be dropped.$(p)The widget is done executing when none of the applicable items remain in the $(item)Drone's/$ inventory or when the $(item)Drone/$ has visited every position in the area."
    },
    {
      "type": "image",
      "images": [
        "pneumaticcraft:textures/items/progwidgets/item_drop_piece.png"
      ],
      "text": "$(italic)Drop Item Widget/$"
    }
  ]
}