{
  "name": "Edit Sign Widget",
  "icon": "pneumaticcraft:textures/items/progwidgets/edit_sign_piece.png",
  "category": "widget_interact",
  "advancement": "pneumaticcraft:programmer",
  "pages": [
    {
      "type": "text",
      "text": "This will edit all $(item)Signs/$ and/or $(l:machines/aphorism_tile)Aphorism Tiles/$ in the connected $(l:programming/area)Area/$ to the text specified by the connected $(l:programming/text)Text/$ widget(s).$(p)Each connected $(thing)Text/$ widget represents one line; by connecting multiple $(thing)Text/$ widgets, you can set a multi-line message."
    },
    {
      "type": "text",
      "title": "Variables",
      "text": "You can also insert the value of a $(l:programming/variables)variable/$, by including $(thing)${<var_name>}/$ in the text, e.g.$(p)  $(formula)Counter: ${counter}/$$(p)would expand to $(thing)Counter: 1, 2, 3/$ if the $(thing)counter/$ variable was set to $(thing)x=1,y=2,z=3/$. $(l:programming/variables#special)Special/$ and $(l:programming/variables#global)Global variables/$ can also be used here."
    },
    {
      "type": "image",
      "images": [
        "pneumaticcraft:textures/items/progwidgets/edit_sign_piece.png"
      ],
      "text": "$(italic)Edit Sign Widget/$"
    }
  ]
}