{
  "name": "Entity Export Widget",
  "icon": "pneumaticcraft:textures/items/progwidgets/entity_export_piece.png",
  "category": "widget_interact",
  "advancement": "pneumaticcraft:programmer",
  "pages": [
    {
      "type": "text",
      "text": "The $(l:tools/drone)Drone/$ will go to the specified $(l:programming/area)Area/$, and drop the entity it is carrying, provided that it is allowed by an (optional) $(l:base_concepts/entity_filter)Entity Filter/$ specified in a connected $(l:programming/text)Text/$ widget.$(p)See also the $(l:programming/entity_import)Entity Import/$ widget."
    },
    {
      "type": "image",
      "images": [
        "pneumaticcraft:textures/items/progwidgets/entity_export_piece.png"
      ],
      "text": "$(italic)Entity Export Widget/$"
    }
  ]
}