{
  "name": "搭載實體",
  "icon": "pneumaticcraft:textures/items/progwidgets/entity_import_piece.png",
  "category": "widget_interact",
  "advancement": "pneumaticcraft:programmer",
  "pages": [
    {
      "type": "text",
      "text": "$(l:tools/drone)無人機/$將會前往指定$(l:programming/area)區域/$內最近的符合可選的由$(l:programming/text)文字/$拼圖指定的$(l:base_concepts/entity_filter)實體過濾器的實體並將其搭載以供傳輸。$(p)此處的$(italic)實體/$包括玩家，儘管玩家可以按下 $(thing)Shift/$ 離開$(item)無人機/$。雖說如此，被一個你可以控制的飛行實體所搭載有其好處..."
    },
    {
      "type": "image",
      "images": [
        "pneumaticcraft:textures/items/progwidgets/entity_import_piece.png"
      ],
      "text": "$(italic)外星人挾持/$"
    }
  ]
}