{
  "name": "Entity Import Widget",
  "icon": "pneumaticcraft:textures/items/progwidgets/entity_import_piece.png",
  "category": "widget_interact",
  "advancement": "pneumaticcraft:programmer",
  "pages": [
    {
      "type": "text",
      "text": "The $(l:tools/drone)Drone/$ will go to the closest entity in the specified $(l:programming/area)Area/$ that matches an (optional) attached $(l:base_concepts/entity_filter)Entity Filter/$ in a connected $(l:programming/text)Text/$ widget, and pick it up to be transported.$(p)This includes players, although players can easily escape a $(item)Drone/$ by $(thing)sneaking/$ to dismount. Having said that, being carried around by a flying entity you can control has its upsides..."
    },
    {
      "type": "image",
      "images": [
        "pneumaticcraft:textures/items/progwidgets/entity_import_piece.png"
      ],
      "text": "$(italic)Alien abduction/$"
    }
  ]
}