{
  "name": "Right Click Entity Widget",
  "icon": "pneumaticcraft:textures/items/progwidgets/entity_right_click_piece.png",
  "category": "widget_interact",
  "advancement": "pneumaticcraft:programmer",
  "pages": [
    {
      "type": "text",
      "text": "The $(l:tools/drone)Drone/$ will $(thing)right-click/$ the item in its first inventory slot, for every entity in the specified $(l:programming/area)Area/$, once. This could be used to shear sheep, milk cows, breed animals, and much more!"
    },
    {
      "type": "image",
      "images": [
        "pneumaticcraft:textures/items/progwidgets/entity_right_click_piece.png"
      ],
      "text": "$(italic)Right-click Entity Widget/$"
    }
  ]
}