{
  "name": "For Each Coordinate Widget",
  "icon": "pneumaticcraft:textures/items/progwidgets/for_each_coordinate.png",
  "category": "widget_flow",
  "advancement": "pneumaticcraft:programmer",
  "pages": [
    {
      "type": "text",
      "text": "This advanced widget will loop through every single coordinate in the specified $(l:programming/area)Area/$. For each coordinate, it will set the $(ttcolor)$(t:Right-click the widget to configure the variable)specified variable/$ to that coordinate, and jump to the $(l:programming/label)Label/$ which matches the connected $(l:programming/text)Text/$ widget. When that routine is done executing (when it reaches the end of a program where it would usually jump back to $(l:programming/start)Start/$), it will return to this widget and repeat for the next coordinate."
    },
    {
      "type": "text",
      "title": "Breaking",
      "text": "You can break out of the loop by setting the coordinate variable used by the $(thing)For Each Coordinate/$ to (0,0,0). Next time, when the program jumps back to the $(thing)For Each Coordinate/$, it will notice this and cancel further traversal of coordinates."
    },
    {
      "type": "image",
      "images": [
        "pneumaticcraft:textures/items/progwidgets/for_each_coordinate.png"
      ],
      "text": "$(italic)For Each Coordinate Widget/$"
    }
  ]
}