{
  "name": "對於每個物品",
  "icon": "pneumaticcraft:textures/items/progwidgets/for_each_item.png",
  "category": "widget_flow",
  "advancement": "pneumaticcraft:programmer",
  "pages": [
    {
      "type": "text",
      "text": "這個高級拼圖將會對每一連接的$(l:programming/item_filter)物品過濾器/$執行子例程。對於每個物品，將會把$(ttcolor)$(t:右擊拼圖以調出設定介面指定這一變數)指定變數/$設定為這一物品，並跳轉到標籤名匹配所連接的$(l:programming/text)文字/$的$(l:programming/label)標籤/$處。當跳轉後的進程結束執行時（到達了執行的盡頭，一般將要跳轉回$(l:programming/start)開始/$處時），程序流將返回該拼圖，並對下一$(thing)物品過濾器/$重複該操作。"
    },
    {
      "type": "text",
      "title": "跳出循環",
      "text": "可以透過將$(thing)對於每個物品/$使用的物品變數設為空（使用$(l:programming/item_assign)物品賦值/$做到這一點）的方式跳出循環。控制流跳轉回$(thing)對於每個物品/$時其將注意到這一變更並取消後繼遍歷。"
    },
    {
      "type": "image",
      "images": [
        "pneumaticcraft:textures/items/progwidgets/for_each_item.png"
      ],
      "text": "$(italic)對於每個物品/$"
    }
  ]
}