{
  "name": "從容器提取物品",
  "icon": "pneumaticcraft:textures/items/progwidgets/inventory_import_piece.png",
  "category": "widget_interact",
  "advancement": "pneumaticcraft:programmer",
  "pages": [
    {
      "type": "text",
      "text": "該拼圖將使$(l:tools/drone)無人機/$轉到指定$(l:programming/area)區域/$內最近的容器，從該容器提取物品並輸入到$(item)無人機/$的物品欄中。$(p)$(thing)右擊/$打開設定介面，在此可以指定無人機與容器應當互動的面。同樣可以在此指定一次傳輸的物品的最大數量。"
    },
    {
      "type": "text",
      "text": "也可以連接任意數目（包括0）個$(l:programming/item_filter)物品過濾器/$以限制可以被傳輸的物品。記住，$(italic)右側/$的物品過濾器作為白名單，$(italic)左側/$的物品過濾器作為黑名單。$(p)當$(item)無人機/$的物品欄已滿，或區域內的容器沒有可行物品時，結束執行該拼圖。"
    },
    {
      "type": "image",
      "images": [
        "pneumaticcraft:textures/items/progwidgets/inventory_import_piece.png"
      ],
      "text": "$(italic)那個我拿了，謝/$"
    }
  ]
}