{
  "name": "Inventory Export Widget",
  "icon": "pneumaticcraft:textures/items/progwidgets/inventory_export_piece.png",
  "category": "widget_interact",
  "advancement": "pneumaticcraft:programmer",
  "pages": [
    {
      "type": "text",
      "text": "The opposite of the $(l:programming/inventory_import)Inventory Import/$ widget: the $(l:tools/drone)Drone/$ will move to the nearest inventory within the specified $(l:programming/area)area/$ to drop off items from the $(item)Drone's/$ inventory.$(p)$(thing)Right-click/$ the widget for a setup GUI where you can specify the sides of the inventory the Drone should export items to. You can also specify a maximum number of items to export."
    },
    {
      "type": "text",
      "text": "You can also connect any number (including zero) of $(l:programming/item_filter)Item Filter/$ widgets to limit the items that may be exported. Remember, filters on the $(italic)right/$ acts as a whitelist, and filters on the $(italic)left/$ act as a blacklist.$(p)This widget is done executing when the $(item)Drone's/$ inventory is empty, or when there's no inventory (or inventories) in the area which can accepts the items to be exported."
    },
    {
      "type": "image",
      "images": [
        "pneumaticcraft:textures/items/progwidgets/inventory_export_piece.png"
      ],
      "text": "$(italic)You're welcome/$"
    }
  ]
}