{
  "name": "Inventory Import Widget",
  "icon": "pneumaticcraft:textures/items/progwidgets/inventory_import_piece.png",
  "category": "widget_interact",
  "advancement": "pneumaticcraft:programmer",
  "pages": [
    {
      "type": "text",
      "text": "This will make the $(l:tools/drone)Drone/$ move to the nearest inventory within the specified $(l:programming/area)area/$, extract items from that inventory and insert them into the $(item)Drone's/$ inventory.$(p)$(thing)Right-click/$ the widget for a setup GUI where you can specify the side the $(item)Drone/$ should extract the items from. You can also specify the maximum number of items to import."
    },
    {
      "type": "text",
      "text": "You can also connect any number (including zero) of $(l:programming/item_filter)Item Filter/$ widgets to limit the items that may be imported. Remember, filters on the $(italic)right/$ acts as a whitelist, and filters on the $(italic)left/$ act as a blacklist.$(p)This widget is done executing when the $(item)Drone's/$ inventory is full, or when no more (applicable) items can be found in the relevant inventory (or inventories)."
    },
    {
      "type": "image",
      "images": [
        "pneumaticcraft:textures/items/progwidgets/inventory_import_piece.png"
      ],
      "text": "$(italic)I'll have that, thanks/$"
    }
  ]
}