{
  "name": "Item Filter Widget",
  "icon": "pneumaticcraft:textures/items/progwidgets/item_filter_piece.png",
  "category": "widget_other",
  "advancement": "pneumaticcraft:programmer",
  "pages": [
    {
      "type": "text",
      "text": "The $(thing)Item Filter/$ is a widget solely used as a $(thing)parameter/$ for other widgets. You can use it to specify which blocks & items may be picked up / placed / mined / etc.$(p)Start by $(thing)right-clicking/$ the widget. Then you can either search for an item in the game by clicking $(thing)Search Item.../$ or you can select an item from your inventory by clicking $(thing)Search Inventory.../$"
    },
    {
      "type": "text",
      "text": "Then you can apply some extra filter options to control how the match is done; how these options work is displayed in the tooltips of the checkboxes in the GUI.$(p)As usual, placing this widget to the $(italic)right/$ of its parent acts as a whitelist, and placing it to the $(italic)left/$ acts as a blacklist."
    },
    {
      "type": "image",
      "images": [
        "pneumaticcraft:textures/items/progwidgets/item_filter_piece.png"
      ],
      "text": "$(italic)Item Filter Widget/$"
    }
  ]
}