{
  "name": "跳轉",
  "icon": "pneumaticcraft:textures/items/progwidgets/jump_piece.png",
  "category": "widget_flow",
  "advancement": "pneumaticcraft:programmer",
  "pages": [
    {
      "type": "text",
      "text": "該拼圖僅用於$(l:programming/flow_control)程序流/$。當程序流到達$(thing)跳轉/$時，將會查看所連接的$(l:programming/text)文字/$，並試圖跳轉到具有匹配的標籤名的$(l:programming/label)標籤/$。如果跳轉失敗，程序流將回到$(l:programming/start)開始/$。（此預設行為正常情況下不應該發生）"
    },
    {
      "type": "text",
      "text": "$(thing)跳轉/$拼圖可以用於合併程序流中的多個$(italic)分支/$（使用多個跳轉到同一$(l:programming/label)標籤/$的跳轉拼圖）或者僅僅透過將各部分拆分為「子例程」的方式整理拼圖。小竅門：勾選$(l:programming/programmer)編程器/$介面的左下角的$(bold)顯示程序流/$；其將把有同一標籤名的$(thing)跳轉/條件/標籤/$連接起來。"
    },
    {
      "type": "image",
      "images": [
        "pneumaticcraft:textures/items/progwidgets/jump_piece.png"
      ],
      "text": "$(italic)Might as well/$"
    }
  ]
}