{
  "name": "輸出流體",
  "icon": "pneumaticcraft:textures/items/progwidgets/liquid_export_piece.png",
  "category": "widget_interact",
  "advancement": "pneumaticcraft:programmer",
  "pages": [
    {
      "type": "text",
      "text": "與$(l:programming/liquid_import)輸入流體/$相反，$(l:tools/drone)無人機/$將去往指定$(l:programming/area)區域/$內最近的儲罐並將無人機攜帶的流體移動到容器中。 to drop off fluid from its own tank.$(p)此外，$(item)無人機/$可以在世界中放置流體：要做到這一點，勾選設定介面中的$(thing)在世界中放置流體/$選項。注意：$(item)無人機/$在進行這一操作時可能把自身困住！"
    },
    {
      "type": "text",
      "text": "可以在設定介面指定無人機應當與儲罐互動的面；也可以在此指定一次傳輸的流體的最大值（單位：mB）。$(p)可以$(ttcolor)$(t:連接至右側為白名單，左側為黑名單)連接/$$(l:programming/liquid_filter)流體過濾器/$以限制可以被無人機轉移的流體。$(p)當$(item)無人機/$的內部流體儲存為空（無合適的流體），或指定區域內沒有可接受流體的儲罐時，結束執行該拼圖。"
    },
    {
      "type": "image",
      "images": [
        "pneumaticcraft:textures/items/progwidgets/liquid_export_piece.png"
      ],
      "text": "$(italic)輸出流體/$"
    }
  ]
}