{
  "name": "Fluid Export Widget",
  "icon": "pneumaticcraft:textures/items/progwidgets/liquid_export_piece.png",
  "category": "widget_interact",
  "advancement": "pneumaticcraft:programmer",
  "pages": [
    {
      "type": "text",
      "text": "The opposite of $(l:programming/liquid_import)Fluid Import/$: the $(l:tools/drone)Drone/$ will move to the nearest tank within the specified $(l:programming/area)Area/$ to drop off fluid from its own tank.$(p)Additionally, the $(item)Drone/$ can place fluid in the world: to do so, check the $(thing)Place fluid in world/$ option in the widget GUI. Beware, $(item)Drones/$ can easily trap themselves while doing this!"
    },
    {
      "type": "text",
      "text": "You can specify to which side(s) of the tank the Drone should output its items in the widget GUI; you can also specify a maximum amount of exported fluid (in mB).$(p)You can $(ttcolor)$(t:Connect on the right to whitelist, on the left to blacklist)connect/$ a $(l:programming/liquid_filter)Fluid Filter/$ to limit what may be exported by the Drone.$(p)This widget is done when the $(item)Drone's/$ tank is empty (of applicable fluids), or when there's no tank within the area which will accepts the fluid."
    },
    {
      "type": "image",
      "images": [
        "pneumaticcraft:textures/items/progwidgets/liquid_export_piece.png"
      ],
      "text": "$(italic)Fluid Export Widget/$"
    }
  ]
}