{
  "name": "Fluid Import Widget",
  "icon": "pneumaticcraft:textures/items/progwidgets/liquid_import_piece.png",
  "category": "widget_interact",
  "advancement": "pneumaticcraft:programmer",
  "pages": [
    {
      "type": "text",
      "text": "The $(thing)Fluid Import Widget/$ will make the $(l:tools/drone)Drone/$ move to the nearest tank within the specified $(l:programming/area)area/$, extract fluid from that tank and it put it in its own tank.$(p)It can also suck up fluids from in-world fluid blocks, making the $(item)Drone/$ act as a portable pump."
    },
    {
      "type": "text",
      "text": "$(thing)Right-click/$ the widget to open the setup GUI, where you can specify from which side(s) the Drone should extract the fluids from, and the maximum amount of imported fluid per operation (in mB).$(p)You can $(ttcolor)$(t:Connect on the right to whitelist, on the left to blacklist)connect/$ a $(l:programming/liquid_filter)Fluid Filter/$ to limit what may be imported by the Drone.$(p)This widget is done when the $(item)Drone's/$ tank is full or when no more (applicable) liquids can be found in the tanks."
    },
    {
      "type": "image",
      "images": [
        "pneumaticcraft:textures/items/progwidgets/liquid_import_piece.png"
      ],
      "text": "$(italic)Slurp/$"
    }
  ]
}