{
  "name": "物流",
  "icon": "pneumaticcraft:textures/items/progwidgets/logistics_piece.png",
  "category": "widget_interact",
  "advancement": "pneumaticcraft:programmer",
  "pages": [
    {
      "type": "text",
      "text": "該拼圖使$(l:tools/drone)無人機/$執行$(l:logistics:logistic_drone)物流無人機/$的行為，但允許相較於$(item)物流無人機/$更靈活的運用：$(p)$(li)可以與其他拼圖配套使用，例如$(l:programming/standby)待機/$拼圖使空氣利用更加高效$(li)可以自訂$(l:programming/area)區域/$（$(item)物流無人機/$的執行區域固定為以放置無人機處為中心的 33*33*33 的區域）"
    },
    {
      "type": "image",
      "images": [
        "pneumaticcraft:textures/items/progwidgets/logistics_piece.png"
      ],
      "text": "$(italic)物流/$"
    }
  ]
}