{
  "name": "Pick Up Items Widget",
  "icon": "pneumaticcraft:textures/items/progwidgets/item_pick_piece.png",
  "category": "widget_interact",
  "advancement": "pneumaticcraft:programmer",
  "pages": [
    {
      "type": "text",
      "text": "The $(l:tools/drone)Drone/$ will pick up item entities in the world and put them into its inventory. Keep in mind that any $(l:programming/area)Area/$ widgets connected to this widget will always be interpreted as area type $(thing)Box/$, regardless of the given area type. It's possible to create more complex shapes, though, by using whitelisting/blacklisting of multiple areas."
    },
    {
      "type": "text",
      "text": "You can add an $(l:programming/item_filter)Item Filter/$ widget to limit which items can be picked up (remember, a blacklist filter is placed on the $(thing)left/$).$(p)This widget is done executing when no items lying on the ground (which pass the item filter) can fit in the Drone's inventory or when there are no items left to pick up."
    },
    {
      "type": "image",
      "images": [
        "pneumaticcraft:textures/items/progwidgets/item_pick_piece.png"
      ],
      "text": "$(italic)Mine. Mine. Mine./$"
    }
  ]
}