{
  "name": "編程器",
  "icon": "pneumaticcraft:programmer",
  "category": "programming",
  "advancement": "pneumaticcraft:printed_circuit_board",
  "pages": [
    {
      "type": "text",
      "text": "$(item)編程器/$是一個使用可視化的程式系統，其中$(l:programming/puzzle_pieces)編程拼圖/$在編程器介面中拼接起來的機器，用於向$(l:tools/drone)無人機/$寫入程序。$(thing)編程器/$不需要$(l:base_concepts/pressure)壓力/$即可執行。$(thing)編程/$類別剩下的部分有更多關於編寫無人機程序的資訊。"
    },
    {
      "type": "crafting",
      "text": "編程器的合成表",
      "recipe": "pneumaticcraft:programmer"
    },
    {
      "type": "image",
      "images": [
        "pneumaticcraft:textures/patchouli/programmer_gui.png"
      ],
      "text": "$(italic)編程器介面：見下列幾頁以取得關於每一部分的資訊/$"
    },
    {
      "type": "text",
      "text": "$(bold)1. 主編程區/$$(p)該區域是構建程序的區域。拼圖由$(thing)拼圖列表（區域 2）/$拖至該區域，並拼接起來構成程序。$(p)可以使用游標滾輪或右側的滑桿縮放編程區。"
    },
    {
      "type": "text",
      "text": "$(bold)2. 拼圖列表/$$(p)該區域具有用於構建程序的拼圖。其具有比所顯示的更多的拼圖；可以使用下方的箭頭遍歷拼圖，或者按下$(thing)空格/$或 $(thing)Tab/$ 展開列表以顯示所有拼圖。展開後，列表上方會顯示一個文字框，用以查找拼圖。"
    },
    {
      "type": "text",
      "text": "$(bold)3. 無人機欄位/$$(p)該區域用於放置要被編程的$(l:tools/drone)無人機/$或$(l:components/network_components)網路儲存/網路 API/$。準備好寫入程序時，按下 $(thing)⟶/$ 鍵以寫入。若需要，可以使用左側的文字框對無人機進行命名。若成功，將有聲音提示。$(p)按下 $(thing)⟵/$ 鍵以從無人機（或網路儲存/網路 API）導入程序。"
    },
    {
      "type": "text",
      "text": "$(bold)4. 難易度選擇/$$(p)這些單選框控制拼圖列表所顯示的拼圖。其同時啟用/停用一些進階功能，如$(l:programming/coordinate_operator)變數/$。$(p)$(bold)5. 玩家物品欄/$$(p)你的物品欄；若攜有$(l:tools/gps_tool)定位工具/$或$(l:tools/gps_area_tool)區域定位工具/$，可以使用其點擊$(l:programming/area)區域/$或$(l:programming/coordinate)坐標/$拼圖以轉移其攜帶的資訊。"
    },
    {
      "type": "text",
      "text": "$(bold)6. 轉到與顯示選項/$$(p)這些按鈕用於：$(li)轉到程序的$(l:programming/start)開始/$拼圖$(li)轉到最近放置的拼圖$(li)選擇顯示拼圖具有的附加資訊$(li)選擇顯示$(l:programming/jump)跳轉/$和$(l:programming/label)標籤/$拼圖之間的連線"
    },
    {
      "type": "text",
      "text": "$(bold)7. 雜項按鈕/$$(p)這些介面邊框左側的按鈕用於：（按順序）$(li)$(thing)撤銷/$至多 20 次操作$(li)$(thing)重做/$被撤銷的操作$(li)以 JSON 檔案的形式$(thing)導入或導出/$程序至 $(l:https://pastebin.com)pastebin.com/$（可選登入 Pastebin）$(li)$(thing)刪除/$整個程序（可被重做）$(li)將程序$(thing)轉化/$為使用$(thing)相對/$坐標（見$(l:programming/programmer#convert_relative)該頁/$取得更多資訊）"
    },
    {
      "type": "text",
      "title": "共享程序",
      "text": "若想要將程序與其餘玩家共享，有好幾種選擇：$(p)$(li)可以通過 $(l:https://pastebin.com)Pastebin/$ 導出程序$(li)$(thing)Pastebin/$ 介面同時可以用於將程序複製到剪下板，以供複製黏貼$(li)可以將程序保存至$(l:tools/drone)無人機/$或$(l:components/network_components)網路儲存/API/$，並在伺服器上給予另一玩家。"
    },
    {
      "type": "text",
      "anchor": "convert_relative",
      "title": "轉換至相對坐標",
      "text": "假如有一個自動農場的程序，需要被共享。在其餘位置的玩家的農場將會在其餘坐標處，因此其需要修改每一個$(l:programming/area)區域/$拼圖；真是麻煩。$(p)$(thing)轉換至相對坐標/$按鈕使其更為容易；同時，提供轉化程序的指引。"
    },
    {
      "type": "text",
      "anchor": "convert_relative",
      "title": "轉換至相對坐標（續）",
      "text": "需要加入一個固定的$(l:programming/coordinate_operator)坐標運算元/$拼圖，以及包含有$(thing)基準位置/$（例如，輸入儲物箱的位置）的$(l:programming/coordinate)坐標/$拼圖。此後，其將程序中的任何絕對位置（區域或坐標）轉化為相對與基準位置的坐標。$(p)這樣一來，其餘玩家只需要修改程序中的一個坐標！"
    }
  ]
}
