{
  "name": "可編程控制器",
  "icon": "pneumaticcraft:programmable_controller",
  "category": "programming",
  "advancement": "pneumaticcraft:programmer",
  "pages": [
    {
      "type": "text",
      "text": "可編程控制器可以做的事情與$(l:tools/drone)無人機/$很相近。程序可以在$(l:programming/programmer)編程器/$中被寫入$(item)無人機/$或$(l:components/network_components#network_api)網路 API/$中。這兩個物品都可以被放入$(item)可編程控制器/$中。在有足夠$(l:base_concepts/pressure)壓力/$的情況下，$(item)可編程控制器/$將像其中程序被編入一個真的被放置的$(item)無人機/$一樣執行其中程序。"
    },
    {
      "type": "text",
      "text": "其與無人機還是有一定不同：$(li)$(item)可編程控制器/$使用縮小的$(item)無人機/$：$(thing)小型無人機/$。其並非實體，所有不涉及尋路算法，且這一$(thing)小型無人機/$可以穿牆移動。這有一d定好處：對伺服器更加友好，使用時更加可靠。$(li)執行程序時，$(item)可編程控制器/$消耗空氣的速率為 10mL/t（而無人機的消耗速率為 1mL/t）。"
    },
    {
      "type": "text",
      "text": "$(li)$(item)可編程控制器/$無法執行下列拼圖：電腦控制，攻擊實體，無人機條件：實體，搭載實體，卸載實體，傳送，待機，自毀。$(p)一般而言，$(item)可編程控制器/$適合於大規模的套用，如開掘大片區域或建造大型結構。"
    },
    {
      "type": "text",
      "title": "傳輸物品/流體",
      "text": "任何$(thing)小型無人機/$收集到的物品/流體可以通過$(item)可編程控制器/$方塊的各個面傳輸。$(p)預設情況下，$(thing)小型無人機/$的物品欄只有一個欄位，內部流體儲存只有 16000mB。這一容量可以通過$(l:base_concepts/upgrades#dispenser)發射器升級/$（最多 35 個）；每個升級同時將內部流體儲存提升 1000mB。"
    },
    {
      "type": "text",
      "title": "傳輸物品/流體（續",
      "text": "預設情況下，$(item)可編程控制器/$的頂面和側面可以用於傳輸物品，地面可以用於輸入或輸出可編程的物品，但這一設定可以在$(bold)朝向設定/$標籤頁裡調整。$(p)$(item)可編程控制器的每個面都可以用於傳輸流體。"
    },
    {
      "type": "crafting",
      "text": "可編程控制器的合成表",
      "recipe": "pneumaticcraft:programmable_controller"
    }
  ]
}
