{
  "name": "編程拼圖",
  "icon": "pneumaticcraft:textures/items/progwidgets/start_piece.png",
  "category": "programming",
  "advancement": "pneumaticcraft:programmer",
  "pages": [
    {
      "type": "text",
      "text": "$(thing)編程拼圖/$是在$(l:programming/programmer)編程器/$中用於編程$(item)無人機/$的物品。其在編程無人機時被消耗，但可以在用較小（或空）程序重寫$(item)無人機/$時被返還。$(p)在$(item)編程器/$介面中可視化的$(thing)編程拼圖/$與使用的$(thing)編程拼圖/$相匹配。"
    },
    {
      "type": "text",
      "text": "要向$(l:tools/drone)無人機/$寫入程序，$(thing)編程拼圖/$需要要嘛在物品欄中，要嘛在與$(item)編程器/$相鄰（任義大利麵）的容器中。$(p)在創造模式下，整個程序都是免費的：不需要編程拼圖。"
    },
    {
      "type": "crafting",
      "recipe": "pneumaticcraft:programming_puzzle",
      "recipe2": "pneumaticcraft:programming_puzzle_v2"
    },
    {
      "type": "crafting",
      "recipe": "pneumaticcraft:programming_puzzle_v3",
      "recipe2": "pneumaticcraft:programming_puzzle_v4"
    },
    {
      "type": "crafting",
      "recipe": "pneumaticcraft:programming_puzzle_v5",
      "recipe2": "pneumaticcraft:programming_puzzle_v6"
    },
    {
      "type": "crafting",
      "recipe": "pneumaticcraft:programming_puzzle_v7",
      "recipe2": "pneumaticcraft:programming_puzzle_v8"
    },
    {
      "type": "crafting",
      "recipe": "pneumaticcraft:programming_puzzle_v9",
      "recipe2": "pneumaticcraft:programming_puzzle_v10"
    },
    {
      "type": "crafting",
      "recipe": "pneumaticcraft:programming_puzzle_v11",
      "recipe2": "pneumaticcraft:programming_puzzle_v12"
    },
    {
      "type": "crafting",
      "recipe": "pneumaticcraft:programming_puzzle_v13"
    }
  ]
}