{
  "name": "Puzzle Pieces",
  "icon": "pneumaticcraft:textures/items/progwidgets/start_piece.png",
  "category": "programming",
  "advancement": "pneumaticcraft:programmer",
  "pages": [
    {
      "type": "text",
      "text": "$(thing)Programming Puzzles/$, or $(thing)Puzzle Pieces/$, are the physical items used to program a $(l:tools/drone)Drone/$ with a $(l:programming/programmer)Programmer/$. They're used up when a Drone is programmed, but can be retrieved by overwriting the $(item)Drone/$ with a smaller (or empty) program.$(p)The virtual representations of $(thing)Puzzle Pieces/$ in the $(item)Programmer/$ GUI are referred to as $(thing)Programming Widgets/$."
    },
    {
      "type": "text",
      "text": "To write a program to a $(l:tools/drone)Drone/$, you must either have the $(thing)Puzzle Pieces/$ in your inventory, or place them in an inventory adjacent to the $(item)Programmer/$ (on any side).$(p)If you're in Creative Mode, then programming is completely free: no pieces required."
    },
    {
      "type": "crafting",
      "recipe": "pneumaticcraft:programming_puzzle",
      "recipe2": "pneumaticcraft:programming_puzzle_v2"
    },
    {
      "type": "crafting",
      "recipe": "pneumaticcraft:programming_puzzle_v3",
      "recipe2": "pneumaticcraft:programming_puzzle_v4"
    },
    {
      "type": "crafting",
      "recipe": "pneumaticcraft:programming_puzzle_v5",
      "recipe2": "pneumaticcraft:programming_puzzle_v6"
    },
    {
      "type": "crafting",
      "recipe": "pneumaticcraft:programming_puzzle_v7",
      "recipe2": "pneumaticcraft:programming_puzzle_v8"
    },
    {
      "type": "crafting",
      "recipe": "pneumaticcraft:programming_puzzle_v9",
      "recipe2": "pneumaticcraft:programming_puzzle_v10"
    },
    {
      "type": "crafting",
      "recipe": "pneumaticcraft:programming_puzzle_v11",
      "recipe2": "pneumaticcraft:programming_puzzle_v12"
    },
    {
      "type": "crafting",
      "recipe": "pneumaticcraft:programming_puzzle_v13"
    }
  ]
}