{
  "name": "Rename Widget",
  "icon": "pneumaticcraft:textures/items/progwidgets/rename_piece.png",
  "category": "widget_other",
  "advancement": "pneumaticcraft:programmer",
  "pages": [
    {
      "type": "text",
      "text": "This widget renames the $(l:tools/drone)Drone/$, as if you had $(thing)right-clicked/$ it with a $(item)Name Tag/$. The name is entered in the attached $(l:programming/text)Text/$ widget."
    },
    {
      "type": "text",
      "title": "Variables",
      "text": "You can also insert the value of a $(l:programming/variables)variable/$, by including $(thing)${<var_name>}/$ in the text, e.g.$(p)  $(formula)Counter: ${counter}/$$(p)would expand to $(thing)Counter: 1, 2, 3/$ if the $(thing)counter/$ variable was set to $(thing)x=1,y=2,z=3/$. $(l:programming/variables#special)Special/$ and $(l:programming/variables#global)Global variables/$ can also be used here."
    },
    {
      "type": "image",
      "images": [
        "pneumaticcraft:textures/items/progwidgets/rename_piece.png"
      ],
      "text": "$(italic)Who are you again?/$"
    }
  ]
}