{
  "name": "Start Widget",
  "icon": "pneumaticcraft:textures/items/progwidgets/start_piece.png",
  "category": "widget_flow",
  "advancement": "pneumaticcraft:programmer",
  "pages": [
    {
      "type": "text",
      "text": "The $(thing)Start/$ widget is the first widget in your program, and is where $(l:programming/flow_control)program execution/$ starts.$(p)It $(italic)must/$ exist, and there can be only one."
    },
    {
      "type": "image",
      "images": [
        "pneumaticcraft:textures/items/progwidgets/start_piece.png"
      ],
      "text": "$(italic)Call me MacLeod/$"
    }
  ]
}