{
  "name": "Suicide Widget",
  "icon": "pneumaticcraft:textures/items/progwidgets/suicide_piece.png",
  "category": "widget_flow",
  "advancement": "pneumaticcraft:programmer",
  "pages": [
    {
      "type": "text",
      "text": "The $(l:tools/drone)Drone/$ will immediately turn into its item form, dropping as an item entity on the ground. Program execution is, of course, instantly terminated."
    },
    {
      "type": "image",
      "images": [
        "pneumaticcraft:textures/items/progwidgets/suicide_piece.png"
      ],
      "text": "$(italic)That's all, folks/$"
    }
  ]
}