{
  "name": "文字",
  "icon": "pneumaticcraft:textures/items/progwidgets/text_piece.png",
  "category": "widget_other",
  "advancement": "pneumaticcraft:programmer",
  "pages": [
    {
      "type": "text",
      "text": "$(thing)文字/$拼圖僅用作其他拼圖的參數。其被用於向需要的拼圖提供文字數據。$(p)下幾頁列出了使用該拼圖作為參數的拼圖。"
    },
    {
      "type": "relations",
      "anchor": "entity_filter",
      "title": "作為實體過濾器",
      "entries": [
        "programming/entity_attack",
        "programming/entity_right_click",
        "programming/entity_import",
        "programming/entity_export",
        "programming/drone_condition_entity"
      ],
      "text": "可以將$(thing)文字/$連接在$(italic)左/$側以作為黑名單。"
    },
    {
      "type": "relations",
      "title": "為其他拼圖所用",
      "entries": [
        "programming/edit_sign",
        "programming/rename",
        "programming/jump",
        "programming/label",
        "programming/wait",
        "programming/conditions"
      ]
    },
    {
      "type": "image",
      "images": [
        "pneumaticcraft:textures/items/progwidgets/text_piece.png"
      ],
      "text": "$(italic)文字拼圖/$"
    }
  ]
}