{
    "name": "block.ars_nouveau.arcane_ore",
    "icon": "ars_nouveau:arcane_ore",
    "category": "resources",
    "pages": [
        {
            "type": "text",
            "text": "ars_nouveau.page1.arcane_ore"
        },
        {
            "type": "smelting",
            "recipe": "ars_nouveau:mana_gem"
        },
        {
            "type": "crafting",
            "recipe": "ars_nouveau:arcane_stone"
        },
        {
            "type": "relations",
            "entries": [
                "machines/crystallizer"
            ]
        }
    ]
}