{
    "name": "呼吸困難",
    "icon": "minecraft:wool",
    "category": "effects",
    "advancement": "naturesaura:negative_imbalance",
    "pages": [
        {
            "type": "text",
            "text": "從一個區域移除$(#419600)靈氣$()不僅會對受影響區域周圍的植物生命產生影響，還會對需要$(item)氧氣$()才能呼吸的生物產生影響。這些生物很快就會注意到，$(#419600)靈氣$()消耗得越多，就越不容易呼吸：它們的肺會開始產生一種劇烈的疼痛，每隔一段時間就會刺痛一次，並且非常難以恢復生命。"
        }
    ]
}