{
    "name": "自然衰退",
    "icon": "naturesaura:decayed_leaves",
    "category": "effects",
    "advancement": "naturesaura:negative_imbalance",
    "pages": [
        {
            "type": "text",
            "text": "當區域內$(#419600)靈氣$()被消耗過多，植被無法利用自然力量滋養自身，$(thing)自然衰退$()便發生了。所有的$(item)草$()與$(item)樹葉$()會腐爛。區域內$(#419600)靈氣$()越少，此現象越明顯。這種現象似乎只發生在主世界$(thing)overworld$()。"
        }
    ]
}