{
    "name": "效應粉",
    "icon": "naturesaura:effect_powder{effect:'naturesaura:plant_boost'}",
    "category": "effects",
    "advancement": "naturesaura:positive_imbalance",
    "priority": true,
    "pages": [
        {
            "type": "text",
            "text": "$(item)效應粉$()是一種魔法物質，其存在有兩個目標：第一，它能$(thing)抑制$()現存被動效應的發生。第二，一些效應只能在粉末周圍才能發生，意味著粉末有$(thing)創造$()的能力。$(p)這種粉末，理所當然地只能創造正面效應。"
        },
        {
            "type": "text",
            "text": "要使用它，只要簡單地把一堆任何大小的粉末放在地上，就會導致它要嘛抑制效應，要嘛產生效應，取決於使用的粉末的類型。效應的$(thing)距離$()有幾格取決於同一格一次放下的粉末堆疊數量。放下後對其左擊會使其回歸粉末狀態。$(p)每種效應都有對應的$(item)效應粉$()，在本章相關章節可以查看其合成。"
        }
    ]
}