{
    "name": "植被增加",
    "icon": "minecraft:wheat_seeds",
    "category": "effects",
    "advancement": "naturesaura:positive_imbalance",
    "pages": [
        {
            "type": "text",
            "text": "當區域內$(#419600)靈氣$()含量高到不穩定，它會遷移到附近的植物中, 具體來說有$(item)水稻$()、$(item)馬鈴薯$()等等。這會使它們$(thing)加速生長$()，同時，區域內$(#419600)靈氣$()將會少量減少。"
        },
        {
            "type": "text",
            "text": "此現象會在$(l:items/eye)環境之眼$()計量槽到達四分之三時變得明顯。$(br)這一效應被認為只會在$(thing)主世界$()發生。"
        },
        {
            "type": "naturesaura:tree_ritual",
            "recipe": "naturesaura:plant_powder",
            "text": "這一效應可用$(l:effects/effect_powder)穩生之粉$()抑制。"
        }
    ]
}