{
  "name": "Charred Tree",
  "icon": "mysticalworld:charred_log",
  "category": "features",
  "pages": [
    {
      "type": "text",
      "title": "Charred Tree",
      "text": "It is known that most wood tends to burn away to nothing, especially when struck by lighting, but certain types of hardy trees survive almost entirely intact, apart from their leaves.$(br2)You may find the remains of these charred trees throughout the world."
    },
    {
      "type": "image",
      "title": "A charred tree",
      "text": "$(l:blocks/charred_wood)Charred wood blocks$() can be used for decoration.",
      "images": [
        "mysticalworld:textures/tree.png"
      ]
    }
  ]
}
