{
  "name": "General Biomes",
  "icon": "twilightforest:magic_map_empty",
  "category": "biomes",
  "advancement": "twilightforest:alt/biomes/general_biomes",
  "sortnum": 1000,
  "pages": [
    {
      "type": "text",
      "text": "General Biome Info. These biomes aren't really special."
    },
    {
      "type": "text",
      "advancement": "twilightforest:alt/biomes/twilight_forest",
      "text": "Twilight Forest"
    },
    {
      "type": "text",
      "advancement": "twilightforest:alt/biomes/firefly_forest",
      "text": "Firefly Forest"
    },
    {
      "type": "text",
      "advancement": "twilightforest:alt/biomes/twilight_clearing",
      "text": "Twilight Clearing"
    },
    {
      "type": "text",
      "advancement": "twilightforest:alt/biomes/oak_savannah",
      "text": "Oak Savannah"
    },
    {
      "type": "text",
      "advancement": "twilightforest:alt/biomes/dense_twilight_forest",
      "text": "Dense Twilight Forest"
    },
    {
      "type": "text",
      "advancement": "twilightforest:alt/biomes/mushroom_forest",
      "text": "Mushroom Forest"
    },
    {
      "type": "text",
      "advancement": "twilightforest:alt/biomes/deep_mushroom_forest",
      "text": "Dense Mushroom Forest"
    },
    {
      "type": "text",
      "advancement": "twilightforest:alt/biomes/twilight_lake",
      "text": "It is a mystery what these Lakes contain. There seems to be nothing special about these lakes, apart from its abundance of water. It is rumored that one day an island might appear in the lakes. Who knows what it will hold?"
    }
  ]
}