{
  "category": "bewitchment:curses",
  "name": "Insanity",
  "icon": "minecraft:red_mushroom",
  "advancement": "bewitchment:hidden_unlocks/demon_heart",
  "pages": [
    {
      "type": "text",
      "text": "This $(l:bewitchment:curses/conducting_curses)Curse$() rots the mind... it will cause the affected target to see monsters which do not exist.$(br2)It will not be able to attack them; however this does not apply to the visions."
    },
    {
      "type": "bewitchment:curse",
      "recipe": "bewitchment:curses/insanity",
      "text": "This is a $(l:bewitchment:curses/conducting_curses)Greater Curse$(); it is slightly harder to get rid of."
    }
  ]
}
