{
  "category": "bewitchment:curses",
  "name": "金烏之仇",
  "icon": "minecraft:sunflower",
  "advancement": "minecraft:nether/find_fortress",
  "pages": [
    {
      "type": "text",
      "text": "By weakening the target's skin, this $(l:bewitchment:curses/conducting_curses)Curse$() makes them extremely susceptible to sunlight. $(br2)This does in fact extend to literally setting them on fire."
    },
    {
      "type": "bewitchment:curse",
      "recipe": "bewitchment:curses/solar_hatred"
    }
  ]
}
