{
  "name": "煉金矩陣基礎知識",
  "icon": "bloodmagic:arcaneashes",
  "category": "bloodmagic:alchemy_array/functional_array",
  "extra_recipe_mappings": [
    [
      "bloodmagic:arcaneashes",
      1
    ]
  ],
  "pages": [
    {
      "type": "text",
      "text": "$(item)奧術粉灰$()是煉金矩陣創建中至關重要的要素。 $(item)奧術粉灰$()可以使用一些初期獲得的道具在 $(l:血魔法:alchemy_table/alchemy_table)煉金術桌($())中製作。"
    },
    {
      "type": "crafting_alchemy_table",
      "heading": "奧術粉灰",
      "recipe": "bloodmagic:alchemytable/arcane_ash"
    },
    {
      "type": "text",
      "text": "想要創造出煉金矩陣，手持$(item)奧術粉灰$()，面對方塊按下[$(k:use)]。這會消耗 1 耐久的$(item)奧術粉灰$()——它的耐久度總共 20 ——並繪制出一個$(thing)煉金矩陣$()。然而，煉金矩陣本身並無太大用處。$(bl2)當你手持物品右擊$(thing)煉金矩陣$()時，矩陣會消耗你手中的一個$(item)物品$()，並將其放置到矩陣當中。被置入的物品決定了$(thing)煉金矩陣$()的效果。"
    },
    {
      "type": "image",
      "images": [
        "bloodmagic:images/entries/alchemy_array/simple_array.png",
        "bloodmagic:images/entries/alchemy_array/divination_array_1.png",
        "bloodmagic:images/entries/alchemy_array/divination_array_2.png"
      ],
      "title": "煉金矩陣",
      "border": true,
      "text": "$(thing)煉金矩陣$()不同的狀態：未輸入；僅有$(item)基底$()；兼具$(item)基底$()以及$(item)催化劑$()。"
    },
    {
      "type": "text",
      "text": "每次鍊金都需要有兩種物品：基底和催化劑。在繪制了煉金矩陣之後，你第一個置入的物品便是基底，第二個置入的便是催化劑。當你向其中置入物品後，若該物品有效，則煉金矩陣的外觀會發生改變。一旦你再向其中加入催化劑，那麽矩陣便會開始運作。"
    },
    {
      "type": "text",
      "text": "盡管目前只有寥寥幾個儀式已經完善，但在模組完全完善後，你將可以進行眾多的儀式，從簡單的$(l:bloodmagic:alchemy_array/functional_arrays/crafting_array)創造矩陣$(/l)，一路到甚至能夠傳送的矩陣。"
    }
  ]
}
