{
  "name": "運動矩陣",
  "icon": "minecraft:feather",
  "category": "bloodmagic:alchemy_array/functional_array",
  "pages": [
    {
      "type": "text",
      "text": "運動矩陣是一對矩陣，它們可以以特定的方向拋飛玩家、實體、物品等對象。將玩家、生物、物品等指向特定方向。 一個會水平投擲物品，而另一個會垂直投擲。"
    },
    {
      "type": "2x_functional_array",
      "a.heading": "推進矩陣",
      "a.recipe": "bloodmagic:array/movement",
      "a.image": "movementarray.png",
      "b.heading": "上升矩陣",
      "b.recipe": "bloodmagic:array/updraft",
      "b.image": "updraftarray.png"
    }
  ]
}
