{
  "name": "位移矩陣",
  "icon": "minecraft:feather",
  "category": "bloodmagic:alchemy_array/functional_array",
  "pages": [
    {
      "type": "text",
      "text": "運動矩陣是一對矩陣，它們可以以特定的方向拋飛玩家、實體、物品等對象。其中的一種會將物品水平拋飛，另一種則是垂直拋飛。"
    },
    {
      "type": "2x_functional_array",
      "a.heading": "Speed Array",
      "a.recipe": "bloodmagic:array/movement",
      "a.image": "movementarray.png",
      "b.heading": "Updraft Array",
      "b.recipe": "bloodmagic:array/updraft",
      "b.image": "updraftarray.png"
    }
  ]
}
